tree
version=v4
num_class=1
num_tree_per_iteration=1
label_index=0
max_feature_idx=9
objective=regression
feature_names=microprice ofi vpin spread_bps realized_vol stat_arb_zscore regime_normal regime_high_tox regime_low_liq regime_trending
feature_infos=[-0.91807222366333008:1.3677622079849243] [-3:3] [0:0.39493808150291443] [-1.6429591178894043:1.8023680448532104] [-1.2855815887451172:3] [-3:3] none none none none
tree_sizes=2460 1921 2009 2375 1749 2252 2115 1917 2238 2234 2241 1742 2229 1948 2271 2232 1869 1849 2064 2020 1841 2443 2304 2153 2164 2449 2127 2244 2303 2553 2335 2206 2400 2360 2004 1980 2032 2158 2007 2207 2510 2286 2442 2119 2291 2345 2202 2145 2047 2159 2444 2395 2086 2464 2220 2331 1835 2183 2402 2193 2316 2263 1973 1953 1818 2539 2019 1911 2021 2474 1789 2013 2262 2306 2184 1915 2085 1743 2150 2138 2036 1989 2024 2103 2401 2229 2170 2250 2123 2030 2286 2108 2122 2178 2150 2044 2285 1884 2574 2098 2332 2108 2723 2162 2267 1838 2144 2221 1829 2371 1960 2161 2435 1992 1909 2189 2324 2258 2329 1838 2385 2070 2355 2317 2126 2312 2277 1992 2484 2249 2281 2763 2662 2352 2510 2097 1976 2015 2287 2410 2456 2091 2470 2973 1879 2192 2618 2185 2700 2579 2812 2395 2409 2951 2921 2167 2146 2438 2374 2660 2149 2159 1906 2320 2770 2997 2385 2590 2892 2508 2674 2504 2307 2680 2655 2750 2825 2705 2750 2746 2191 2232 2188 2774 1552 2359 2694 2692 2634 2692 1768 2595 3032 1753 2582 2552 2069 2320 2924 2698 2669 2713 2222 2825 1588 1952 2904 2469 1755 2762 2523 2719 2425 2754 2799 2784 2230 2229 2616 2797 2646 2176 2072 2642 2308 1745 1859 2359 2611 2863 2289 2472 2469 2661 2087 2142 2686 2432 2733 2445 2349 2973 2997 2540 1860 1875 1667 2586 2433 1928 2494 2755 2474 2736 1724 2780 2224 2693 2833 2423 2793 1708 2705 2791 2755 1886 2682 2514 1777 1981 1948 2711 1645 1613 2982 1380 1442 1795 1801 1802 1448 2969 2514 1531 1943 2726

Tree=0
num_leaves=23
num_cat=0
split_feature=5 5 4 5 2 2 4 5 2 4 2 4 2 4 0 4 2 2 4 2 2 2
split_gain=0.000364085 0.000178759 4.45552e-05 2.63259e-05 1.06492e-05 9.73282e-06 9.23155e-06 1.07783e-05 7.30236e-06 7.12063e-06 6.60408e-06 5.65013e-06 4.22219e-06 3.35413e-06 3.17011e-06 2.98942e-06 2.51122e-06 1.85654e-06 1.32147e-06 1.79036e-07 7.75485e-08 1.07436e-08
threshold=1.4056688547134402 -1.3992488980293272 -0.046104146167635911 1.9281420707702639 0.24565702676773074 0.19769876450300219 2.9999792575836186 -1.9065061211585996 0.34416165947914129 0.17321790754795077 0.38618315756320959 -0.47126354277133936 0.18969416618347171 1.5634295940399172 -0.83550119400024403 -0.48106317222118372 0.22717908769845965 0.19532891362905505 0.016690996475517753 0.25548927485942846 0.34017753601074224 0.31708136200904852
decision_type=2 2 2 2 2 2 2 2 2 2 2 2 2 2 2 2 2 2 2 2 2 2
left_child=1 6 4 11 16 18 7 12 -6 -7 15 19 -1 17 -9 -5 -3 -13 -4 -2 -21 -15
right_child=3 2 5 10 8 9 -8 14 -10 -11 -12 13 -14 21 -16 -17 -18 -19 -20 20 -22 -23
leaf_value=5.4559176440443513e-06 5.4559176440443513e-06 5.324077400987043e-06 5.4559176440443513e-06 5.4559176440443513e-06 5.0725979516995622e-06 5.5438780148594306e-06 5.4559176440443513e-06 5.4559176440443513e-06 5.5128134181881821e-06 5.8824897161826368e-06 5.4559176440443513e-06 5.4559176440443513e-06 4.3055165787556257e-06 5.4889223200677158e-06 4.7807171118406664e-06 6.5949965000290058e-06 5.4947297706700186e-06 6.1019840558724656e-06 4.9632107470098411e-06 5.5748645454691337e-06 5.4559176440443513e-06 5.4559176440443513e-06
leaf_weight=1551 4287 66862 2071 1134 116795 64884 3667 2668 8523 73359 314 1525 66277 3945 67551 72714 45593 80285 5975 7254 1132 2065
leaf_count=1551 4287 66862 2071 1134 116795 64884 3667 2668 8523 73359 314 1525 66277 3945 67551 72714 45593 80285 5975 7254 1132 2065
internal_value=5.45592e-06 5.19248e-06 5.42193e-06 6.24644e-06 5.24845e-06 5.69022e-06 4.58476e-06 4.55824e-06 5.1185e-06 5.73803e-06 6.56065e-06 5.99465e-06 4.32975e-06 6.05413e-06 4.80745e-06 6.57903e-06 5.41105e-06 6.0888e-06 5.11742e-06 5.45592e-06 5.54833e-06 5.45592e-06
internal_weight=700431 525776 384062 174655 237773 146289 141714 138047 125318 138243 74162 100493 67828 87820 70219 73848 112455 81810 8046 12673 8386 6010
internal_count=700431 525776 384062 174655 237773 146289 141714 138047 125318 138243 74162 100493 67828 87820 70219 73848 112455 81810 8046 12673 8386 6010
is_linear=0
shrinkage=1


Tree=1
num_leaves=20
num_cat=0
split_feature=5 5 5 5 2 5 2 0 0 2 2 2 2 2 0 5 2 2 2
split_gain=0.000349835 0.000171818 2.50693e-05 8.56314e-06 6.45219e-06 5.07357e-06 3.71983e-06 2.6179e-06 2.42765e-06 1.91911e-06 1.90956e-06 1.56687e-06 4.82606e-06 1.52456e-06 1.37904e-06 1.20956e-06 7.24246e-07 4.25269e-07 2.29167e-07
threshold=1.4056688547134402 -1.3992488980293272 1.9281420707702639 -1.9065061211585996 0.38618315756320959 -0.95464482903480519 0.18466155976057055 -0.83550119400024403 -0.83550119400024403 0.18808144330978396 0.38919854164123541 0.26029770076274877 0.3085837215185166 0.38169445097446447 -0.81811025738716114 1.5524643063545229 0.3164959996938706 0.21790298074483874 0.37443275749683386
decision_type=2 2 2 2 2 2 2 2 2 2 2 2 2 2 2 2 2 2 2
left_child=1 3 9 6 -4 13 -1 -5 -8 -2 -9 14 -13 17 -7 16 -11 -3 -17
right_child=2 5 4 7 -6 11 8 10 -10 15 -12 12 -14 -15 -16 18 -18 -19 -20
leaf_value=0 0 0 1.1006819119639051e-06 0 0 1.127861711385503e-07 0 -6.5630920500923012e-07 -1.0992376939324245e-06 3.1179178274531093e-07 0 -1.4607294937436947e-07 7.9965114600823649e-08 0 0 6.3904324502427755e-07 0 -2.6039577238682469e-07 0
leaf_weight=806 1057 13450 73848 2706 314 64100 1974 68447 67495 25131 286 91817 52274 946 113841 66675 4451 47634 3179
leaf_count=806 1057 13450 73848 2706 314 64100 1974 68447 67495 25131 286 91817 52274 946 113841 66675 4451 47634 3179
internal_value=0 -2.58144e-07 7.74981e-07 -8.53956e-07 1.08239e-06 -3.30894e-08 -1.06091e-06 -6.22376e-07 -1.07704e-06 5.28216e-07 -6.46403e-07 0 -5.01897e-08 -1.98736e-07 3.85021e-08 5.38236e-07 2.69804e-07 -2.2381e-07 6.23281e-07
internal_weight=700431 525776 174655 141714 74162 384062 70275 71439 69469 100493 68733 322032 144091 62030 177941 99436 29582 61084 69854
internal_count=700431 525776 174655 141714 74162 384062 70275 71439 69469 100493 68733 322032 144091 62030 177941 99436 29582 61084 69854
is_linear=0
shrinkage=0.02


Tree=2
num_leaves=20
num_cat=0
split_feature=1 5 1 5 5 5 1 1 0 5 2 1 1 5 2 1 0 5 0
split_gain=0.000942845 0.000192584 9.40755e-05 4.50484e-05 1.76955e-05 1.70304e-05 1.34663e-05 1.1264e-05 1.08222e-05 8.01223e-06 4.32337e-06 3.83371e-06 2.48146e-06 2.09248e-06 1.83293e-06 9.69014e-07 5.69563e-07 5.60327e-07 2.41444e-08
threshold=-0.0041419148910790673 1.3638594746589663 -0.0073362695984542361 -1.3992488980293272 -1.7966986894607542 1.9099624156951907 -0.38251531124114985 -0.0030996017158031459 -0.83550119400024403 -1.4199540615081785 0.35104535520076757 -0.081132266670465455 -0.27149467170238489 0.70304545760154735 0.31471540033817297 -0.0032879544887691732 -0.82843995094299305 -2.7416384220123287 1.235261917114258
decision_type=2 2 2 2 2 2 2 2 2 2 2 2 2 2 2 2 2 2 2
left_child=1 2 3 8 15 12 -5 -6 -1 16 11 -7 18 -11 -14 -2 -4 -17 -3
right_child=4 5 9 6 7 10 -8 -9 -10 13 -12 -13 14 -15 -16 17 -18 -19 -20
leaf_value=0 0 -3.5121148270950784e-07 0 -1.3271389892998425e-06 4.7759925894697283e-07 0 -5.7763719729449009e-07 1.3034748513366829e-06 -1.2731072695449595e-06 1.3019212786537295e-08 0 7.3484096695288728e-07 1.7125854068636153e-07 -1.759941695172545e-07 0 0 -4.84582848338489e-07 3.2296522471869245e-07 0
leaf_weight=4348 1023 3422 1577 15371 15145 3651 179590 165756 90791 59291 2126 35576 52077 28568 8275 1125 24005 8513 201
leaf_count=4348 1023 3422 1577 15371 15145 3651 179590 165756 90791 59291 2126 35576 52077 28568 8275 1125 24005 8513 201
internal_value=0 -4.50693e-07 -6.5105e-07 -8.43524e-07 1.19548e-06 2.97941e-07 -6.46988e-07 1.24539e-06 -1.22525e-06 -1.41212e-07 6.2101e-07 6.71297e-07 5.78493e-08 -2.56763e-08 1.14716e-07 1.60968e-07 -4.59825e-07 2.62444e-07 -3.37403e-07
internal_weight=700431 508869 403541 290100 191562 105328 194961 180901 95139 113441 41353 39227 63975 87859 60352 10661 25582 9638 3623
internal_count=700431 508869 403541 290100 191562 105328 194961 180901 95139 113441 41353 39227 63975 87859 60352 10661 25582 9638 3623
is_linear=0
shrinkage=0.02


Tree=3
num_leaves=24
num_cat=0
split_feature=1 5 1 4 4 5 5 5 1 5 4 1 4 1 4 4 4 1 5 5 5 4 1
split_gain=0.000906192 0.000185004 9.03099e-05 5.61233e-05 4.2936e-05 2.55119e-05 2.09256e-05 1.63777e-05 9.48157e-06 7.72917e-06 4.15199e-06 4.06916e-06 3.15936e-06 2.38402e-06 2.33045e-06 2.26635e-06 9.88881e-07 7.01318e-07 6.54481e-07 6.49261e-07 4.65286e-07 2.46676e-07 1.04661e-08
threshold=-0.0041419148910790673 1.3638594746589663 -0.0073362695984542361 -0.45045319199562067 -0.45045319199562067 -1.2837833166122434 -1.8184449076652525 1.9099624156951907 -0.0030996017158031459 -1.2630876898765562 -0.1157933473587036 -0.081132266670465455 -0.47126354277133936 -0.27149467170238489 -0.15949255973100659 1.324047923088074 -0.52954259514808644 -0.0032879544887691732 1.5524643063545229 0.32490445673465734 -2.7416384220123287 -0.37862834334373469 -0.32320049405097956
decision_type=2 2 2 2 2 2 2 2 2 2 2 2 2 2 2 2 2 2 2 2 2 2 2
left_child=1 2 3 12 19 -5 17 13 21 15 -11 -9 -1 22 -10 -4 -13 -6 -15 -2 -19 -8 -3
right_child=4 7 9 5 6 -7 8 11 14 10 -12 16 -14 18 -16 -17 -18 20 -20 -21 -22 -23 -24
leaf_value=-3.4880983353784913e-07 0 -3.4677835001129093e-07 -4.7495740202723932e-07 -1.2691644325155661e-06 0 -7.6146255839941961e-07 0 0 1.0622880383914455e-06 -1.7471610988556875e-07 9.9035832215790908e-08 0 0 0 1.5193710039491343e-06 0 6.8440429906450335e-07 0 1.668563707153528e-07 2.9889423427116045e-07 2.8727046894141651e-07 5.4503051890885082e-07 0
leaf_weight=45939 8868 3331 27292 92749 948 133379 802 3884 44379 41470 41768 475 18033 23873 103425 2911 36994 1125 36479 12080 7785 12150 292
leaf_count=45939 8868 3331 27292 92749 948 133379 802 3884 44379 41470 41768 475 18033 23873 103425 2911 36994 1125 36479 12080 7785 12150 292
internal_value=0 -4.41978e-07 -6.38382e-07 -8.26997e-07 1.17188e-06 -9.78547e-07 1.27975e-06 2.91512e-07 1.3376e-06 -1.3841e-07 -1.33227e-08 6.08366e-07 -2.60032e-07 5.54369e-08 1.39566e-06 -4.16927e-07 6.72246e-07 1.33548e-07 1.11761e-07 1.9779e-07 2.26311e-07 5.20621e-07 -3.30769e-07
internal_weight=700431 508869 403541 290100 191562 226128 170614 105328 160756 113441 83238 41353 63972 63975 147804 30203 37469 9858 60352 20948 8910 12952 3623
internal_count=700431 508869 403541 290100 191562 226128 170614 105328 160756 113441 83238 41353 63972 63975 147804 30203 37469 9858 60352 20948 8910 12952 3623
is_linear=0
shrinkage=0.02


Tree=4
num_leaves=16
num_cat=0
split_feature=1 1 1 0 1 3 1 2 1 2 2 1 2 1 0
split_gain=0.000871359 9.14002e-05 2.81984e-05 1.45908e-05 1.39342e-05 1.32376e-05 9.80364e-06 8.85776e-06 1.04371e-05 1.01423e-05 6.07805e-06 5.1035e-06 2.61423e-06 1.28334e-06 8.82152e-07
threshold=-0.0041419148910790673 -0.010131907183676956 -0.32320049405097956 -0.83550119400024403 -0.0030996017158031459 -0.014214442577213047 -0.045517876744270318 0.25830316543579107 -0.0059062461368739596 0.22911778092384341 0.2490995451807976 -0.0062610872555524102 0.38847307860851293 0.0021756297210231428 -0.7987534999847411
decision_type=2 2 2 2 2 2 2 2 2 2 2 2 2 2 2
left_child=1 2 -1 6 -2 -5 -4 9 12 11 -11 -3 -9 -6 -10
right_child=4 7 3 5 13 -7 -8 8 14 10 -12 -13 -14 -15 -16
leaf_value=-1.2788445972808967e-06 3.8437311850906053e-07 -1.3513278685729209e-07 -5.7607698364451607e-07 -3.9536327960597092e-07 1.4879140021723794e-06 -7.4454499512514391e-07 3.4221045095081517e-07 -4.9922763372773184e-07 -1.112143667246852e-07 7.5115076152372344e-07 0 2.4564295992917789e-07 0 1.0929165012396523e-06 2.7581877168481334e-08
leaf_weight=30681 16314 65866 7857 106762 46456 155597 11220 40285 26807 11490 5435 15761 2295 128792 28813
leaf_count=30681 16314 65866 7857 106762 46456 155597 11220 40285 26807 11490 5435 15761 2295 128792 28813
internal_value=0 -4.33287e-07 -6.47135e-07 -5.71162e-07 1.14925e-06 -6.10075e-07 0 -8.38851e-08 -2.21554e-07 3.29985e-08 4.89282e-07 -3.71086e-08 -4.59605e-07 1.20904e-06 -3.35518e-09
internal_weight=700431 508869 312117 281436 191562 262359 19077 196752 98200 98552 16925 81627 42580 175248 55620
internal_count=700431 508869 312117 281436 191562 262359 19077 196752 98200 98552 16925 81627 42580 175248 55620
is_linear=0
shrinkage=0.02


Tree=5
num_leaves=22
num_cat=0
split_feature=1 1 4 4 1 0 1 2 2 1 4 1 2 4 2 4 0 4 1 4 2
split_gain=0.000832646 8.69615e-05 4.21393e-05 3.46465e-05 1.40363e-05 1.31449e-05 1.25995e-05 7.4247e-06 9.76915e-06 9.10404e-06 6.34773e-06 5.13163e-06 4.83871e-06 4.41297e-06 2.54146e-06 2.27966e-06 1.60884e-06 9.28651e-07 2.01382e-07 1.57945e-07 8.23704e-08
threshold=-0.0041419148910790673 -0.010131907183676956 -0.45045319199562067 -0.45045319199562067 -0.32320049405097956 -0.83550119400024403 -0.0030996017158031459 0.25830316543579107 0.22911778092384341 -0.0059062461368739596 -0.096251688897609697 -0.0062610872555524102 0.24737173318862918 2.9999792575836186 0.38847307860851293 -0.47126354277133936 -0.83293744921684254 -0.17505501955747602 -0.0032879544887691732 -0.37862834334373469 0.22801784425973895
decision_type=2 2 2 2 2 2 2 2 2 2 2 2 2 2 2 2 2 2 2 2 2
left_child=1 3 18 15 13 -6 19 8 11 14 -11 -3 -10 -5 -9 16 -1 -8 -2 -4 -17
right_child=2 7 6 4 5 -7 17 9 12 10 -12 -13 -14 -15 -16 20 -18 -19 -20 -21 -22
leaf_value=0 0 -1.4465332744715543e-07 0 -1.3137595723401222e-06 0 -7.1037450393595918e-07 9.7089757743043111e-07 -4.7162369416001177e-07 7.8798166216375845e-07 -2.5740273134547257e-07 1.6414032110881781e-07 2.3359463830757861e-07 0 0 0 -6.5688946849332022e-08 -3.0692836407089417e-07 1.3920128462203895e-06 1.8253411450491812e-07 4.2858026142383113e-07 2.2155177376534235e-08
leaf_weight=5879 2077 65400 829 26381 13959 206397 42702 40077 9208 26603 28829 15762 7703 1080 2243 6000 38500 113719 18944 13158 14378
leaf_count=5879 2077 65400 829 26381 13959 206397 42702 40077 9208 26603 28829 15762 7703 1080 2243 6000 38500 113719 18944 13158 14378
internal_value=0 -4.24966e-07 1.1226e-06 -6.33045e-07 -7.43658e-07 -6.69928e-07 1.22938e-06 -8.26186e-08 2.26252e-08 -2.08668e-07 -2.08711e-09 -4.65537e-08 4.72904e-07 -1.26246e-06 -4.31994e-07 -1.78854e-07 -2.59277e-07 1.28984e-06 1.61848e-07 4.10217e-07 0
internal_weight=699828 508399 191429 312574 247817 220356 170408 195825 98073 97752 55432 81162 16911 27461 42320 64757 44379 156421 21021 13987 20378
internal_count=699828 508399 191429 312574 247817 220356 170408 195825 98073 97752 55432 81162 16911 27461 42320 64757 44379 156421 21021 13987 20378
is_linear=0
shrinkage=0.02


Tree=6
num_leaves=21
num_cat=0
split_feature=1 1 4 4 1 0 1 4 1 4 3 4 0 4 3 3 4 1 4 3
split_gain=0.000800477 8.36433e-05 4.02986e-05 3.31969e-05 1.33279e-05 1.25585e-05 1.18635e-05 4.96107e-06 4.37549e-06 4.23696e-06 4.22826e-06 2.18694e-06 2.115e-06 1.56698e-06 9.07332e-07 8.6609e-07 6.59936e-07 1.94291e-07 1.47733e-07 6.79028e-08
threshold=-0.0041419148910790673 -0.010131907183676956 -0.45045319199562067 -0.45045319199562067 -0.32320049405097956 -0.83550119400024403 -0.0030996017158031459 -0.1157933473587036 -0.0059062461368739596 2.9999792575836186 -0.014311873354017733 -0.47126354277133936 1.2293903827667239 -0.60703358054161061 -0.01096379943192005 1.5472643971443178 -0.15640587359666822 -0.0032879544887691732 -0.37862834334373469 -0.018717817962169644
decision_type=2 2 2 2 2 2 2 2 2 2 2 2 2 2 2 2 2 2 2 2
left_child=1 3 17 11 9 -6 18 12 10 -5 -9 13 15 -1 -10 -3 -8 -2 -4 -13
right_child=2 7 6 4 5 -7 16 8 14 -11 -12 19 -14 -15 -16 -17 -18 -19 -20 -21
leaf_value=0 0 -2.3231623325200945e-07 0 -1.2874844928387549e-06 0 -6.9616702186676756e-07 9.6871598415084333e-07 1.5775714164850156e-07 2.9875108241860305e-07 0 -1.769100109507142e-07 -4.8488499763476834e-08 0 -3.1701257679334358e-07 0 0 1.371228374735021e-06 1.7888345605538721e-07 4.2000871486817278e-07 2.5785979313645739e-08
leaf_weight=9663 2077 82447 829 26381 13959 206397 46524 15273 19328 1080 54294 8072 4388 34716 14351 5744 109897 18944 13158 12306
leaf_count=9663 2077 82447 829 26381 13959 206397 46524 15273 19328 1080 54294 8072 4388 34716 14351 5744 109897 18944 13158 12306
internal_value=0 -4.16598e-07 1.10078e-06 -6.20685e-07 -7.29028e-07 -6.56621e-07 1.20527e-06 -8.06229e-08 0 -1.23722e-06 -7.46866e-08 -1.75181e-07 -1.87574e-07 -2.53952e-07 2.01109e-07 -2.15702e-07 1.2643e-06 1.58558e-07 4.02153e-07 0
internal_weight=699828 508399 191429 312574 247817 220356 170408 195825 103246 27461 69567 64757 92579 44379 33679 88191 156421 21021 13987 20378
internal_count=699828 508399 191429 312574 247817 220356 170408 195825 103246 27461 69567 64757 92579 44379 33679 88191 156421 21021 13987 20378
is_linear=0
shrinkage=0.02


Tree=7
num_leaves=19
num_cat=0
split_feature=1 5 1 5 5 5 5 1 0 1 1 1 5 1 5 1 3 1
split_gain=0.000769532 0.000172235 7.63289e-05 3.08767e-05 1.77813e-05 1.48911e-05 1.37971e-05 1.1167e-05 9.8602e-06 8.31536e-06 2.88622e-06 1.40846e-06 1.36237e-06 1.10251e-06 7.99298e-07 6.29989e-07 4.81337e-07 1.35385e-09
threshold=-0.0041419148910790673 1.3917530179023745 -0.0084880236536264402 -1.3992488980293272 -1.7152880430221555 1.8622004985809328 -1.2837833166122434 -0.4755482673645019 -0.83550119400024403 -0.0030996017158031459 -0.4755482673645019 -0.27149467170238489 0.78050038218498241 -0.0032879544887691732 -2.5857044458389278 -0.006835649022832512 -1.5737095475196836 -0.32320049405097956
decision_type=2 2 2 2 2 2 2 2 2 2 2 2 2 2 2 2 2 2
left_child=1 2 3 8 13 11 16 -5 -1 -6 -7 17 -8 -2 -15 -13 -4 -3
right_child=4 5 6 7 9 10 12 -9 -10 -11 -12 15 -14 14 -16 -17 -18 -19
leaf_value=0 0 -1.9558811092248269e-07 0 -1.276396792252978e-06 4.2948580322933617e-07 0 0 -5.4893370286876751e-07 -1.1760211621977855e-06 1.1856006789757295e-06 6.2511378688376568e-07 1.6186184676736475e-07 -1.5263667615094514e-07 0 3.2530011007588479e-07 0 -5.3956098190215521e-07 0
leaf_weight=4417 1178 2919 1506 14158 14961 1594 68093 168117 83987 163940 43898 33724 31422 1624 9726 18617 35687 260
leaf_count=4417 1178 2919 1506 14158 14961 1594 68093 168117 83987 163940 43898 33724 31422 1624 9726 18617 35687 260
internal_value=0 -4.08364e-07 -5.93405e-07 -7.90441e-07 1.07939e-06 3.18118e-07 -1.88648e-07 -6.16412e-07 -1.12664e-06 1.13355e-06 5.93041e-07 5.68274e-08 -4.33629e-08 1.46394e-07 2.50021e-07 1.09846e-07 -5.23604e-07 -1.86965e-07
internal_weight=699828 508399 407387 270679 191429 101012 136708 182275 88404 178901 45492 55520 99515 12528 11350 52341 37193 3179
internal_count=699828 508399 407387 270679 191429 101012 136708 182275 88404 178901 45492 55520 99515 12528 11350 52341 37193 3179
is_linear=0
shrinkage=0.02


Tree=8
num_leaves=22
num_cat=0
split_feature=1 1 4 4 3 3 3 1 2 2 1 4 1 2 2 2 4 4 1 4 2
split_gain=0.000739612 7.75625e-05 3.87774e-05 3.17372e-05 1.25473e-05 3.40153e-05 1.2434e-05 1.0589e-05 7.09349e-06 9.40319e-06 8.4602e-06 5.84998e-06 4.87311e-06 4.56566e-06 2.4298e-06 2.11481e-06 1.79803e-06 6.65669e-07 1.58038e-07 1.42435e-07 1.10622e-07
threshold=-0.0041419148910790673 -0.010131907183676956 -0.45045319199562067 -0.45045319199562067 0.0078098736703395852 -0.014413633383810518 0.16808518767356875 -0.0030996017158031459 0.25830316543579107 0.22911778092384341 -0.0059062461368739596 -0.096251688897609697 -0.0062610872555524102 0.24737173318862918 0.38847307860851293 0.24308220297098163 -0.60703358054161061 -0.17505501955747602 -0.0032879544887691732 -0.37862834334373469 0.23161481320858004
decision_type=2 2 2 2 2 2 2 2 2 2 2 2 2 2 2 2 2 2 2 2 2
left_child=1 3 18 15 5 -5 -6 19 9 12 14 -12 -3 -11 -10 20 -17 -9 -2 -4 -1
right_child=2 8 7 4 6 -7 -8 17 10 13 11 -13 -14 -15 -16 16 -18 -19 -20 -21 -22
leaf_value=-5.8027645471535365e-08 0 -1.3736586962993934e-07 0 -4.6853832344026252e-07 0 -1.0743106659338969e-06 -5.6635968558834439e-07 9.0911012242898808e-07 -4.5430783802810703e-07 7.7422892690507984e-07 -2.4646528211302807e-07 1.5847070119908828e-07 2.3236936622721689e-07 0 0 0 -3.4788178482443091e-07 1.3147424995639916e-06 1.5226871264968678e-07 4.0375944245920859e-07 0
leaf_weight=13141 2077 65400 829 86470 17549 97094 46704 42702 40077 9208 26603 28829 15762 7703 2243 9482 26816 113719 18944 13158 15318
leaf_count=13141 2077 65400 829 86470 17549 97094 46704 42702 40077 9208 26603 28829 15762 7703 2243 9482 26816 113719 18944 13158 15318
internal_value=0 -4.00463e-07 1.05808e-06 -5.97018e-07 -7.02862e-07 -7.9985e-07 -3.9465e-07 1.16037e-06 -7.651e-08 2.6327e-08 -2.00145e-07 0 -4.09195e-08 4.67331e-07 -4.1532e-07 -1.61078e-07 -2.63806e-07 1.21679e-06 1.33745e-07 3.86376e-07 0
internal_weight=699828 508399 191429 312574 247817 183564 64253 170408 195825 98073 97752 55432 81162 16911 42320 64757 36298 156421 21021 13987 28459
internal_count=699828 508399 191429 312574 247817 183564 64253 170408 195825 98073 97752 55432 81162 16911 42320 64757 36298 156421 21021 13987 28459
is_linear=0
shrinkage=0.02


Tree=9
num_leaves=23
num_cat=0
split_feature=5 5 4 5 2 2 4 5 2 4 2 4 4 4 2 4 2 4 4 2 2 2
split_gain=0.000276732 0.000134692 3.61251e-05 2.01103e-05 9.91568e-06 8.72822e-06 8.32093e-06 9.49433e-06 6.79413e-06 6.28226e-06 4.98936e-06 4.74185e-06 4.62368e-06 2.80155e-06 2.79325e-06 2.61756e-06 2.12293e-06 1.44468e-06 1.31945e-06 3.56306e-08 4.69191e-08 2.01176e-09
threshold=1.4192795157432558 -1.3992488980293272 -0.036353329196572297 1.9281420707702639 0.19769876450300219 0.24565702676773074 2.9999792575836186 -1.9065061211585996 0.34416165947914129 0.17321790754795077 0.38618315756320959 -0.47126354277133936 1.197090804576874 -0.46092909574508661 0.22717908769845965 -0.47724793851375574 0.19532891362905505 -0.48366990685462946 0.0131854759529233 0.25548927485942846 0.34017753601074224 0.27489407360553747
decision_type=2 2 2 2 2 2 2 2 2 2 2 2 2 2 2 2 2 2 2 2 2 2
left_child=1 6 5 11 18 14 7 17 -7 -6 15 19 16 -9 -3 -5 -13 -1 -4 -2 -21 -14
right_child=3 2 4 10 9 8 -8 13 -10 -11 -12 12 21 -15 -16 -17 -18 -19 -20 20 -22 -23
leaf_value=0 0 -1.265550858967779e-07 0 0 7.326830119672876e-08 -3.4222099911826568e-07 0 0 8.9287241670221131e-08 3.9836811656068788e-07 0 0 1.452899118777158e-08 -6.0673185112686158e-07 5.7819719666695779e-08 1.0055132724288261e-06 5.8284697396949569e-07 -1.0056253494858315e-06 -5.2711282205093403e-07 6.9056705963332896e-08 0 0
leaf_weight=995 4024 68724 1617 1245 61350 119780 3679 10078 8610 74083 298 1468 3812 60421 46572 72408 75833 66788 5997 6924 1053 4069
leaf_count=995 4024 68724 1617 1245 61350 119780 3679 10078 8610 74083 298 1468 3812 60421 46572 72408 75833 66788 5997 6924 1053 4069
internal_value=0 -2.27674e-07 -2.88674e-08 6.97625e-07 2.17153e-07 -1.81492e-07 -7.55178e-07 -7.80727e-07 -2.97706e-07 2.65868e-07 9.74072e-07 4.66684e-07 5.20332e-07 -5.47361e-07 -3.47332e-08 9.89824e-07 5.67692e-07 -9.93938e-07 -3.86685e-07 0 4.22687e-08 0
internal_weight=699828 528694 386733 171134 143047 243686 141961 138282 128390 135433 73951 97183 85182 70499 115296 73653 77301 67783 7614 12001 7977 7881
internal_count=699828 528694 386733 171134 143047 243686 141961 138282 128390 135433 73951 97183 85182 70499 115296 73653 77301 67783 7614 12001 7977 7881
is_linear=0
shrinkage=0.02


Tree=10
num_leaves=22
num_cat=0
split_feature=1 1 4 4 1 2 1 2 1 2 4 2 1 4 2 2 3 2 1 4 4
split_gain=0.000711255 7.48239e-05 3.73245e-05 2.93655e-05 1.20423e-05 1.06061e-05 9.38031e-06 6.95463e-06 8.94042e-06 8.41332e-06 4.91682e-06 4.22806e-06 4.21476e-06 3.72141e-06 2.58945e-06 1.8465e-06 1.56963e-06 2.52315e-07 1.25001e-07 1.13913e-07 5.02831e-08
threshold=-0.0041419148910790673 -0.010131907183676956 -0.45045319199562067 -0.4251201450824737 -0.32320049405097956 0.28437720239162451 -0.0030996017158031459 0.25830316543579107 -0.0059062461368739596 0.22861430048942569 -0.096251688897609697 0.24737173318862918 -0.0062610872555524102 2.9999792575836186 0.38847307860851293 0.24197011440992358 0.019835521467030052 0.23161481320858004 -0.0032879544887691732 -0.37862834334373469 -0.17505501955747602
decision_type=2 2 2 2 2 2 2 2 2 2 2 2 2 2 2 2 2 2 2 2 2
left_child=1 3 18 15 13 -6 19 9 14 12 -10 -11 -3 -5 -9 17 -17 -1 -2 -4 -8
right_child=2 7 6 4 5 -7 20 8 10 11 -12 -13 -14 -15 -16 16 -18 -19 -20 -21 -22
leaf_value=-8.5870825904794508e-08 0 -1.2768602569950149e-07 0 -1.2299845557439059e-06 -5.2844528941788017e-07 -9.8575857235149349e-07 8.9426911275745279e-07 -4.5697613236970236e-07 -2.2290363679070676e-07 7.0826561565166454e-07 1.4987536054933162e-07 0 2.161704531967061e-07 0 0 -3.7944505414468464e-07 0 0 1.4492239479092594e-07 4.0395653388902015e-07 1.2850717109995978e-06
leaf_weight=13687 2135 65006 814 25912 176665 39182 42843 40077 26466 10027 29014 7745 15654 1059 2257 24844 14467 15855 18884 13149 114353
leaf_count=13687 2135 65006 814 25912 176665 39182 42843 40077 26466 10027 29014 7745 15654 1059 2257 24844 14467 15855 18884 13149 114353
internal_value=0 -3.91001e-07 1.03747e-06 -5.84629e-07 -6.9136e-07 -6.20726e-07 1.13742e-06 -7.32954e-08 -1.9599e-07 2.83102e-08 0 4.33435e-07 -3.61569e-08 -1.18248e-06 -4.16205e-07 -1.7918e-07 -2.739e-07 0 1.28415e-07 3.87821e-07 1.19128e-06
internal_weight=700095 507917 192178 311671 242818 215847 171159 196246 97814 98432 55480 17772 80660 26971 42334 68853 39311 29542 21019 13963 157196
internal_count=700095 507917 192178 311671 242818 215847 171159 196246 97814 98432 55480 17772 80660 26971 42334 68853 39311 29542 21019 13963 157196
is_linear=0
shrinkage=0.02


Tree=11
num_leaves=18
num_cat=0
split_feature=5 5 5 5 2 2 5 0 2 2 0 2 2 2 2 5 2
split_gain=0.000265351 0.000131181 2.08669e-05 7.11455e-06 5.11463e-06 4.02507e-06 3.49271e-06 3.13886e-06 1.65195e-06 1.44126e-06 1.42994e-06 1.21301e-06 3.77204e-06 1.2103e-06 1.1495e-06 9.18217e-07 7.07152e-07
threshold=1.4056688547134402 -1.3992488980293272 1.9281420707702639 -1.8409551382064817 0.38618315756320959 0.18466155976057055 -0.95464482903480519 -0.83550119400024403 0.19167646020650866 0.38919854164123541 -0.83550119400024403 0.26029770076274877 0.3085837215185166 0.37443275749683386 0.38169445097446447 0.99326771497726452 0.21790298074483874
decision_type=2 2 2 2 2 2 2 2 2 2 2 2 2 2 2 2 2
left_child=1 3 8 5 -4 -1 14 -7 -2 10 -5 15 -13 -10 16 -8 -3
right_child=2 6 4 9 -6 7 11 -9 13 -11 -12 12 -14 -15 -16 -17 -18
leaf_value=0 0 0 9.7469024206779242e-07 0 0 0 0 -9.4905826517191832e-07 4.7766547984009853e-07 0 -5.3345284305337196e-07 -1.2840956784552646e-07 7.0185451086690815e-08 0 0 1.1954635904974996e-07 -2.2396989721424074e-07
leaf_weight=900 1732 13361 73721 2490 316 2197 136246 75546 93985 260 60554 91524 52239 4727 988 41622 47687
leaf_count=900 1732 13361 73721 2490 316 2197 136246 75546 93985 260 60554 91524 52239 4727 988 41622 47687
internal_value=0 -2.23251e-07 6.76887e-07 -7.43264e-07 9.58297e-07 -9.10386e-07 -2.56468e-08 -9.26881e-07 4.49549e-07 -5.04051e-07 -5.14062e-07 0 -4.23345e-08 4.60797e-07 -1.6306e-07 3.57675e-08 -1.85878e-07
internal_weight=700095 525614 174481 141947 74037 78643 383667 77743 100444 63304 63044 321631 143763 98712 62036 177868 61048
internal_count=700095 525614 174481 141947 74037 78643 383667 77743 100444 63304 63044 321631 143763 98712 62036 177868 61048
is_linear=0
shrinkage=0.02


Tree=12
num_leaves=22
num_cat=0
split_feature=1 1 4 4 0 3 1 1 4 1 3 0 3 4 0 3 3 1 4 4 4
split_gain=0.00067915 7.14093e-05 3.53976e-05 2.78499e-05 1.20683e-05 1.34937e-05 1.18131e-05 8.78306e-06 4.4475e-06 4.0042e-06 3.50628e-06 2.17742e-06 9.70896e-07 8.57345e-07 1.13946e-06 6.01419e-07 2.70611e-07 1.20575e-07 1.10918e-07 1.89622e-08 5.02961e-09
threshold=-0.0041419148910790673 -0.010131907183676956 -0.45045319199562067 -0.4251201450824737 -0.83550119400024403 -0.014565916266292332 -0.045517876744270318 -0.0030996017158031459 -0.1157933473587036 -0.0059062461368739596 -0.013833564706146715 1.2293903827667239 -0.01096379943192005 -0.47126354277133936 -0.83293744921684254 1.5472643971443178 -0.018313495442271229 -0.0032879544887691732 -0.37862834334373469 -0.15345040708780286 -0.47316445410251612
decision_type=2 2 2 2 2 2 2 2 2 2 2 2 2 2 2 2 2 2 2 2 2
left_child=1 3 17 13 6 -6 -5 18 11 10 -10 15 -11 14 -1 -3 -15 -2 -4 -9 -13
right_child=2 8 7 4 5 -7 -8 19 9 12 -12 20 -14 16 -16 -17 -18 -19 -20 -21 -22
leaf_value=0 0 -2.1735105219391538e-07 0 -7.0688391909658321e-07 -4.5026172950020671e-07 -8.4513134663076453e-07 4.2620716095814697e-07 8.895112781065388e-07 1.2142819545022367e-07 2.9422274868700943e-07 -1.6626484686476263e-07 0 0 -1.0357495501454239e-07 -2.7533841026528122e-07 0 0 1.4161371839916043e-07 3.9291727512129677e-07 1.2638039408440628e-06 2.4964553264879033e-08
leaf_weight=5925 2135 82370 814 6684 82619 145889 7626 47381 17393 19471 52472 1133 14431 10090 38430 5748 14408 18884 13149 109815 3228
leaf_count=5925 2135 82370 814 6684 82619 145889 7626 47381 17393 19471 52472 1133 14431 10090 38430 5748 14408 18884 13149 109815 3228
internal_value=0 -3.82052e-07 1.01381e-06 -5.71233e-07 -6.7528e-07 -7.11116e-07 0 1.11123e-06 -7.14106e-08 1.86143e-10 -6.60166e-08 -1.73373e-07 1.95609e-07 -1.75252e-07 -2.3539e-07 -2.03543e-07 0 1.25391e-07 3.77103e-07 1.16371e-06 0
internal_weight=700095 507917 192178 311671 242818 228508 14310 171159 196246 103767 69865 92479 33902 68853 44355 88118 24498 21019 13963 157196 4361
internal_count=700095 507917 192178 311671 242818 228508 14310 171159 196246 103767 69865 92479 33902 68853 44355 88118 24498 21019 13963 157196 4361
is_linear=0
shrinkage=0.02


Tree=13
num_leaves=19
num_cat=0
split_feature=1 5 1 5 5 5 1 5 1 2 2 1 5 1 2 1 5 3
split_gain=0.000652923 0.000154444 6.9172e-05 3.22327e-05 1.64686e-05 1.43716e-05 9.62718e-06 6.51707e-06 5.66984e-06 3.53327e-06 3.11435e-06 2.58698e-06 1.98611e-06 1.60133e-06 1.69201e-06 1.20975e-06 9.84004e-07 5.34248e-07
threshold=-0.0041419148910790673 1.3638594746589663 -0.0073362695984542361 -1.2837833166122434 -1.6214500069618223 1.9099624156951907 -0.4755482673645019 -1.2630876898765562 -0.0030996017158031459 0.35104535520076757 0.28929464519023901 -0.4755482673645019 0.70304545760154735 -0.27149467170238489 0.31471540033817297 -0.0032879544887691732 -2.4220364093780513 -1.5737095475196836
decision_type=2 2 2 2 2 2 2 2 2 2 2 2 2 2 2 2 2 2
left_child=1 2 3 10 15 13 -5 17 -6 11 -1 -7 -9 -3 -15 -2 -17 -4
right_child=4 5 7 6 8 9 -8 12 -10 -11 -12 -13 -14 14 -16 16 -18 -19
leaf_value=-9.0637322194882372e-07 0 -1.7366185263152929e-07 0 -1.1744198923010665e-06 4.0737627134660573e-07 0 -4.7674215663792265e-07 4.7571586484116888e-08 1.097367918577075e-06 0 -1.5234023801774192e-06 6.7328654034189062e-07 -1.5330462944457825e-07 1.7174023532200408e-07 0 0 3.4626306904923855e-07 -3.8214867651480336e-07
leaf_weight=88015 1344 3619 904 13229 14779 1369 171824 54415 162694 2154 16536 37692 28563 51957 8266 2496 10865 29374
leaf_count=88015 1344 3619 904 13229 14779 1369 171824 54415 162694 2154 16536 37692 28563 51957 8266 2496 10865 29374
internal_value=0 -3.7448e-07 -5.5433e-07 -7.19665e-07 9.94164e-07 2.96148e-07 -5.37426e-07 -1.13896e-07 1.05118e-06 5.9596e-07 -1.02309e-06 6.41043e-07 0 7.1269e-08 1.19198e-07 1.70046e-07 2.60847e-07 -3.66905e-07
internal_weight=700095 507917 402860 289604 192178 105057 185053 113256 177473 41215 104551 39061 82978 63842 60223 14705 13361 30278
internal_count=700095 507917 402860 289604 192178 105057 185053 113256 177473 41215 104551 39061 82978 63842 60223 14705 13361 30278
is_linear=0
shrinkage=0.02


Tree=14
num_leaves=23
num_cat=0
split_feature=1 5 1 4 4 5 5 5 5 4 1 4 1 4 4 1 4 1 5 1 5 0
split_gain=0.000627645 0.000148372 6.64264e-05 4.28016e-05 3.40566e-05 1.86214e-05 1.72078e-05 1.38032e-05 6.25611e-06 4.88261e-06 4.50197e-06 3.21319e-06 2.5893e-06 2.46778e-06 1.83038e-06 1.54352e-06 8.26529e-07 7.07603e-07 6.55032e-07 6.70848e-07 4.46188e-07 2.38194e-08
threshold=-0.0041419148910790673 1.3638594746589663 -0.0073362695984542361 -0.45045319199562067 -0.45045319199562067 -1.7152880430221555 -1.2432775497436521 1.9099624156951907 -1.2630876898765562 -0.15345040708780286 -0.0035901319934055205 -0.076530441641807542 -0.38251531124114985 -0.47126354277133936 1.3905907869338991 -0.27149467170238489 -0.52954259514808644 -0.0069361336063593617 -2.5857044458389278 -0.0032879544887691732 0.34702403843402868 1.2342745661735537
decision_type=2 2 2 2 2 2 2 2 2 2 2 2 2 2 2 2 2 2 2 2 2 2
left_child=1 2 3 13 20 18 -5 15 14 10 -7 -10 -9 -1 -4 21 -14 -17 -6 -20 -2 -3
right_child=4 7 8 6 5 9 -8 12 11 -11 -12 -13 16 -15 -16 17 -18 -19 19 -21 -22 -23
leaf_value=-2.8326120269596454e-07 0 -1.8304063761911444e-07 -4.1085458663441107e-07 -1.0792089570201422e-06 0 0 -6.4818565265521518e-07 0 -1.3317970860021991e-07 1.25485002225145e-06 8.6827601352024259e-07 1.1311914106021354e-07 0 0 0 1.6933058251055902e-07 6.2794467992378433e-07 0 0 2.6782629903458388e-07 1.8200997082285042e-07 0
leaf_weight=46021 8895 3413 27518 94945 1838 2773 130758 1615 45233 108512 47926 37745 530 17880 2760 38248 39070 21975 928 9182 12124 206
leaf_count=46021 8895 3413 27518 94945 1838 2773 130758 1615 45233 108512 47926 37745 530 17880 2760 38248 39070 21975 928 9182 12124 206
internal_value=0 -3.67323e-07 -5.43635e-07 -7.05686e-07 9.74565e-07 1.06991e-06 -8.38363e-07 2.89738e-07 -1.11598e-07 1.12986e-06 8.22891e-07 0 5.83645e-07 -2.05763e-07 -3.59491e-07 6.86705e-08 6.16999e-07 1.16234e-07 1.0362e-07 1.96482e-07 1.03041e-07 -1.70189e-07
internal_weight=700095 507917 402860 289604 192178 171159 225703 105057 113256 159211 50699 82978 41215 63901 30278 63842 39600 60223 11948 10110 21019 3619
internal_count=700095 507917 402860 289604 192178 171159 225703 105057 113256 159211 50699 82978 41215 63901 30278 63842 39600 60223 11948 10110 21019 3619
is_linear=0
shrinkage=0.02


Tree=15
num_leaves=23
num_cat=0
split_feature=5 5 4 5 2 4 5 2 2 4 2 4 2 4 2 4 4 2 4 2 2 2
split_gain=0.000231452 0.000113523 3.2145e-05 1.64487e-05 9.91328e-06 8.05746e-06 8.28816e-06 6.98866e-06 6.38474e-06 5.38425e-06 4.76576e-06 3.95391e-06 3.79973e-06 3.65656e-06 2.80357e-06 2.31121e-06 2.28115e-06 2.04103e-06 1.21917e-06 3.09868e-08 4.63042e-08 2.22259e-09
threshold=1.4192795157432558 -1.3992488980293272 -0.036353329196572297 1.9281420707702639 0.19769876450300219 2.9999792575836186 -1.9065061211585996 0.24565702676773074 0.34416165947914129 0.17321790754795077 0.38618315756320959 -0.47126354277133936 0.18969416618347171 1.197090804576874 0.22717908769845965 -0.60703358054161061 -0.48106317222118372 0.19532891362905505 0.0131854759529233 0.25548927485942846 0.34017753601074224 0.31708136200904852
decision_type=2 2 2 2 2 2 2 2 2 2 2 2 2 2 2 2 2 2 2 2 2 2
left_child=1 5 7 11 18 6 12 14 -9 -6 16 19 -1 17 -3 -8 -5 -13 -4 -2 -21 -15
right_child=3 2 4 10 9 -7 15 8 -10 -11 -12 13 -14 21 -16 -17 -18 -19 -20 20 -22 -23
leaf_value=0 0 -1.2602525165531429e-07 0 0 7.5240981031486282e-08 0 0 -3.1590213734308179e-07 1.0639892041836044e-07 3.8247175829505724e-07 0 0 -9.392410042446241e-07 1.2815545896083137e-08 5.9408085393757687e-08 -5.1354599448638095e-07 9.2357517983239611e-07 5.3353540305754313e-07 -5.3116082551944536e-07 6.668629248531247e-08 0 0
leaf_weight=1509 4019 68483 1651 1181 61180 3667 1580 120028 8622 73725 312 1417 66461 5413 46473 68668 72266 76000 5995 6952 1102 2537
leaf_count=1509 4019 68483 1651 1181 61180 3667 1580 120028 8622 73725 312 1417 66461 5413 46473 68668 72266 76000 5995 6952 1102 2537
internal_value=0 -2.06711e-07 -2.35714e-08 6.39519e-07 2.08818e-07 -6.91051e-07 -7.16616e-07 -1.67769e-07 -2.72054e-07 2.57967e-07 8.93034e-07 4.27089e-07 -9.16639e-07 4.7616e-07 -3.36626e-08 -4.94608e-07 9.09314e-07 5.1856e-07 -3.96777e-07 0 3.92292e-08 0
internal_weight=699241 528042 386157 171199 142551 141885 138218 243606 128650 134905 73759 97440 67970 85367 114956 70248 73447 77417 7646 12073 8054 7950
internal_count=699241 528042 386157 171199 142551 141885 138218 243606 128650 134905 73759 97440 67970 85367 114956 70248 73447 77417 7646 12073 8054 7950
is_linear=0
shrinkage=0.02


Tree=16
num_leaves=19
num_cat=0
split_feature=5 5 5 5 2 2 5 0 0 2 2 2 2 2 2 2 5 0
split_gain=0.000222383 0.000107487 1.73792e-05 6.28602e-06 4.65736e-06 3.34488e-06 3.28207e-06 2.01641e-06 1.93044e-06 1.61882e-06 1.53583e-06 1.30645e-06 1.10549e-06 1.06603e-06 3.32788e-06 8.26516e-07 4.44339e-07 3.90063e-07
threshold=1.3917530179023745 -1.3992488980293272 1.9281420707702639 -1.9065061211585996 0.38618315756320959 0.18969416618347171 -0.95464482903480519 -0.83994200825691212 -0.83550119400024403 0.38919854164123541 0.19167646020650866 0.37443275749683386 0.38138794898986822 0.26029770076274877 0.3085837215185166 0.19769876450300219 1.5261341333389284 -0.84649634361267079
decision_type=2 2 2 2 2 2 2 2 2 2 2 2 2 2 2 2 2 2
left_child=1 3 10 5 -4 -1 12 -7 -5 -10 -2 16 17 15 -15 -8 -12 -3
right_child=2 6 4 8 -6 7 13 -9 9 -11 11 -13 -14 14 -16 -17 -18 -19
leaf_value=0 0 0 8.9113956523810465e-07 0 0 0 -6.655918455802475e-08 -8.9581124358189118e-07 -5.0428870098187791e-07 0 1.7978149353358674e-07 0 0 -1.2242094892121242e-07 6.3609529336254978e-08 5.3079831304814426e-08 4.9742194009745639e-07 -1.905253949182921e-07
leaf_weight=1509 1790 1232 73447 2677 312 1952 13420 66972 68496 279 25189 4821 1005 90835 51628 162730 71096 59851
leaf_count=1509 1790 1232 73447 2677 312 1952 13420 66972 68496 279 25189 4821 1005 90835 51628 162730 71096 59851
internal_value=0 -2.06807e-07 6.1402e-07 -6.77281e-07 8.74936e-07 -8.55919e-07 -2.62108e-08 -8.76384e-07 -4.73199e-07 -4.93822e-07 4.0755e-07 4.18466e-07 -1.59239e-07 0 -4.09656e-08 3.26111e-08 4.35096e-07 -1.81696e-07
internal_weight=699241 522586 176655 141885 73759 70433 380701 68924 71452 68775 102896 101106 62088 318613 142463 176150 96285 61083
internal_count=699241 522586 176655 141885 73759 70433 380701 68924 71452 68775 102896 101106 62088 318613 142463 176150 96285 61083
is_linear=0
shrinkage=0.02


Tree=17
num_leaves=17
num_cat=0
split_feature=1 1 1 3 3 0 1 2 2 1 2 1 1 0 1 3
split_gain=0.000595988 6.36036e-05 1.92146e-05 1.27064e-05 2.60023e-05 1.08162e-05 9.72705e-06 6.01016e-06 8.92815e-06 8.54553e-06 4.11206e-06 4.02357e-06 3.0134e-06 2.33162e-06 1.7321e-06 5.43357e-07
threshold=-0.0041419148910790673 -0.010131907183676956 -0.32320049405097956 0.0078098736703395852 -0.014214442577213047 1.2033933997154238 -0.0030996017158031459 0.25830316543579107 0.22911778092384341 -0.0059062461368739596 0.2490995451807976 -0.0062610872555524102 0.0021756297210231428 1.2210358381271365 0.28815434873104101 -0.010781649965792893
decision_type=2 2 2 2 2 2 2 2 2 2 2 2 2 2 2 2
left_child=1 2 -1 4 -4 -5 -2 8 11 13 -10 -3 -8 -9 -14 -11
right_child=6 7 3 5 -6 -7 12 9 10 15 -12 -13 14 -15 -16 -17
leaf_value=-1.0672795419829851e-06 2.8326706867760187e-07 -1.237130373346455e-07 -3.1357441756281713e-07 1.7349277548976983e-08 -8.1180683411554124e-07 -4.1069636703904557e-07 1.279744415486265e-06 -4.6010409766268749e-07 6.7417358982923208e-07 3.5313951022875437e-08 0 2.1108497641931964e-07 7.6652628242208788e-07 0 1.1800726051496669e-06 -8.8055835222787719e-08
leaf_weight=30617 16203 65503 106705 31855 97172 45682 46047 35221 11466 32930 5401 15753 95760 6995 33197 22734
leaf_count=30617 16203 65503 106705 31855 97172 45682 46047 35221 11466 32930 5401 15753 95760 6995 33197 22734
internal_value=0 -3.57628e-07 -5.35943e-07 -4.71027e-07 -5.60852e-07 -2.09046e-07 9.52349e-07 -6.35511e-08 3.03483e-08 -1.78117e-07 4.59843e-07 -3.41924e-08 1.00287e-06 -3.93099e-07 8.88494e-07 0
internal_weight=699241 508034 312031 281414 203877 77537 191207 196003 98123 97880 16867 81256 175004 42216 128957 55664
internal_count=699241 508034 312031 281414 203877 77537 191207 196003 98123 97880 16867 81256 175004 42216 128957 55664
is_linear=0
shrinkage=0.02


Tree=18
num_leaves=20
num_cat=0
split_feature=1 5 1 5 5 5 1 1 5 2 1 2 5 1 2 1 3 1 1
split_gain=0.0005731 0.000130862 5.98858e-05 2.65076e-05 1.14245e-05 1.12129e-05 8.58442e-06 6.66788e-06 4.93355e-06 3.31454e-06 3.25507e-06 2.50917e-06 2.01348e-06 9.72373e-07 7.83158e-07 9.89472e-07 6.20561e-07 7.72175e-08 3.18935e-08
threshold=-0.0041419148910790673 1.3917530179023745 -0.0073362695984542361 -1.3992488980293272 -2.0588593482971187 1.7902358174324038 -0.32320049405097956 -0.0030996017158031459 -1.2630876898765562 0.28929464519023901 -0.4755482673645019 0.38230906426906591 0.70304545760154735 0.0021756297210231428 0.31471540033817297 -0.27149467170238489 -1.5737095475196836 -0.0052821983117610207 0.28815434873104101
decision_type=2 2 2 2 2 2 2 2 2 2 2 2 2 2 2 2 2 2 2
left_child=1 2 3 9 -2 14 -5 -6 16 -1 -7 -12 -10 -9 15 -3 -4 -16 -15
right_child=4 5 8 6 7 10 -8 13 12 -11 11 -13 -14 18 17 -17 -18 -19 -20
leaf_value=-8.4372045809670952e-07 0 0 0 -1.0447107003199091e-06 3.3157124692877514e-07 0 -4.5010881161378784e-07 1.2644054946982653e-06 4.5754137345603916e-08 -1.4808524237979971e-06 5.4490731291311244e-07 0 -1.5211029434890027e-07 7.8392002481792998e-07 -1.1927163294554227e-07 1.3091618506950775e-07 -3.4323242870764579e-07 0 1.1724653739276422e-06
leaf_weight=79990 6370 2274 920 16884 15466 1843 180275 45095 54447 15067 49603 1007 29884 92377 5521 39433 29383 1503 31899
leaf_count=79990 6370 2274 920 16884 15466 1843 180275 45095 54447 15067 49603 1007 29884 92377 5521 39433 29383 1503 31899
internal_value=0 -3.50647e-07 -5.12489e-07 -6.6589e-07 9.3393e-07 2.80337e-07 -5.11173e-07 9.62812e-07 -1.04004e-07 -9.6575e-07 4.86655e-07 5.20754e-07 -6.46252e-10 1.00865e-06 1.72189e-08 8.19442e-08 -3.25639e-07 -8.23678e-08 8.99745e-07
internal_weight=699241 508034 406850 292216 191207 101184 197159 184837 114634 95057 52453 50610 84331 169371 48731 41707 30303 7024 124276
internal_count=699241 508034 406850 292216 191207 101184 197159 184837 114634 95057 52453 50610 84331 169371 48731 41707 30303 7024 124276
is_linear=0
shrinkage=0.02


Tree=19
num_leaves=20
num_cat=0
split_feature=1 5 1 4 4 5 5 5 4 1 5 1 4 4 4 4 1 1 5
split_gain=0.000551318 0.000125676 5.75127e-05 3.98567e-05 3.17041e-05 1.32627e-05 1.31175e-05 1.07933e-05 6.43937e-06 4.81191e-06 4.73339e-06 2.62586e-06 2.16101e-06 1.96474e-06 1.82452e-06 1.3862e-06 8.77818e-07 8.52354e-07 3.2121e-07
threshold=-0.0041419148910790673 1.3917530179023745 -0.0073362695984542361 -0.45045319199562067 -0.45475889742374415 -2.0023602247238155 -1.2432775497436521 1.8474886417388918 -0.1501856595277786 -0.0035901319934055205 -1.2630876898765562 -0.4755482673645019 -0.1157933473587036 1.3905907869338991 -0.47126354277133936 -0.44133009016513819 -0.32320049405097956 -0.006835649022832512 0.32490445673465734
decision_type=2 2 2 2 2 2 2 2 2 2 2 2 2 2 2 2 2 2 2
left_child=1 2 3 14 18 -6 -5 16 9 -7 13 -9 -12 -4 -1 -13 -3 -18 -2
right_child=4 7 10 6 5 8 -8 11 -10 -11 12 15 -14 -15 -16 -17 17 -19 -20
leaf_value=-2.4137706615395798e-07 0 -1.2073251475285544e-07 -3.744046049851712e-07 -9.9849576962643047e-07 0 0 -6.0967277898876856e-07 0 1.1710732924018112e-06 7.8417611468061999e-07 -1.2259092019294957e-07 0 7.418519263427596e-08 0 0 5.5949563150286137e-07 1.4909286607406582e-07 0 1.28723352417064e-07
leaf_weight=46958 8580 2815 27602 94923 7012 2889 132211 1625 110777 50273 42025 2307 42306 2701 18124 42922 33261 18254 11676
leaf_count=46958 8580 2815 27602 94923 7012 2889 132211 1625 110777 50273 42025 2307 42306 2701 18124 42922 33261 18254 11676
internal_value=0 -3.43986e-07 -5.02622e-07 -6.52983e-07 9.15943e-07 1.00606e-06 -7.80974e-07 2.74105e-07 1.04298e-06 7.38451e-07 -1.01886e-07 5.02508e-07 -1.5901e-10 -3.18982e-07 -1.75568e-07 5.33675e-07 4.03179e-08 8.79422e-08 5.6641e-08
internal_weight=699241 508034 406850 292216 191207 170951 227134 101184 163939 53162 114634 46854 84331 30303 65082 45229 54330 51515 20256
internal_count=699241 508034 406850 292216 191207 170951 227134 101184 163939 53162 114634 46854 84331 30303 65082 45229 54330 51515 20256
is_linear=0
shrinkage=0.02


Tree=20
num_leaves=19
num_cat=0
split_feature=5 5 5 5 2 2 5 0 0 2 2 2 2 2 2 2 0 2
split_gain=0.000191085 9.20461e-05 1.52672e-05 5.35894e-06 4.69129e-06 3.4799e-06 2.8279e-06 2.28962e-06 1.92173e-06 1.47657e-06 2.8627e-06 1.43814e-06 1.31922e-06 1.2683e-06 1.12386e-06 8.62931e-07 3.73625e-07 2.48627e-07
threshold=1.4056688547134402 -1.3992488980293272 1.9281420707702639 -1.9065061211585996 0.38618315756320959 0.18969416618347171 -0.95464482903480519 -0.83550119400024403 -0.83550119400024403 0.26029770076274877 0.3085837215185166 0.19167646020650866 0.38919854164123541 0.31708136200904852 0.38169445097446447 0.22435268759727481 -0.84649634361267079 0.32685124874114996
decision_type=2 2 2 2 2 2 2 2 2 2 2 2 2 2 2 2 2 2
left_child=1 3 11 5 -4 -1 14 -7 -5 15 -11 -2 -10 -13 16 -8 -3 -15
right_child=2 6 4 8 -6 7 9 -9 12 10 -12 13 -14 17 -16 -17 -18 -19
leaf_value=0 0 0 8.3256905759318338e-07 0 0 0 0 -8.3883092995616201e-07 -4.655273426339526e-07 -1.2418087019566696e-07 4.1979300814588883e-08 4.1971026333992988e-07 0 0 0 8.0909170741916087e-08 -1.8243773033853115e-07 9.6651942664572454e-08
leaf_weight=1538 1762 1260 73680 2660 308 2023 89651 66715 68533 91551 52161 84771 289 2901 935 88166 59917 10718
leaf_count=1538 1762 1260 73680 2660 308 2023 89651 66715 68533 91551 52161 84771 289 2901 935 88166 59917 10718
internal_value=0 -1.92619e-07 5.71823e-07 -6.28789e-07 8.15428e-07 -7.96959e-07 -2.62374e-08 -8.18294e-07 -4.35476e-07 0 -4.99555e-08 3.71888e-07 -4.56222e-07 3.82915e-07 -1.49879e-07 3.61199e-08 -1.73652e-07 7.03128e-09
internal_weight=699539 525399 174140 141758 73988 70276 383641 68738 71482 321529 143712 100152 68822 98390 62112 177817 61177 13619
internal_count=699539 525399 174140 141758 73988 70276 383641 68738 71482 321529 143712 100152 68822 98390 62112 177817 61177 13619
is_linear=0
shrinkage=0.02


Tree=21
num_leaves=24
num_cat=0
split_feature=1 1 4 4 3 3 3 1 2 2 1 2 4 1 2 2 4 4 3 4 3 1 2
split_gain=0.00050831 5.62983e-05 3.1414e-05 2.46927e-05 1.10918e-05 2.72836e-05 1.0432e-05 8.18601e-06 5.72167e-06 8.34817e-06 5.95966e-06 4.57848e-06 4.14709e-06 3.83901e-06 1.89635e-06 1.87139e-06 1.52999e-06 1.36156e-06 1.64496e-07 1.09052e-07 8.67112e-08 9.01918e-08 2.50654e-08
threshold=-0.0041419148910790673 -0.010131907183676956 -0.45475889742374415 -0.45045319199562067 0.0078098736703395852 -0.014565916266292332 0.16808518767356875 -0.0030996017158031459 0.25830316543579107 0.22911778092384341 -0.0059062461368739596 0.24737173318862918 -0.096251688897609697 -0.0062610872555524102 0.24308220297098163 0.38847307860851293 -0.15640587359666822 -0.60703358054161061 -1.5701873898506162 -0.37862834334373469 1.5611214041709902 -0.0032879544887691732 0.23161481320858004
decision_type=2 2 2 2 2 2 2 2 2 2 2 2 2 2 2 2 2 2 2 2 2 2 2
left_child=1 3 18 14 5 -5 -6 19 9 13 15 -11 -12 -3 22 -10 -9 -16 -2 -4 21 -20 -1
right_child=2 8 7 4 6 -7 -8 16 10 11 12 -13 -14 -15 17 -17 -18 -19 20 -21 -22 -23 -24
leaf_value=-8.0360914166469215e-09 0 -1.1419115536595303e-07 0 -3.8101409033565534e-07 9.2936455480689608e-09 -9.2785084838096656e-07 -4.6711575544853573e-07 7.3852639053832228e-07 -3.8385601090058023e-07 7.5123079294785009e-07 -2.0740308980917846e-07 0 1.334336226242288e-07 2.171218415363945e-07 0 0 1.1137818977644071e-06 -2.8233144046551506e-07 0 2.8696453274967249e-07 0 1.0212407736489733e-07 2.4511028407209309e-08
leaf_weight=13054 2314 65540 856 85213 17475 97992 46675 47067 40099 9289 26660 7699 28758 15596 9584 2249 110118 26774 1950 13229 1744 14319 15285
leaf_count=13054 2314 65540 856 85213 17475 97992 46675 47067 40099 9289 26660 7699 28758 15596 9584 2249 110118 26774 1950 13229 1744 14319 15285
internal_value=0 -3.33349e-07 8.75564e-07 -5.01077e-07 -5.94407e-07 -6.84421e-07 -3.06161e-07 9.64826e-07 -5.59493e-08 3.58147e-08 -1.68506e-07 4.48086e-07 0 -2.58559e-08 -1.13335e-07 -3.49062e-07 1.01414e-06 -2.09093e-07 2.50732e-08 2.72483e-07 6.60472e-08 8.34373e-08 0
internal_weight=699539 507942 191597 312052 247355 183205 64150 171270 195890 98124 97766 16988 55418 81136 64697 42348 157185 36358 20327 14085 18013 16269 28339
internal_count=699539 507942 191597 312052 247355 183205 64150 171270 195890 98124 97766 16988 55418 81136 64697 42348 157185 36358 20327 14085 18013 16269 28339
is_linear=0
shrinkage=0.02


Tree=22
num_leaves=24
num_cat=0
split_feature=5 5 4 5 2 2 4 4 2 4 2 4 4 0 2 4 2 4 2 0 0 2 2
split_gain=0.000180594 8.71901e-05 2.89128e-05 1.43463e-05 8.84564e-06 7.62607e-06 5.8639e-06 6.26786e-06 5.80577e-06 5.11882e-06 4.55751e-06 3.618e-06 3.74673e-06 3.37542e-06 2.26997e-06 2.17022e-06 1.67018e-06 9.07385e-07 3.28515e-07 1.49223e-09 1.11823e-07 1.01679e-09 1.87741e-08
threshold=1.4056688547134402 -1.3992488980293272 -0.046104146167635911 1.9281420707702639 0.19769876450300219 0.24565702676773074 2.9999792575836186 -0.46092909574508661 0.34416165947914129 0.17321790754795077 0.38618315756320959 -0.47126354277133936 1.197090804576874 -0.83550119400024403 0.22717908769845965 -0.48106317222118372 0.19532891362905505 0.0098589248955249804 0.24630100280046466 -0.75122475624084462 -0.82478407025337208 0.25548927485942846 0.34017753601074224
decision_type=2 2 2 2 2 2 2 2 2 2 2 2 2 2 2 2 2 2 2 2 2 2 2
left_child=1 6 5 11 17 14 7 18 -7 -6 15 21 16 -9 -3 -5 -13 -4 -1 20 -8 -2 -23
right_child=3 2 4 10 9 8 19 13 -10 -11 -12 12 -14 -15 -16 -17 -18 -19 -20 -21 -22 22 -24
leaf_value=0 0 -1.1187247689127304e-07 0 0 6.6250194164808421e-08 -3.1751849541711454e-07 0 0 7.0639253700112799e-08 3.5976269194767339e-07 0 0 0 -6.9566010813210823e-07 5.6969262866293778e-08 8.2369512538716759e-07 4.6258584738451377e-07 -4.866311490196744e-07 -1.3410199073967968e-07 0 1.5222267814322914e-07 3.3146913724391451e-08 0
leaf_weight=4351 4253 66533 1905 1141 64803 116934 311 4011 8462 73400 308 1499 8170 122403 45527 72539 77890 6077 7307 1419 1956 7205 1135
leaf_count=4351 4253 66533 1905 1141 64803 116934 311 4011 8462 73400 308 1499 8170 122403 45527 72539 77890 6077 7307 1419 1956 7205 1135
internal_value=0 -1.87129e-07 -2.50536e-08 5.56034e-07 1.89958e-07 -1.65844e-07 -6.11646e-07 -6.33314e-07 -2.75375e-07 2.36607e-07 7.92978e-07 3.6102e-07 4.06951e-07 -6.76689e-07 -2.5429e-08 8.10053e-07 4.48921e-07 -3.67181e-07 0 0 1.6226e-08 0 6.98328e-09
internal_weight=699539 525399 383641 174140 146185 237456 141758 138072 125396 138203 73988 100152 87559 126414 112060 73680 79389 7982 11658 3686 2267 12593 8340
internal_count=699539 525399 383641 174140 146185 237456 141758 138072 125396 138203 73988 100152 87559 126414 112060 73680 79389 7982 11658 3686 2267 12593 8340
is_linear=0
shrinkage=0.02


Tree=23
num_leaves=22
num_cat=0
split_feature=1 5 1 4 4 5 4 5 5 4 1 4 1 4 4 4 1 1 5 3 3
split_gain=0.000485043 0.000109058 5.28218e-05 3.62536e-05 2.96385e-05 1.16398e-05 1.08327e-05 9.69152e-06 8.34045e-06 5.92628e-06 3.78966e-06 3.51493e-06 2.83425e-06 2.13243e-06 1.64028e-06 1.61493e-06 3.38304e-07 6.81161e-07 2.33738e-07 3.23755e-07 5.96248e-08
threshold=-0.0041419148910790673 1.3917530179023745 -0.0084880236536264402 -0.45045319199562067 -0.45475889742374415 -2.0308898687362666 2.9999792575836186 1.7902358174324038 -1.2630876898765562 -0.15640587359666822 -0.0035901319934055205 -0.076530441641807542 -0.081132266670465455 -0.46861021220684046 -0.28272907435894007 2.9999792575836186 -0.097352094948291765 -0.006835649022832512 0.34702403843402868 -1.5701873898506162 1.564464867115021
decision_type=2 2 2 2 2 2 2 2 2 2 2 2 2 2 2 2 2 2 2 2 2
left_child=1 2 3 13 18 -6 -5 16 15 10 -7 -10 -9 -1 -14 -4 -3 -18 -2 -20 -21
right_child=4 7 8 6 5 9 -8 12 11 -11 -12 -13 14 -15 -16 -17 17 -19 19 20 -22
leaf_value=-2.2579355294931703e-07 0 -4.9098934551893502e-08 -4.1749075112741756e-07 -7.824950094873722e-07 0 0 0 0 -1.3616009300572906e-07 1.0954470329546413e-06 7.1732545556528174e-07 9.576503982356854e-08 0 0 5.5029783807238144e-07 0 1.2006996292831151e-07 0 0 1.657049491583475e-07 0
leaf_weight=41625 8737 4778 36825 208048 6642 2870 4284 5106 55990 112860 48898 42716 8077 16045 39440 1140 27500 16368 1381 9487 722
leaf_count=41625 8737 4778 36825 208048 6642 2870 4284 5106 55990 112860 48898 42716 8077 16045 39440 1140 27500 16368 1381 9487 722
internal_value=0 -3.25474e-07 -4.73439e-07 -6.37766e-07 8.55449e-07 9.42224e-07 -7.61274e-07 2.48971e-07 -1.34168e-07 9.75646e-07 6.75831e-07 -1.553e-08 4.39263e-07 -1.4835e-07 4.87386e-07 -3.89936e-07 2.0083e-09 5.31661e-08 2.59146e-08 9.61489e-08 1.5225e-07
internal_weight=699539 507942 406673 270002 191597 171270 212332 101269 136671 164628 51768 98706 52623 57670 47517 37965 48646 43868 20327 11590 10209
internal_count=699539 507942 406673 270002 191597 171270 212332 101269 136671 164628 51768 98706 52623 57670 47517 37965 48646 43868 20327 11590 10209
is_linear=0
shrinkage=0.02


Tree=24
num_leaves=21
num_cat=0
split_feature=1 1 1 2 1 2 1 2 1 2 1 2 1 2 3 3 0 1 3 3
split_gain=0.000466107 5.16801e-05 1.94927e-05 1.19778e-05 2.90935e-05 1.57017e-05 8.32576e-06 5.41469e-06 6.38295e-06 5.78359e-06 4.17666e-06 4.02954e-06 2.11293e-06 2.04981e-06 1.59155e-06 1.28832e-06 4.42584e-07 2.80529e-07 3.16993e-06 1.21909e-07
threshold=-0.0041419148910790673 -0.010131907183676956 -0.32320049405097956 0.28437720239162451 -0.019502669572830197 0.2229886129498482 -0.0030996017158031459 0.26084078848361975 -0.0059062461368739596 0.2229886129498482 -0.0062610872555524102 0.2490995451807976 0.0021756297210231428 0.38847307860851293 -1.5910746455192564 1.5600675344467165 -0.7987534999847411 0.28815434873104101 -1.5825695395469663 1.6045107245445254
decision_type=2 2 2 2 2 2 2 2 2 2 2 2 2 2 2 2 2 2 2 2
left_child=1 2 19 5 -5 -4 -2 9 13 10 -3 -11 14 -9 -8 -16 -10 18 -14 -1
right_child=6 7 3 4 -6 -7 12 8 16 11 -12 -13 17 -15 15 -17 -18 -19 -20 -21
leaf_value=-1.0131065638842366e-06 2.175454481395907e-07 -1.4230047728908727e-07 -6.8773085640407528e-07 -2.9273349636730909e-07 -1.4754087463873825e-06 -2.4179692974152079e-07 0 -4.1217944102724229e-07 -7.9730071072679231e-08 4.4274201654904566e-07 2.0679344741045303e-07 0 0 0 1.1762753365261482e-06 0 1.8091187272855679e-08 1.0308681241565592e-06 7.0015322939984004e-07 0
leaf_weight=30321 16343 58058 48233 29650 16035 187584 870 35226 26397 19811 14844 11103 5206 2249 44041 1291 28202 33303 90543 229
leaf_count=30321 16343 58058 48233 29650 16035 187584 870 35226 26397 19811 14844 11103 5206 2249 44041 1291 28202 33303 90543 229
internal_value=0 -3.18925e-07 -4.79653e-07 -4.15153e-07 -7.51622e-07 -3.41488e-07 8.38718e-07 -5.26758e-08 -1.68414e-07 3.07073e-08 -4.37852e-08 2.71072e-07 8.85232e-07 -3.71237e-07 1.13753e-06 1.15449e-06 0 7.79408e-07 6.71058e-07 -1.00851e-06
internal_weight=699539 507942 312052 281502 45685 235817 191597 195890 92074 103816 72902 30914 175254 37475 46202 45332 54599 129052 95749 30550
internal_count=699539 507942 312052 281502 45685 235817 191597 195890 92074 103816 72902 30914 175254 37475 46202 45332 54599 129052 95749 30550
is_linear=0
shrinkage=0.02


Tree=25
num_leaves=24
num_cat=0
split_feature=1 1 4 4 3 3 3 1 2 1 2 4 1 2 2 2 3 4 3 4 3 2 1
split_gain=0.00045931 4.86349e-05 2.71595e-05 2.2276e-05 9.78581e-06 2.50021e-05 9.08036e-06 5.35802e-06 5.08605e-06 7.36757e-06 5.73467e-06 3.9813e-06 3.50835e-06 3.47607e-06 2.00907e-06 1.4491e-06 1.62086e-06 9.12155e-07 2.09651e-07 1.88815e-07 1.29938e-07 8.05128e-08 7.68109e-08
threshold=-0.0041419148910790673 -0.010131907183676956 -0.45045319199562067 -0.4251201450824737 0.0078098736703395852 -0.014565916266292332 0.16808518767356875 -0.0030996017158031459 0.26084078848361975 -0.0059062461368739596 0.2229886129498482 -0.096251688897609697 -0.0067127428483217946 0.2490995451807976 0.38847307860851293 0.24565702676773074 0.019835521467030052 -0.15949255973100659 -1.5701873898506162 -0.13806440681219098 1.5611214041709902 0.23161481320858004 -0.0032879544887691732
decision_type=2 2 2 2 2 2 2 2 2 2 2 2 2 2 2 2 2 2 2 2 2 2 2
left_child=1 3 18 15 5 -5 -6 19 10 14 12 -11 -3 -12 -10 21 -17 -9 -2 -4 22 -1 -20
right_child=2 8 7 4 6 -7 -8 17 9 11 13 -13 -14 -15 -16 16 -18 -19 20 -21 -22 -23 -24
leaf_value=-4.6971041458554786e-08 0 -2.1804360472128173e-07 0 -3.5090241257930136e-07 4.5127549291661089e-09 -8.8074943103888024e-07 -4.3690001964634005e-07 6.9679080904881414e-07 -4.2325073907852569e-07 -1.9464019057677605e-07 4.2460542678192843e-07 1.4447475879874317e-07 3.4619941764561438e-08 0 0 -3.0343051132095038e-07 0 1.0565674160511116e-06 0 4.0143134840515945e-07 0 1.0083654239407644e-08 1.1970275397609282e-07
leaf_weight=13771 2332 32330 6071 82871 17089 97432 45931 45848 35314 26367 19770 28439 40553 11080 2228 23197 14084 110561 1985 8010 1735 17921 14816
leaf_count=13771 2332 32330 6071 82871 17089 97432 45931 45848 35314 26367 19770 28439 40553 11080 2228 23197 14084 110561 1985 8010 1735 17921 14816
internal_value=0 -3.14086e-07 8.35478e-07 -4.70054e-07 -5.62557e-07 -6.48314e-07 -2.85467e-07 9.20279e-07 -5.54789e-08 -1.67002e-07 2.45238e-08 0 -5.00174e-08 2.65456e-07 -3.83541e-07 -1.14723e-07 -1.99743e-07 9.63894e-07 4.68152e-08 2.93778e-07 8.36156e-08 0 1.03957e-07
internal_weight=699735 508377 191358 312296 243323 180303 63020 170490 196081 92348 103733 54806 72883 30850 37542 68973 37281 156409 20868 14081 18536 31692 16801
internal_count=699735 508377 191358 312296 243323 180303 63020 170490 196081 92348 103733 54806 72883 30850 37542 68973 37281 156409 20868 14081 18536 31692 16801
is_linear=0
shrinkage=0.02


Tree=26
num_leaves=22
num_cat=0
split_feature=5 5 4 4 5 2 2 2 4 4 4 2 0 0 5 2 2 4 0 0 2
split_gain=0.000166508 9.08386e-05 2.21659e-05 7.90144e-06 8.51519e-06 7.69274e-06 5.89974e-06 5.37808e-06 5.34506e-06 4.6897e-06 4.52081e-06 3.08384e-06 2.63852e-06 2.22091e-06 2.14145e-06 1.62784e-06 1.62233e-06 1.16724e-06 3.6872e-07 4.41155e-07 3.40917e-07
threshold=-1.2432775497436521 1.5662795901298525 -0.1019337736070156 2.9999792575836186 -1.9300597906112669 0.24565702676773074 0.19769876450300219 0.34207031130790716 2.7072849273681645 0.17321790754795077 -0.47126354277133936 0.18969416618347171 -0.83550119400024403 -0.83550119400024403 1.9445440769195559 0.22717908769845965 0.38919854164123541 0.016690996475517753 -0.75122475624084462 -0.825274497270584 0.38251720368862158
decision_type=2 2 2 2 2 2 2 2 2 2 2 2 2 2 2 2 2 2 2 2 2
left_child=3 2 5 4 11 15 17 -7 10 -8 -3 -1 -6 -13 -12 -2 -14 -4 19 -5 -21
right_child=1 8 6 18 12 7 9 -9 -10 -11 14 13 16 -15 -16 -17 -18 -19 -20 20 -22
leaf_value=0 -6.4131879935761825e-08 0 0 0 0 -2.8346993985516857e-07 8.4863893373016284e-08 9.1589495898000226e-08 0 3.394348555809881e-07 4.698759290504663e-07 0 -4.4267569295804925e-07 -8.3897564899371311e-07 7.971136972801304e-07 9.6388809951098064e-08 0 -3.8303944129743308e-07 0 5.3188921633889999e-07 0
leaf_weight=1436 60024 7949 3899 327 3424 103611 90926 9074 4487 77260 61412 1898 90763 61900 67964 43512 328 5961 1484 1627 469
leaf_count=1436 60024 7949 3899 327 3424 103611 90926 9074 4487 77260 61412 1898 90763 61900 67964 43512 328 5961 1484 1627 469
internal_value=0 1.70804e-07 9.48896e-09 -5.58037e-07 -5.82071e-07 -1.21149e-07 1.7937e-07 -2.3552e-07 6.05191e-07 2.13698e-07 6.27529e-07 -7.97106e-07 -4.12493e-07 -8.17933e-07 6.5724e-07 0 -4.33742e-07 -2.03346e-07 0 2.46713e-07 3.93127e-07
internal_weight=699735 536079 394267 163656 159749 216221 178046 112685 141812 168186 137325 65234 94515 63798 129376 103536 91091 9860 3907 2423 2096
internal_count=699735 536079 394267 163656 159749 216221 178046 112685 141812 168186 137325 65234 94515 63798 129376 103536 91091 9860 3907 2423 2096
is_linear=0
shrinkage=0.02


Tree=27
num_leaves=23
num_cat=0
split_feature=1 5 1 4 4 4 5 5 4 4 1 5 1 4 5 4 1 1 5 5 1 0
split_gain=0.000438409 0.000103062 4.69782e-05 3.3581e-05 2.55282e-05 1.21438e-05 1.13704e-05 8.09681e-06 5.03494e-06 4.01179e-06 3.62112e-06 3.10981e-06 3.07476e-06 1.90597e-06 1.33565e-06 1.21976e-06 4.50105e-07 8.87895e-07 2.62679e-07 1.87631e-07 2.56954e-07 3.24279e-09
threshold=-0.0041419148910790673 1.4056688547134402 -0.0073362695984542361 -0.45045319199562067 -0.45045319199562067 2.9999792575836186 -1.8184449076652525 1.7902358174324038 -0.15345040708780286 1.3905907869338991 -0.0035901319934055205 -0.93507561087608326 -0.081132266670465455 -0.47126354277133936 -2.6566073894500728 2.7072849273681645 -0.17059962451457975 -0.0067667609546333543 0.32490445673465734 -2.6566073894500728 -0.0035901319934055205 1.2286439538002016
decision_type=2 2 2 2 2 2 2 2 2 2 2 2 2 2 2 2 2 2 2 2 2 2
left_child=1 2 3 13 18 -5 19 16 10 11 -8 -4 -9 -1 -11 -14 21 -18 -2 -6 -21 -3
right_child=4 7 9 5 6 -7 8 12 -10 14 -12 -13 15 -15 -16 -17 17 -19 -20 20 -22 -23
leaf_value=-2.1265297838107731e-07 0 -2.4354130405129432e-08 -2.9254526294835871e-07 -7.2417549513746565e-07 0 0 0 0 1.0581116620347551e-06 0 6.9261795902860099e-07 -2.2451026156170901e-08 4.9929543074874078e-07 0 3.4879331304543521e-07 0 1.4036246167206236e-07 0 1.1288659630522002e-07 0 1.5026410685232739e-07 0
leaf_weight=46889 8845 3069 36408 223646 1552 4677 2822 5122 109446 453 48346 69496 46348 18311 8939 1322 27966 15430 12023 427 7897 301
leaf_count=46889 8845 3069 36408 223646 1552 4677 2822 5122 109446 453 48346 69496 46348 18311 8939 1322 27966 15430 12023 427 7897 301
internal_value=0 -3.06661e-07 -4.49002e-07 -5.8472e-07 8.16443e-07 -7.01721e-07 8.98765e-07 2.5775e-07 9.4115e-07 -8.61415e-08 6.51885e-07 -1.3419e-07 4.31656e-07 -1.4432e-07 2.42704e-07 4.81817e-07 1.86696e-08 6.71742e-08 4.80316e-08 6.95188e-09 9.52555e-08 -1.24603e-08
internal_weight=699735 508377 408819 293523 191358 228323 170490 99558 160614 115296 51168 105904 52792 65200 9392 47670 46766 43396 20868 9876 8324 3370
internal_count=699735 508377 408819 293523 191358 228323 170490 99558 160614 115296 51168 105904 52792 65200 9392 47670 46766 43396 20868 9876 8324 3370
is_linear=0
shrinkage=0.02


Tree=28
num_leaves=23
num_cat=0
split_feature=1 1 4 4 0 3 1 1 0 1 3 0 4 4 4 4 4 3 4 3 1 1
split_gain=0.000421456 4.47103e-05 2.44061e-05 2.06175e-05 1.01783e-05 1.15866e-05 1.00926e-05 4.92384e-06 3.06222e-06 3.50541e-06 4.76964e-06 2.29485e-06 1.99846e-06 1.55476e-06 9.6306e-07 1.22851e-06 5.10771e-07 2.0831e-07 1.46609e-07 1.27785e-07 7.48474e-08 7.36927e-08
threshold=-0.0041419148910790673 -0.010131907183676956 -0.45045319199562067 -0.4251201450824737 -0.83550119400024403 -0.014565916266292332 -0.045517876744270318 -0.0030996017158031459 1.2293903827667239 -0.0066061720717698327 -0.01370217092335224 1.2639859318733218 -0.098992612212896333 -0.47126354277133936 -0.47126354277133936 -0.60703358054161061 -0.15949255973100659 -1.5701873898506162 -0.37862834334373469 1.5611214041709902 -0.014664437156170605 -0.0032879544887691732
decision_type=2 2 2 2 2 2 2 2 2 2 2 2 2 2 2 2 2 2 2 2 2 2
left_child=1 3 17 14 6 -6 -5 18 9 10 -3 13 -11 -10 15 -1 -9 -2 -4 21 -16 -19
right_child=2 8 7 4 5 -7 -8 16 11 12 -12 -13 -14 -15 20 -17 -18 19 -20 -21 -22 -23
leaf_value=0 0 0 0 -5.8723398562885918e-07 -3.3225752084955365e-07 -6.9355935876714236e-07 4.7664839343464772e-07 6.6603203559184957e-07 0 -9.3075219252379441e-08 -2.9758172278339806e-07 0 7.3654887385913631e-08 6.2008109946916609e-07 -3.6916277599241562e-08 -2.1952838300214137e-07 1.0116525389266417e-06 0 2.8844914305648114e-07 0 3.2006166669890845e-08 1.1890794460572303e-07
leaf_weight=9723 2332 22602 821 6693 82871 146149 7610 45848 965 56243 50322 2812 57539 5598 13851 34600 110561 1985 13260 1735 10799 14816
leaf_count=9723 2332 22602 821 6693 82871 146149 7610 45848 965 56243 50322 2812 57539 5598 13851 34600 110561 1985 13260 1735 10799 14816
internal_value=0 -3.00601e-07 8.00573e-07 -4.5017e-07 -5.39204e-07 -5.71555e-07 0 8.81113e-07 -5.21855e-08 -7.83538e-08 -1.86939e-07 2.5563e-07 0 4.82917e-07 -1.07079e-07 -1.62893e-07 9.23129e-07 4.67308e-08 2.72373e-07 8.3389e-08 0 1.03509e-07
internal_weight=699735 508377 191358 312296 243323 229020 14303 170490 196081 186706 72924 9375 113782 6563 68973 44323 156409 20868 14081 18536 24650 16801
internal_count=699735 508377 191358 312296 243323 229020 14303 170490 196081 186706 72924 9375 113782 6563 68973 44323 156409 20868 14081 18536 24650 16801
is_linear=0
shrinkage=0.02


Tree=29
num_leaves=25
num_cat=0
split_feature=1 1 4 4 3 3 3 2 1 2 1 2 4 1 2 2 3 4 1 3 4 3 1 2
split_gain=0.000405275 4.29893e-05 2.33725e-05 1.97429e-05 9.52077e-06 2.30869e-05 8.2373e-06 4.92295e-06 6.82098e-06 5.56537e-06 4.5637e-06 3.97318e-06 3.59128e-06 3.41924e-06 1.88649e-06 1.28167e-06 1.52744e-06 3.09584e-07 3.55428e-07 2.01871e-07 1.53775e-07 1.24258e-07 7.10046e-08 6.51112e-08
threshold=-0.0041419148910790673 -0.010131907183676956 -0.45045319199562067 -0.4251201450824737 0.0078098736703395852 -0.014565916266292332 0.16808518767356875 0.26084078848361975 -0.0059062461368739596 0.22451655566692355 -0.0030996017158031459 0.2490995451807976 -0.067928284406661973 -0.0067127428483217946 0.38847307860851293 0.24565702676773074 0.019835521467030052 -0.15949255973100659 0.010153800249099733 -1.5701873898506162 -0.13806440681219098 1.5611214041709902 -0.0032879544887691732 0.23161481320858004
decision_type=2 2 2 2 2 2 2 2 2 2 2 2 2 2 2 2 2 2 2 2 2 2 2 2
left_child=1 3 19 15 5 -5 -6 9 14 13 20 -11 -10 -3 -9 23 -17 -12 -19 -2 -4 22 -21 -1
right_child=2 7 10 4 6 -7 -8 8 12 11 17 -13 -14 -15 -16 16 -18 18 -20 21 -22 -23 -24 -25
leaf_value=-4.1185253184123535e-08 0 -1.9648455808235382e-07 0 -3.2561237378652615e-07 1.8026481841857295e-08 -8.3593536174393523e-07 -4.0264541807120479e-07 -4.0803808760973607e-07 -1.7396449398470264e-07 4.8338255913560462e-07 6.5271142674027764e-07 0 1.4791907378069541e-07 5.1200140204711108e-08 0 -2.8480399356239847e-07 0 1.1916858458273059e-06 8.0466862186056948e-07 0 3.6461402074462397e-07 0 1.1652980374238424e-07 1.2241582537288866e-08
leaf_weight=13771 2332 35404 6071 82871 17089 97432 45931 35314 28311 16218 45848 11080 26495 41031 2228 23197 14084 48182 62379 1985 8010 1735 14816 17921
leaf_count=13771 2332 35404 6071 82871 17089 97432 45931 35314 28311 16218 45848 11080 26495 41031 2228 23197 14084 48182 62379 1985 8010 1735 14816 17921
internal_value=0 -2.94721e-07 7.85108e-07 -4.41399e-07 -5.28584e-07 -6.12473e-07 -2.56837e-07 -5.09105e-08 -1.61097e-07 2.79024e-08 8.63961e-07 2.83901e-07 0 -3.73593e-08 -3.69478e-07 -1.04829e-07 -1.84613e-07 9.04922e-07 9.9142e-07 4.50423e-08 2.6694e-07 8.14882e-08 1.01412e-07 0
internal_weight=699735 508377 191358 312296 243323 180303 63020 196081 92348 103733 170490 27298 54806 76435 37542 68973 37281 156409 110561 20868 14081 18536 16801 31692
internal_count=699735 508377 191358 312296 243323 180303 63020 196081 92348 103733 170490 27298 54806 76435 37542 68973 37281 156409 110561 20868 14081 18536 16801 31692
is_linear=0
shrinkage=0.02


Tree=30
num_leaves=23
num_cat=0
split_feature=1 1 4 4 0 1 4 1 2 2 1 2 4 1 0 2 4 1 1 4 2 1
split_gain=0.000384077 4.20098e-05 2.12386e-05 2.00298e-05 9.36439e-06 9.74372e-06 8.33605e-06 5.62158e-06 5.40636e-06 7.68294e-06 5.10649e-06 3.58633e-06 3.38873e-06 3.23106e-06 2.35441e-06 1.44899e-06 1.36529e-06 7.20606e-07 1.70421e-06 1.07975e-07 5.86835e-08 4.04743e-08
threshold=-0.0041419148910790673 -0.010131907183676956 -0.45475889742374415 -0.45045319199562067 -0.83550119400024403 -0.045517876744270318 2.9999792575836186 -0.0030996017158031459 0.25830316543579107 0.22911778092384341 -0.0059062461368739596 0.2490995451807976 -0.067928284406661973 -0.0062610872555524102 1.2210358381271365 0.24308220297098163 -0.60703358054161061 0.010153800249099733 0.28815434873104101 -0.32528607547283167 0.22801784425973895 -0.003843197249807417
decision_type=2 2 2 2 2 2 2 2 2 2 2 2 2 2 2 2 2 2 2 2 2 2
left_child=1 3 21 15 5 -5 -6 19 9 13 14 -11 -12 -3 -10 20 -17 -9 -19 -4 -1 -2
right_child=2 8 7 4 6 -7 -8 17 10 11 12 -13 -14 -15 -16 16 -18 18 -20 -21 -22 -23
leaf_value=0 0 -9.4697199515228051e-08 0 -5.7338628897973126e-07 -5.6321075990689014e-07 4.6647222855708738e-07 0 1.044346057413672e-06 -3.8851302573567595e-07 6.3978055658557895e-07 -1.7542997160713845e-07 0 1.3213450698635573e-07 2.1397852886802713e-07 0 0 -2.3863620311460262e-07 5.6291367952623183e-07 9.8819146737929901e-07 2.4531819897796593e-07 3.6372496539479323e-08 5.1277907315692089e-08
leaf_weight=10801 228 65591 1734 6755 227739 7705 4916 69705 35137 11508 28798 5380 26874 15587 7039 9585 26911 57468 29965 12223 17743 20020
leaf_count=10801 228 65591 1734 6755 227739 7705 4916 69705 35137 11508 28798 5380 26874 15587 7039 9585 26911 57468 29965 12223 17743 20020
internal_value=2.64198e-10 -2.84489e-07 7.66816e-07 -4.29394e-07 -5.13501e-07 0 -5.44217e-07 8.40853e-07 -4.33991e-08 4.65203e-08 -1.53959e-07 4.40432e-07 0 -1.07909e-08 -3.21592e-07 -7.90863e-08 -1.644e-07 8.83026e-07 7.3154e-07 2.22733e-07 0 4.24293e-08
internal_weight=699412 508069 191343 312155 247115 14460 232655 171095 195914 98066 97848 16888 55672 81178 42176 65040 36496 157138 87433 13957 28544 20248
internal_count=699412 508069 191343 312155 247115 14460 232655 171095 195914 98066 97848 16888 55672 81178 42176 65040 36496 157138 87433 13957 28544 20248
is_linear=0
shrinkage=0.02


Tree=31
num_leaves=22
num_cat=0
split_feature=1 5 1 5 5 5 1 2 5 1 2 2 5 2 1 2 1 1 5 3 2
split_gain=0.000369453 9.71182e-05 4.18776e-05 1.87825e-05 1.02467e-05 8.43765e-06 7.608e-06 3.50799e-06 3.30556e-06 2.93474e-06 2.92481e-06 2.92014e-06 1.94021e-06 9.52288e-07 9.5901e-07 8.51596e-07 7.85855e-07 7.04021e-07 6.89286e-07 4.33106e-07 7.54328e-08
threshold=-0.0041419148910790673 1.3917530179023745 -0.0073362695984542361 -1.2837833166122434 -1.585398197174072 1.7902358174324038 -0.4755482673645019 0.28929464519023901 -1.2630876898765562 -0.0030996017158031459 0.22291945666074756 0.35104535520076757 0.70304545760154735 0.31471540033817297 -0.27149467170238489 0.21893128007650378 -0.0032879544887691732 -0.0068752968218177548 -2.5857044458389278 -1.5873896479606626 0.38572476804256445
decision_type=2 2 2 2 2 2 2 2 2 2 2 2 2 2 2 2 2 2 2 2 2
left_child=1 2 3 7 16 13 -5 -1 15 -6 17 -12 -10 14 -3 -4 -2 -7 -18 -20 -15
right_child=4 5 8 6 9 10 -8 -9 12 -11 11 -13 -14 20 -16 -17 18 -19 19 -21 -22
leaf_value=-6.7576578989681344e-07 0 0 0 -9.576697536102231e-07 2.665492064159451e-07 0 -3.4996007091840355e-07 -1.2472130943534674e-06 6.1751726757987187e-08 8.3515705138163389e-07 5.7803216429599821e-07 0 -1.3787717029654983e-07 -1.1278639276596681e-07 1.3793111848642839e-07 -3.3925011841037161e-07 0 2.1985376235110785e-07 0 2.7486106698561354e-07 0
leaf_weight=88072 1380 2331 10421 13539 14671 6093 174241 16347 54248 161129 37986 2717 29943 6300 39453 19880 1607 5826 611 11945 672
leaf_count=88072 1380 2331 10421 13539 14671 6093 174241 16347 54248 161129 37986 2717 29943 6300 39453 19880 1607 5826 611 11945 672
internal_value=4.41617e-10 -2.78782e-07 -4.18765e-07 -5.47051e-07 7.5231e-07 2.63051e-07 -4.04427e-07 -7.84382e-07 -7.38933e-08 7.99082e-07 4.43578e-07 5.32091e-07 0 2.71898e-08 9.37178e-08 -2.5351e-07 9.46132e-08 0 1.78937e-07 2.40987e-07 -8.46581e-08
internal_weight=699412 508069 406691 292199 191343 101378 187780 104419 114492 175800 52622 40703 84191 48756 41784 30301 15543 11919 14163 12556 6972
internal_count=699412 508069 406691 292199 191343 101378 187780 104419 114492 175800 52622 40703 84191 48756 41784 30301 15543 11919 14163 12556 6972
is_linear=0
shrinkage=0.02


Tree=32
num_leaves=24
num_cat=0
split_feature=1 1 4 4 3 3 0 1 4 3 0 1 4 4 0 1 1 3 3 3 4 3 1
split_gain=0.000355209 3.89745e-05 2.04558e-05 1.91387e-05 9.32988e-06 2.31087e-05 1.02007e-05 4.94502e-06 2.98447e-06 2.39224e-06 3.67581e-06 3.3766e-06 1.14066e-06 1.05101e-06 6.98121e-07 6.20638e-07 1.64612e-06 4.3841e-07 2.78543e-07 1.30959e-07 1.0428e-07 1.0368e-07 7.84588e-08
threshold=-0.0041419148910790673 -0.010131907183676956 -0.45475889742374415 -0.45045319199562067 0.0078098736703395852 -0.014565916266292332 1.2033933997154238 -0.0030996017158031459 -0.30940322577953333 -0.014311873354017733 1.1998248696327212 -0.0059062461368739596 -0.47126354277133936 -0.60703358054161061 1.2147662043571474 0.010153800249099733 0.28815434873104101 1.5523051023483279 -0.018717817962169644 -1.5701873898506162 -0.32528607547283167 1.5611214041709902 -0.0032879544887691732
decision_type=2 2 2 2 2 2 2 2 2 2 2 2 2 2 2 2 2 2 2 2 2 2 2
left_child=1 3 19 12 5 -5 -6 20 14 10 -10 -11 13 -1 17 -9 -17 -3 -14 -2 -4 22 -21
right_child=2 8 7 4 6 -7 -8 15 9 11 -12 -13 18 -15 -16 16 -18 -19 -20 21 -22 -23 -24
leaf_value=0 0 -2.1268495923837197e-07 0 -2.9681935052212435e-07 2.460919703217575e-08 -8.0003919958672867e-07 -4.3042297090584804e-07 1.0075217578729972e-06 6.0096660307870993e-07 -1.2813001807091917e-07 0 8.4163580174244614e-08 0 -1.8552552012178052e-07 0 5.3616820189858719e-07 9.5288581529813465e-07 0 9.5020359827334301e-08 0 2.3560729721247029e-07 0 9.8822265814514259e-08
leaf_weight=9759 2305 43689 1734 85094 23754 97927 40340 69705 6332 73365 23288 40446 8118 34823 8404 57468 29965 390 12340 1968 12223 1690 14285
leaf_count=9759 2305 43689 1734 85094 23754 97927 40340 69705 6332 73365 23288 40446 8118 34823 8404 57468 29965 390 12340 1968 12223 1690 14285
internal_value=2.02538e-10 -2.7353e-07 7.37492e-07 -4.13121e-07 -4.95242e-07 -5.77e-07 -2.30579e-07 8.09939e-07 -4.0909e-08 0 1.66038e-07 -3.51124e-08 -7.03547e-08 -1.32119e-07 -1.70274e-07 8.50178e-07 7.01861e-07 -2.02129e-07 0 2.65443e-08 2.13602e-07 6.0947e-08 8.15624e-08
internal_weight=699412 508069 191343 312155 247115 183021 64094 171095 195914 143431 29620 113811 65040 44582 52483 157138 87433 44079 20458 20248 13957 17943 16253
internal_count=699412 508069 191343 312155 247115 183021 64094 171095 195914 143431 29620 113811 65040 44582 52483 157138 87433 44079 20458 20248 13957 17943 16253
is_linear=0
shrinkage=0.02


Tree=33
num_leaves=23
num_cat=0
split_feature=1 1 4 4 0 1 4 2 2 1 1 2 4 1 0 2 4 1 1 2 4 1
split_gain=0.000341714 3.75016e-05 1.96194e-05 1.83399e-05 8.77284e-06 9.28193e-06 7.96771e-06 5.15235e-06 7.37886e-06 4.66715e-06 4.48406e-06 3.38323e-06 3.19666e-06 3.04272e-06 2.25979e-06 1.32465e-06 1.26912e-06 3.42444e-07 1.44401e-06 8.03669e-08 6.43297e-08 5.01027e-08
threshold=-0.0041419148910790673 -0.010131907183676956 -0.44133009016513819 -0.45045319199562067 -0.83550119400024403 -0.045517876744270318 2.9999792575836186 0.25830316543579107 0.22911778092384341 -0.0059062461368739596 -0.0030996017158031459 0.2490995451807976 -0.067928284406661973 -0.0062610872555524102 -0.81854501366615284 0.24308220297098163 -0.60703358054161061 0.010153800249099733 0.28815434873104101 0.22801784425973895 -0.32528607547283167 -0.003843197249807417
decision_type=2 2 2 2 2 2 2 2 2 2 2 2 2 2 2 2 2 2 2 2 2 2
left_child=1 3 21 15 5 -5 -6 8 13 14 20 -10 -11 -3 -9 19 -17 -12 -19 -1 -4 -2
right_child=2 7 10 4 6 -7 -8 9 11 12 17 -13 -14 -15 -16 16 -18 18 -20 -21 -22 -23
leaf_value=0 0 -8.9946620639876246e-08 0 -5.4856380336565683e-07 -5.3400999344727324e-07 4.669467011461246e-07 0 -8.6155580509262413e-07 6.2709754010971562e-07 -1.7070417000818956e-07 9.9098214505205658e-07 0 1.278814709470782e-07 2.1056982594872194e-07 -1.8034530150302179e-07 0 -2.2353858278008433e-07 5.2712880055058684e-07 9.3787251557410081e-07 4.2565119619117179e-08 2.3089519866706932e-07 5.9851285127389996e-08
leaf_weight=10801 247 65591 1634 6755 227739 7705 4916 4993 11508 28798 69093 5380 26874 15587 37183 9585 26911 56967 29729 17743 12223 21450
leaf_count=10801 247 65591 1634 6755 227739 7705 4916 4993 11508 28798 69093 5380 26874 15587 37183 9585 26911 56967 29729 17743 12223 21450
internal_value=2.95932e-10 -2.68131e-07 7.23498e-07 -4.05069e-07 -4.85499e-07 0 -5.15211e-07 -3.97368e-08 4.79461e-08 -1.48055e-07 7.97697e-07 4.33407e-07 0 -7.60704e-09 -3.08412e-07 -6.87287e-08 -1.51447e-07 8.36908e-07 6.91047e-07 0 2.1253e-07 5.11637e-08
internal_weight=699412 508069 191343 312155 247115 14460 232655 195914 98066 97848 169646 16888 55672 81178 42176 65040 36496 155789 86696 28544 13857 21697
internal_count=699412 508069 191343 312155 247115 14460 232655 195914 98066 97848 169646 16888 55672 81178 42176 65040 36496 155789 86696 28544 13857 21697
is_linear=0
shrinkage=0.02


Tree=34
num_leaves=21
num_cat=0
split_feature=5 5 4 4 5 5 4 5 0 4 0 0 4 4 3 4 5 4 0 3
split_gain=0.000136557 7.42684e-05 1.84661e-05 6.47248e-06 5.87651e-06 5.72933e-06 3.34085e-06 3.03515e-06 2.4667e-06 2.38164e-06 2.19965e-06 2.15237e-06 2.05373e-06 1.44159e-06 2.13337e-06 1.43013e-06 1.3647e-06 3.7404e-07 1.72688e-07 8.28529e-07
threshold=1.5261341333389284 -1.2837833166122434 -0.036353329196572297 2.9999792575836186 1.9099624156951907 -1.9065061211585996 1.197090804576874 1.2325285673141482 -0.83550119400024403 2.7072849273681645 1.232986629009247 -0.83550119400024403 -0.47126354277133936 1.3905907869338991 -0.0086553883738815767 -0.52954259514808644 -0.95464482903480519 -0.45681309700012201 -0.75122475624084462 -0.01377098076045513
decision_type=2 2 2 2 2 2 2 2 2 2 2 2 2 2 2 2 2 2 2 2
left_child=1 3 7 5 6 11 12 10 -7 15 -3 -1 -2 16 -15 -6 -4 -9 19 -5
right_child=4 2 13 18 9 8 -8 17 -10 -11 -12 -13 -14 14 -16 -17 -18 -19 -20 -21
leaf_value=0 0 -1.5334021232136416e-07 0 0 0 0 0 0 -3.9103868696981417e-07 0 0 -7.2837162617175147e-07 4.3131763591743279e-07 5.1538247929163264e-07 0 7.2211566537845708e-07 1.571077123146528e-07 8.5383089654330963e-08 0 4.4459405168418193e-07
leaf_weight=1977 7848 193007 14203 403 731 3135 6173 14094 83169 2373 16082 65801 59063 15774 4933 73789 109539 23864 1428 2026
leaf_count=1977 7848 193007 14203 403 731 3135 6173 14094 83169 2373 16082 65801 59063 15774 4933 73789 109539 23864 1428 2026
internal_value=4.21287e-10 -1.42717e-07 0 -5.08871e-07 5.38137e-07 -5.31257e-07 3.47591e-07 -9.99634e-08 -3.68679e-07 6.93233e-07 -1.32275e-07 -7.08765e-07 3.89792e-07 1.84513e-07 4.01411e-07 7.13204e-07 1.32054e-07 2.53328e-08 0 1.68631e-07
internal_weight=699412 549435 391496 157939 149977 154082 73084 247047 86304 76893 209089 67778 66911 144449 20707 74520 123742 37958 3857 2429
internal_count=699412 549435 391496 157939 149977 154082 73084 247047 86304 76893 209089 67778 66911 144449 20707 74520 123742 37958 3857 2429
is_linear=0
shrinkage=0.02


Tree=35
num_leaves=21
num_cat=0
split_feature=5 5 5 5 2 2 0 5 2 0 2 2 5 2 2 2 2 3 0 2
split_gain=0.000133895 7.28152e-05 6.69955e-06 4.81841e-06 3.73259e-06 2.86278e-06 2.84457e-06 2.25584e-06 1.9033e-06 1.87412e-06 9.74265e-07 9.29566e-07 1.96703e-06 1.6407e-06 9.19455e-07 8.13053e-07 5.52317e-07 4.24031e-07 1.34788e-07 5.68069e-09
threshold=-1.2630876898765562 1.5662795901298525 -1.8409551382064817 1.9445440769195559 0.38618315756320959 0.18466155976057055 -0.83550119400024403 1.21692830324173 0.18808144330978396 -0.83550119400024403 0.38919854164123541 0.34017753601074224 0.36848978698253637 0.26179260015487676 0.31471540033817297 0.20280085504055026 0.37443275749683386 1.632378935813904 1.2459866404533388 0.33400228619575506
decision_type=2 2 2 2 2 2 2 2 2 2 2 2 2 2 2 2 2 2 2 2
left_child=2 7 5 8 -5 -1 -7 11 -3 -4 18 13 -13 -2 15 -9 -10 -8 -11 -16
right_child=1 3 9 4 -6 6 17 14 16 10 -12 12 -14 -15 19 -17 -18 -19 -20 -21
leaf_value=0 6.3395342142182359e-09 0 0 7.1289493570697227e-07 0 0 -7.0523611902682404e-07 0 3.8733408549720607e-07 -3.5650321096124612e-07 0 3.0203425342263236e-07 0 -8.1059931445925485e-08 -2.2324968275998611e-08 1.744389546375304e-07 0 0 0 0
leaf_weight=907 189821 673 3103 71244 290 2225 75031 3691 66346 77893 300 11382 8634 119317 4559 53052 3134 386 994 6421
leaf_count=907 189821 673 3103 71244 290 2225 75031 3691 66346 77893 300 11382 8634 119317 4559 53052 3134 386 994 6421
internal_value=0 1.5336e-07 -5.04221e-07 5.42886e-07 6.96626e-07 -6.66228e-07 -6.81024e-07 9.25801e-09 3.5761e-07 -3.25273e-07 -3.45565e-07 -6.7589e-09 1.12097e-07 -2.09242e-08 1.16637e-07 1.50725e-07 3.74274e-07 -7.01829e-07 -3.53284e-07 0
internal_weight=699403 538564 160839 141687 71534 78549 77642 396877 70153 82290 79187 329154 20016 309138 67723 56743 69480 75417 78887 10980
internal_count=699403 538564 160839 141687 71534 78549 77642 396877 70153 82290 79187 329154 20016 309138 67723 56743 69480 75417 78887 10980
is_linear=0
shrinkage=0.02


Tree=36
num_leaves=20
num_cat=0
split_feature=1 1 4 1 4 2 2 2 1 4 2 4 1 1 2 3 1 2 3
split_gain=0.000327206 3.45339e-05 1.91084e-05 1.68579e-05 1.51018e-05 8.835e-06 3.83997e-06 6.21717e-06 4.63441e-06 3.65293e-06 2.94781e-06 2.82863e-06 2.77741e-06 2.56228e-06 1.64594e-06 7.21667e-07 6.49162e-07 6.4668e-07 5.13568e-07
threshold=-0.0041419148910790673 -0.0099295680411159975 -0.32000666856765742 -0.4755482673645019 -0.4251201450824737 0.28929464519023901 0.25830316543579107 0.22911778092384341 -0.0059062461368739596 -0.096251688897609697 0.24737173318862918 2.9999792575836186 -0.0064672213047742835 -0.0030996017158031459 0.38847307860851293 -1.5601140856742857 -0.003843197249807417 0.24197011440992358 1.5611214041709902
decision_type=2 2 2 2 2 2 2 2 2 2 2 2 2 2 2 2 2 2 2
left_child=1 3 15 11 17 -6 7 12 14 -10 -9 -1 -3 -4 -8 -2 -17 -5 -18
right_child=2 6 13 4 5 -7 8 10 9 -11 -12 -13 -14 -15 -16 16 18 -19 -20
leaf_value=-9.8099749123791728e-07 0 -1.1859092894842692e-07 2.3308933543260559e-07 0 -3.4196305020653355e-07 -7.4934444065517471e-07 -3.3553904418888636e-07 6.4332841311248565e-07 -1.852918460490627e-07 1.3745494900561642e-07 0 0 1.1797365274175581e-07 8.4921691129673289e-07 0 0 2.9433197763272084e-07 -9.8362985563862439e-08 0
leaf_weight=24127 3782 54978 12168 28754 185522 37654 38031 9026 26610 28981 7439 854 26106 140969 2215 487 31757 37769 2174
leaf_count=24127 3782 54978 12168 28754 185522 37654 38031 9026 26610 28981 7439 854 26106 140969 2215 487 31757 37769 2174
internal_value=0 -2.63327e-07 7.07049e-07 -3.93454e-07 -3.39395e-07 -4.19658e-07 -4.12393e-08 3.12444e-08 -1.35887e-07 0 3.94042e-07 -9.403e-07 -1.77602e-08 8.13321e-07 -3.00052e-07 2.28665e-07 2.57722e-07 -4.00596e-08 2.7391e-07
internal_weight=699403 508066 191337 314680 289699 223176 193386 97549 95837 55591 16465 24981 81084 153137 40246 38200 34418 66523 33931
internal_count=699403 508066 191337 314680 289699 223176 193386 97549 95837 55591 16465 24981 81084 153137 40246 38200 34418 66523 33931
is_linear=0
shrinkage=0.02


Tree=37
num_leaves=22
num_cat=0
split_feature=1 5 1 4 4 4 5 5 5 1 4 5 4 4 4 1 3 1 1 1 1
split_gain=0.000314572 8.61867e-05 3.48858e-05 2.76892e-05 1.82626e-05 1.11042e-05 1.07343e-05 8.65438e-06 3.10191e-06 2.49833e-06 2.17162e-06 1.5198e-06 1.50612e-06 1.49462e-06 1.44663e-06 5.37692e-07 4.709e-07 4.18677e-07 3.78173e-07 9.20574e-07 5.12097e-08
threshold=-0.0041419148910790673 1.3638594746589663 -0.0073362695984542361 -0.45045319199562067 -0.32000666856765742 2.9999792575836186 -2.0308898687362666 1.7902358174324038 -1.2630876898765562 -0.4755482673645019 -0.076530441641807542 1.1322813630104067 -0.47126354277133936 1.324047923088074 -0.27829128503799433 -0.003843197249807417 -1.5825695395469663 -0.0030996017158031459 -0.14878447353839871 -0.0069361336063593617 0.28815434873104101
decision_type=2 2 2 2 2 2 2 2 2 2 2 2 2 2 2 2 2 2 2 2 2
left_child=1 2 3 12 11 -5 -6 18 13 -9 -10 20 -1 -4 -11 -13 -17 -8 -3 -20 -2
right_child=4 7 8 5 6 -7 17 9 10 14 -12 15 -14 -15 -16 16 -18 -19 19 -21 -22
leaf_value=-1.6872247738668735e-07 0 0 -2.9928317632352158e-07 -6.3938726754950484e-07 0 2.0406627990555962e-08 2.9010468195069493e-07 0 -1.0317237943211476e-07 0 1.0150207472609281e-07 0 0 0 5.1447531126112175e-07 0 4.0290962126966612e-07 8.6352524434470393e-07 1.3280264277476672e-07 0 8.0131640021614319e-08
leaf_weight=46156 15823 4086 27435 221147 6446 4585 11446 1850 45261 8804 37550 297 18088 2881 41939 877 18013 135245 30282 18002 3190
leaf_count=46156 15823 4086 27435 221147 6446 4585 11446 1850 45261 8804 37550 297 18088 2881 41939 877 18013 135245 30282 18002 3190
internal_value=0 -2.58194e-07 -3.93032e-07 -5.10614e-07 6.93262e-07 -6.17126e-07 7.97316e-07 2.40587e-07 -7.39568e-08 4.25515e-07 0 2.23772e-07 -1.05237e-07 -2.47665e-07 4.55366e-07 3.62459e-07 3.80563e-07 8.32417e-07 1.66813e-08 5.86064e-08 0
internal_weight=699403 508066 403103 289976 191337 225732 153137 104963 113127 52593 82811 38200 64244 30316 50743 19187 18890 146691 52370 48284 19013
internal_count=699403 508066 403103 289976 191337 225732 153137 104963 113127 52593 82811 38200 64244 30316 50743 19187 18890 146691 52370 48284 19013
is_linear=0
shrinkage=0.02


Tree=38
num_leaves=21
num_cat=0
split_feature=5 5 5 5 2 2 0 0 5 2 2 2 2 2 2 5 2 3 3 2
split_gain=0.000123492 6.64279e-05 5.54605e-06 4.51791e-06 3.71423e-06 3.11242e-06 2.35025e-06 2.13365e-06 1.97351e-06 1.86033e-06 1.13765e-06 1.07286e-06 8.79262e-07 7.79968e-07 2.0939e-06 1.06396e-06 7.7846e-07 3.21417e-07 1.29051e-07 9.42507e-09
threshold=-1.2837833166122434 1.5662795901298525 -1.9065061211585996 2.1920609474182133 0.38240106403827673 0.18969416618347171 -0.83550119400024403 -0.83550119400024403 1.21692830324173 0.19532891362905505 0.38919854164123541 0.31708136200904852 0.31471540033817297 0.31394594907760626 0.26179260015487676 0.88717454671859752 0.20280085504055026 1.632378935813904 1.632378935813904 0.33400228619575506
decision_type=2 2 2 2 2 2 2 2 2 2 2 2 2 2 2 2 2 2 2 2
left_child=2 8 5 9 -5 -1 -4 -7 13 -3 18 -11 16 14 -2 -15 -10 -9 -8 -14
right_child=1 3 6 4 -6 7 10 17 12 11 -12 -13 19 15 -16 -17 -18 -19 -20 -21
leaf_value=0 6.880132965977147e-09 0 0 7.9144087822846353e-07 0 0 -3.6400917253793909e-07 -7.0151608499343304e-07 0 4.4655555275646094e-07 0 1.8645644239451413e-08 -2.8756275228322252e-08 1.3605210934406248e-07 -9.8836446100860821e-08 0 1.666036022797382e-07 0 0 0
leaf_weight=1565 191338 2047 3228 40726 895 1998 83791 66402 3691 85252 334 12767 4559 32444 99944 8278 53052 353 318 6421
leaf_count=1565 191338 2047 3228 40726 895 1998 83791 66402 3691 85252 334 12767 4559 32444 99944 8278 53052 353 318 6421
internal_value=0 1.45794e-07 -4.89711e-07 5.18208e-07 7.59746e-07 -6.58064e-07 -3.31868e-07 -6.7898e-07 8.78488e-09 3.97756e-07 -3.54231e-07 4.11224e-07 1.09328e-07 -5.70013e-09 -2.25269e-08 6.55472e-08 1.43051e-07 -6.98281e-07 -3.62475e-07 0
internal_weight=699403 541414 157989 141687 41621 70318 87671 68753 399727 100066 84443 98019 67723 332004 291282 40722 56743 66755 84109 10980
internal_count=699403 541414 157989 141687 41621 70318 87671 68753 399727 100066 84443 98019 67723 332004 291282 40722 56743 66755 84109 10980
is_linear=0
shrinkage=0.02


Tree=39
num_leaves=23
num_cat=0
split_feature=5 5 4 2 2 4 5 2 4 4 5 2 0 2 0 2 4 4 2 0 0 2
split_gain=0.000118672 6.34268e-05 1.76557e-05 6.79803e-06 6.74937e-06 6.01419e-06 6.60918e-06 5.15789e-06 4.27803e-06 3.98506e-06 3.20283e-06 2.96237e-06 2.84295e-06 1.90811e-06 1.80532e-06 1.59128e-06 1.48374e-06 1.39874e-06 1.35427e-06 2.84661e-07 3.73406e-07 4.71642e-07
threshold=-1.2630876898765562 1.5801516771316531 -0.1019337736070156 0.19769876450300219 0.24565702676773074 2.9999792575836186 -1.9531639814376829 0.34207031130790716 2.7072849273681645 0.077253796160221114 1.9445440769195559 0.18969416618347171 -0.83550119400024403 0.19167646020650866 -0.83550119400024403 0.22717908769845965 -0.52954259514808644 0.0131854759529233 0.38919854164123541 -0.75122475624084462 -0.825274497270584 0.38251720368862158
decision_type=2 2 2 2 2 2 2 2 2 2 2 2 2 2 2 2 2 2 2 2 2 2
left_child=5 2 4 17 15 6 11 -6 10 -5 13 -1 -8 -3 -13 -2 -12 -4 -14 20 -7 -22
right_child=1 8 3 9 7 19 12 -9 -10 -11 16 14 18 -15 -16 -17 -18 -19 -20 -21 21 -23
leaf_value=0 -5.3049258711299276e-08 0 0 5.1097693948746076e-08 -2.5838974594951525e-07 0 0 1.1342992061125772e-07 0 2.894322451218106e-07 0 0 -3.7644185867240823e-07 3.7415678614851224e-07 -7.3457103915724892e-07 1.026785391131722e-07 6.8131102126024262e-07 -4.5734426456210853e-07 0 0 5.2458222373930827e-07 0
leaf_weight=1386 60812 1015 4032 72759 104805 326 3440 9347 4320 97633 530 1850 90652 64337 59281 44141 68788 6045 343 1462 1642 457
leaf_count=1386 60812 1015 4032 72759 104805 326 3440 9347 4320 97633 530 1850 90652 64337 59281 44141 68788 6045 343 1462 1642 457
internal_value=0 1.4466e-07 1.15041e-08 1.62414e-07 -1.03667e-07 -4.74406e-07 -4.95946e-07 -2.10424e-07 5.13071e-07 1.99399e-07 5.33285e-07 -6.93657e-07 -3.4388e-07 3.55162e-07 -7.15159e-07 0 6.72364e-07 -2.64486e-07 -3.67724e-07 0 2.16685e-07 3.54119e-07
internal_weight=699403 538564 399574 180469 219105 160839 156952 114152 138990 170392 134670 62517 94435 65352 61131 104953 69318 10077 90995 3887 2425 2099
internal_count=699403 538564 399574 180469 219105 160839 156952 114152 138990 170392 134670 62517 94435 65352 61131 104953 69318 10077 90995 3887 2425 2099
is_linear=0
shrinkage=0.02


Tree=40
num_leaves=26
num_cat=0
split_feature=1 5 1 4 4 4 5 5 5 2 2 4 2 4 5 2 1 1 1 1 1 5 1 2 4
split_gain=0.00029811 7.55831e-05 3.45109e-05 2.47083e-05 1.62258e-05 9.52893e-06 9.21973e-06 6.95975e-06 5.34447e-06 3.1072e-06 3.10534e-06 3.03602e-06 2.33275e-06 1.35964e-06 1.24533e-06 6.03268e-07 6.48075e-07 4.75564e-07 3.09308e-07 1.61743e-07 1.42717e-07 7.29819e-08 1.98689e-07 1.85147e-08 4.864e-09
threshold=-0.0041419148910790673 1.4056688547134402 -0.0084880236536264402 -0.45045319199562067 -0.32000666856765742 2.9999792575836186 -1.7752075791358946 1.7902358174324038 -1.2630876898765562 0.22291945666074756 0.31525824964046484 -0.076530441641807542 0.24308220297098163 1.3905907869338991 -1.2432775497436521 0.31471540033817297 -0.27149467170238489 -0.003843197249807417 -0.0068752968218177548 -0.0030996017158031459 -0.0032879544887691732 -2.4220364093780513 -0.0035901319934055205 0.38572476804256445 -0.47126354277133936
decision_type=2 2 2 2 2 2 2 2 2 2 2 2 2 2 2 2 2 2 2 2 2 2 2 2 2
left_child=1 2 3 12 14 -5 21 15 13 18 -11 -10 -1 -4 -2 16 -3 -16 -9 20 -8 -6 -23 -17 -19
right_child=4 7 8 5 6 -7 19 9 11 10 -12 -13 -14 -15 17 23 -18 24 -20 -21 -22 22 -24 -25 -26
leaf_value=0 0 0 -3.4042300473586894e-07 -6.3105957341069131e-07 0 0 3.1887624936012289e-07 0 -1.1522446084274987e-07 5.4652139650826676e-07 0 1.0351734527964026e-07 -2.1499929996726944e-07 0 0 -8.9301725522874837e-08 1.1047929419557064e-07 1.17195382401769e-08 1.4498116885405124e-07 8.4635839257607823e-07 0 0 1.2209974060196646e-07 0 3.6243637168209851e-07
leaf_weight=25501 4077 2224 34615 208381 2680 4406 9236 5986 56739 35248 5223 43036 32666 3133 450 6122 37789 13684 5886 131538 1958 388 7289 614 20167
leaf_count=25501 4077 2224 34615 208381 2680 4406 9236 5986 56739 35248 5223 43036 32666 3133 450 6122 37789 13684 5886 131538 1958 388 7289 614 20167
internal_value=0 -2.52733e-07 -3.74838e-07 -5.07794e-07 6.73398e-07 -6.09982e-07 7.72484e-07 2.30424e-07 -9.83378e-08 3.91996e-07 4.79006e-07 -8.29359e-10 -9.95874e-08 -3.03087e-07 2.26031e-07 6.73573e-09 7.10538e-08 2.6774e-07 0 8.16009e-07 2.80708e-07 0 6.16651e-08 -7.84121e-08 2.79745e-07
internal_weight=699036 507569 408477 270954 191467 212787 153089 99092 137523 52343 40471 99775 58167 37748 38378 46749 40013 34301 11872 142732 11194 10357 7677 6736 33851
internal_count=699036 507569 408477 270954 191467 212787 153089 99092 137523 52343 40471 99775 58167 37748 38378 46749 40013 34301 11872 142732 11194 10357 7677 6736 33851
is_linear=0
shrinkage=0.02


Tree=41
num_leaves=24
num_cat=0
split_feature=5 5 4 2 2 4 5 2 4 4 2 2 4 5 4 4 4 2 3 3 3 5 2
split_gain=0.000106752 5.83593e-05 1.72637e-05 7.91922e-06 5.93765e-06 5.85481e-06 6.1445e-06 5.73315e-06 5.26097e-06 4.17899e-06 3.77801e-06 2.1113e-06 1.25705e-06 1.13247e-06 1.00464e-06 8.48231e-07 3.92445e-07 2.58105e-07 1.54798e-07 2.28485e-07 1.52259e-07 9.39138e-08 9.18119e-08
threshold=-1.2630876898765562 1.5524643063545229 -0.046104146167635911 0.19769876450300219 0.24565702676773074 2.9999792575836186 -1.9065061211585996 0.34416165947914129 1.197090804576874 -0.47126354277133936 0.31830170750617987 0.22717908769845965 -0.63389638066291798 1.9445440769195559 -0.48366990685462946 0.0098589248955249804 1.3905907869338991 0.27591305971145635 -0.012730436399579046 1.5590046644210818 1.632378935813904 2.1655551195144658 0.20178363472223285
decision_type=2 2 2 2 2 2 2 2 2 2 2 2 2 2 2 2 2 2 2 2 2 2 2
left_child=5 2 4 15 11 6 14 -6 9 -3 -5 -2 -8 -11 -1 -4 -14 22 -7 -20 -16 -19 -10
right_child=1 8 3 10 7 18 12 -9 17 13 -12 -13 16 -15 20 -17 -18 21 19 -21 -22 -23 -24
leaf_value=0 -6.0136405222226482e-08 0 0 2.6778060944411903e-07 -2.3367112917609454e-07 0 0 1.8866471481224858e-07 0 3.8334754769693071e-07 0 1.1161101914492811e-07 -3.3496501935402046e-07 6.7554652454151899e-07 -6.6143892296499306e-07 -4.6128908489444486e-07 0 -9.8458519270368123e-08 2.847295647408887e-07 0 0 0 1.4240398413306692e-07
leaf_weight=1008 69077 8383 1799 118789 118445 1786 1423 9122 442 59749 22934 47741 84469 63039 66649 6072 3059 3875 1891 258 297 1827 6902
leaf_count=1008 69077 8383 1799 118789 118445 1786 1423 9122 442 59749 22934 47741 84469 63039 66649 6072 3059 3875 1891 258 297 1827 6902
internal_value=0 1.36219e-07 5.05578e-09 1.78975e-07 -9.32209e-08 -4.50995e-07 -4.72677e-07 -1.87793e-07 4.80668e-07 5.19677e-07 2.2235e-07 0 -3.1485e-07 5.4965e-07 -6.49838e-07 -3.47919e-07 -3.26323e-07 0 0 1.6974e-07 -6.5928e-07 0 1.18566e-07
internal_weight=699036 538196 393979 149594 244385 160840 156905 127567 144217 131171 141723 116818 88951 122788 67954 7871 87528 13046 3935 2149 66946 5702 7344
internal_count=699036 538196 393979 149594 244385 160840 156905 127567 144217 131171 141723 116818 88951 122788 67954 7871 87528 13046 3935 2149 66946 5702 7344
is_linear=0
shrinkage=0.02


Tree=42
num_leaves=25
num_cat=0
split_feature=4 2 2 2 2 4 2 2 2 4 3 0 4 2 2 4 4 4 2 0 4 0 4 4
split_gain=1.09997e-05 7.39555e-06 6.86131e-06 5.70434e-06 5.5557e-06 3.98636e-06 2.70793e-06 2.20621e-06 1.9154e-06 2.44999e-06 1.76396e-06 2.32373e-06 1.52903e-06 1.38137e-06 1.096e-06 9.70605e-07 9.84408e-07 7.39383e-07 6.10454e-07 5.56501e-07 3.10244e-07 1.54278e-07 1.32183e-07 4.68559e-08
threshold=-0.1019337736070156 0.38251720368862158 0.24565702676773074 0.36034122109413153 0.19769876450300219 1.3905907869338991 0.35543212294578558 0.38847307860851293 0.22986409813165667 -0.32528607547283167 0.019835521467030052 1.1758224964141848 0.046626728028059013 0.27183881402015692 0.21337385475635531 -0.21025709807872769 -0.46861021220684046 -0.058723755180835717 0.20733901858329776 1.235261917114258 -0.645799160003662 1.2041571736335757 -0.13537574559450147 2.9999792575836186
decision_type=2 2 2 2 2 2 2 2 2 2 2 2 2 2 2 2 2 2 2 2 2 2 2 2
left_child=2 4 8 10 17 6 -6 12 9 18 19 -12 -3 -7 -11 16 -10 -2 -1 -4 -5 -19 -22 -14
right_child=1 7 3 20 5 13 -8 -9 15 14 11 -13 23 -15 -16 -17 -18 21 -20 -21 22 -23 -24 -25
leaf_value=0 0 0 -2.3517832615927923e-07 0 1.0539924332824762e-07 7.1590331927437858e-08 -1.6486331458965623e-07 0 0 1.2264991337200724e-07 1.1191107635703603e-07 -1.5672359844073995e-07 -1.0056848229499815e-06 5.0355100229944548e-07 -6.3601543580592331e-09 0 2.1785951106871713e-07 -3.0761866355662989e-07 -1.9972663397748398e-07 0 2.6531446542152556e-07 0 0 0
leaf_weight=18342 2837 376 135925 269 268845 19513 10163 3476 10166 34673 15281 31299 3297 18963 19339 13888 31379 11338 30422 3685 9525 4329 725 981
leaf_count=18342 2837 376 135925 269 268845 19513 10163 3476 10166 34673 15281 31299 3297 18963 19339 13888 31379 11338 30422 3685 9525 4329 725 981
internal_value=0 8.1714e-08 -7.696e-08 -1.56732e-07 1.01098e-07 1.24751e-07 8.83865e-08 -4.73379e-07 9.5825e-09 -2.67156e-08 -1.88565e-07 -2.56587e-08 -7.62277e-07 3.36464e-07 3.94292e-08 1.12961e-07 1.62391e-07 -1.96633e-07 -1.40993e-07 -2.28592e-07 2.16602e-07 -2.54054e-07 2.45468e-07 -8.80397e-07
internal_weight=699036 344118 354918 196709 335988 317484 279008 8130 158209 102776 186190 46580 4654 38476 54012 55433 41545 18504 48764 139610 10519 15667 10250 4278
internal_count=699036 344118 354918 196709 335988 317484 279008 8130 158209 102776 186190 46580 4654 38476 54012 55433 41545 18504 48764 139610 10519 15667 10250 4278
is_linear=0
shrinkage=0.02


Tree=43
num_leaves=21
num_cat=0
split_feature=1 1 1 4 4 2 2 1 2 4 1 4 1 2 2 3 3 1 3 4
split_gain=0.000284421 3.06683e-05 1.59093e-05 1.50418e-05 1.27903e-05 9.00332e-06 4.56903e-06 5.15372e-06 4.20201e-06 3.52644e-06 3.07239e-06 2.9452e-06 2.92386e-06 2.48068e-06 1.94381e-06 5.64318e-07 4.69475e-07 3.25622e-07 2.48355e-07 5.90792e-09
threshold=-0.0041419148910790673 -0.010131907183676956 -0.32320049405097956 -0.38470415771007532 -0.4251201450824737 0.28929464519023901 0.26084078848361975 -0.0059062461368739596 0.2229886129498482 2.9999792575836186 -0.0062610872555524102 -0.096251688897609697 -0.0030996017158031459 0.2490995451807976 0.38847307860851293 -0.018313495442271229 -1.5701873898506162 -0.0032879544887691732 1.5562921166419985 -0.37213683128356928
decision_type=2 2 2 2 2 2 2 2 2 2 2 2 2 2 2 2 2 2 2 2
left_child=1 2 9 16 15 -6 8 14 10 -1 -3 -9 19 -10 -8 -4 -2 -18 -19 -5
right_child=3 6 4 12 5 -7 7 11 13 -11 -12 -13 -14 -15 -16 -17 17 18 -20 -21
leaf_value=-8.8734720511884633e-07 0 -1.1079868854798384e-07 -1.1442831698520741e-07 0 -3.097691921090866e-07 -7.2501829866354108e-07 -3.7018320825015957e-07 -1.735371579723945e-07 3.7615122090355077e-07 0 1.915751367244994e-07 1.1668624889186716e-07 7.709439447360629e-07 0 0 0 0 2.15196377448484e-07 0 1.9642714401068168e-07
leaf_weight=29558 2660 58105 22337 282 179842 35681 35199 26220 19665 1094 14969 28530 149774 11135 2209 43025 2542 20649 2467 13093
leaf_count=29558 2660 58105 22337 282 179842 35681 35199 26220 19665 1094 14969 28530 149774 11135 2209 43025 2542 20649 2467 13093
internal_value=0 -2.46712e-07 -3.70919e-07 6.57905e-07 -3.12113e-07 -3.87796e-07 -3.91188e-08 -1.46744e-07 3.71135e-08 -8.44549e-07 -2.14886e-08 0 7.35896e-07 2.41083e-07 -3.28875e-07 -3.1957e-08 1.37946e-07 1.68288e-07 1.92535e-07 1.9389e-07
internal_weight=699036 507569 311537 191467 280885 215523 196032 92158 103874 30652 73074 54750 163149 30800 37408 65362 28318 25658 23116 13375
internal_count=699036 507569 311537 191467 280885 215523 196032 92158 103874 30652 73074 54750 163149 30800 37408 65362 28318 25658 23116 13375
is_linear=0
shrinkage=0.02


Tree=44
num_leaves=24
num_cat=0
split_feature=5 5 4 2 4 5 2 2 4 4 2 2 4 5 4 4 4 2 3 3 3 5 2
split_gain=0.000101158 5.51043e-05 1.59564e-05 7.49979e-06 5.59768e-06 5.80193e-06 5.40465e-06 5.43402e-06 5.19775e-06 3.85356e-06 3.5299e-06 1.98945e-06 1.2152e-06 9.69897e-07 9.64421e-07 8.12008e-07 3.59268e-07 2.18192e-07 1.46123e-07 1.40063e-07 2.18037e-07 1.09112e-07 8.35222e-08
threshold=-1.2630876898765562 1.5524643063545229 -0.046104146167635911 0.19769876450300219 2.9999792575836186 -1.9065061211585996 0.24565702676773074 0.34416165947914129 1.197090804576874 -0.47126354277133936 0.31830170750617987 0.22717908769845965 -0.63389638066291798 1.9445440769195559 -0.48366990685462946 0.0098589248955249804 1.3905907869338991 0.27591305971145635 1.632378935813904 -0.012730436399579046 1.5590046644210818 2.1655551195144658 0.20178363472223285
decision_type=2 2 2 2 2 2 2 2 2 2 2 2 2 2 2 2 2 2 2 2 2 2 2
left_child=4 2 6 15 5 14 11 -8 9 -3 -5 -2 -7 -11 -1 -4 -14 22 -16 -6 -21 -19 -10
right_child=1 8 3 10 19 12 7 -9 17 13 -12 -13 16 -15 18 -17 -18 21 -20 20 -22 -23 -24
leaf_value=0 -5.9013740269013023e-08 0 0 2.5871939160796578e-07 0 0 -2.2454115821605425e-07 1.8550415725703448e-07 0 3.7202417822521619e-07 0 1.0784065996803515e-07 -3.2533321263807449e-07 6.5717675750175712e-07 -6.4470620433222676e-07 -4.4958531021580438e-07 0 -1.0612694672342917e-07 0 2.7521710292892962e-07 0 0 1.3223218143826333e-07
leaf_weight=1008 69077 8383 1799 118789 1786 1423 118445 9122 442 59749 22934 47741 84469 63039 66649 6072 3059 3875 297 1891 258 1827 6902
leaf_count=1008 69077 8383 1799 118789 1786 1423 118445 9122 442 59749 22934 47741 84469 63039 66649 6072 3059 3875 297 1891 258 1827 6902
internal_value=0 1.32539e-07 4.93893e-09 1.72316e-07 -4.39083e-07 -4.60325e-07 -8.93331e-08 -1.79542e-07 4.67254e-07 5.05856e-07 2.14805e-07 0 -3.05661e-07 5.34709e-07 -6.33346e-07 -3.38621e-07 -3.17019e-07 0 -6.42596e-07 0 1.6146e-07 0 1.09013e-07
internal_weight=699036 538196 393979 149594 160840 156905 244385 127567 144217 131171 141723 116818 88951 122788 67954 7871 87528 13046 66946 3935 2149 5702 7344
internal_count=699036 538196 393979 149594 160840 156905 244385 127567 144217 131171 141723 116818 88951 122788 67954 7871 87528 13046 66946 3935 2149 5702 7344
is_linear=0
shrinkage=0.02


Tree=45
num_leaves=24
num_cat=0
split_feature=4 2 2 2 2 4 2 2 3 0 4 2 4 2 2 4 4 4 0 0 2 4 4
split_gain=9.50911e-06 6.63356e-06 5.93553e-06 5.9089e-06 5.66928e-06 4.24577e-06 2.49643e-06 2.21757e-06 1.65826e-06 2.11624e-06 1.44882e-06 1.39016e-06 2.12573e-06 1.18254e-06 9.99337e-07 8.86776e-07 1.08769e-06 7.79338e-07 8.15818e-07 6.6821e-07 6.52357e-07 3.13641e-07 9.80991e-08
threshold=-0.1019337736070156 0.38251720368862158 0.19841020554304126 0.24565702676773074 0.36034122109413153 1.3905907869338991 0.32023353874683386 0.38847307860851293 0.019835521467030052 1.1758224964141848 0.054882613942027099 0.23161481320858004 -0.32528607547283167 0.21337385475635531 0.24046728760004046 -0.21025709807872769 -0.46861021220684046 -0.030255105346441265 1.2041571736335757 1.235261917114258 0.20733901858329776 -0.645799160003662 -0.13537574559450147
decision_type=2 2 2 2 2 2 2 2 2 2 2 2 2 2 2 2 2 2 2 2 2 2 2
left_child=3 2 17 11 8 6 -4 10 19 -10 -3 12 20 -14 -7 16 -13 -2 -19 -5 -1 -6 -23
right_child=1 7 5 4 21 14 -8 -9 9 -11 -12 15 13 -15 -16 -17 -18 18 -20 -21 -22 22 -24
leaf_value=0 0 0 1.0536655650654674e-07 -2.2397625678118645e-07 0 0 -5.9683026366755705e-08 0 1.1004155011499486e-07 -1.4717432639440513e-07 -8.4778629236221076e-07 0 1.2779528597336705e-07 -6.5763533403047399e-09 4.1676684415705233e-07 0 2.1289273287865984e-07 -3.6517859039923067e-07 0 0 -1.8196526937185085e-07 2.75624459426339e-07 0
leaf_weight=18341 4498 379 251559 136192 273 10803 26565 3513 15319 31375 4318 9909 34540 21570 27087 12785 28989 11110 4531 3662 31994 9512 760
leaf_count=18341 4498 379 251559 136192 273 10803 26565 3513 15319 31375 4318 9909 34540 21570 27087 12785 28989 11110 4531 3662 31994 9512 760
internal_value=0 7.52248e-08 9.39177e-08 -7.22636e-08 -1.46158e-07 1.19274e-07 8.24108e-08 -4.46535e-07 -1.78144e-07 -1.99569e-08 -7.33054e-07 7.19193e-09 -1.94209e-08 4.04955e-08 3.37079e-07 1.007e-07 1.50308e-07 -2.04659e-07 -2.71773e-07 -2.16658e-07 -1.25945e-07 2.30019e-07 2.5793e-07
internal_weight=699584 344363 336153 355221 197093 316014 278124 8210 186548 46694 4697 158128 106445 56110 37890 51683 38898 20139 15641 139854 50335 10545 10272
internal_count=699584 344363 336153 355221 197093 316014 278124 8210 186548 46694 4697 158128 106445 56110 37890 51683 38898 20139 15641 139854 50335 10545 10272
is_linear=0
shrinkage=0.02


Tree=46
num_leaves=23
num_cat=0
split_feature=5 5 4 4 4 5 5 4 0 0 0 4 5 4 5 5 4 4 4 0 3 0
split_gain=9.83538e-05 5.22217e-05 1.39923e-05 5.44095e-06 5.40617e-06 4.66654e-06 3.77793e-06 3.38326e-06 2.08238e-06 1.94394e-06 1.7993e-06 1.38482e-06 1.23748e-06 1.22942e-06 1.41183e-06 1.22122e-06 8.98209e-07 6.51786e-07 3.92795e-07 2.89867e-07 9.02327e-07 6.00986e-07
threshold=-1.2432775497436521 1.5801516771316531 -0.036353329196572297 2.9999792575836186 1.197090804576874 -1.9065061211585996 1.3498364686965945 -0.22003575414419171 -0.83550119400024403 -0.83994200825691212 1.232986629009247 0.8658277988433839 1.7745229601860049 0.17321790754795077 -0.95464482903480519 1.3354969024658205 -0.48366990685462946 -0.59741503000259388 -0.46291007101535792 -0.75122475624084462 -0.01377098076045513 -0.82478407025337208
decision_type=2 2 2 2 2 2 2 2 2 2 2 2 2 2 2 2 2 2 2 2 2 2
left_child=3 2 6 5 7 9 10 17 -7 -1 -2 -10 -9 14 -4 -15 -11 -3 -8 20 -5 -22
right_child=1 4 13 19 -6 8 18 12 11 16 -12 -13 -14 15 -16 -17 -18 -19 -20 -21 21 -23
leaf_value=0 -1.2885132604221285e-07 0 -9.7990704246151856e-08 0 0 0 0 2.2641924694684874e-07 -3.4934167971483289e-07 0 0 0 6.814647300265941e-07 2.6684291660866508e-07 1.1029031985899865e-07 0 -6.4008955589728808e-07 2.8530803547519477e-07 1.5062017031601088e-07 0 0 6.4915640675304279e-07
leaf_weight=1914 202845 2491 7071 372 12608 3339 9833 17701 82408 954 17256 6016 64791 69446 58766 11395 64977 41259 20682 1444 314 1702
leaf_count=1914 202845 2491 7071 372 12608 3339 9833 17701 82408 954 17256 6016 64791 69446 58766 11395 64977 41259 20682 1444 314 1702
internal_value=0 1.31202e-07 9.34562e-09 -4.29233e-07 4.65466e-07 -4.49778e-07 -7.60369e-08 5.05397e-07 -3.07383e-07 -6.12893e-07 -1.09686e-07 -3.27829e-07 6.08067e-07 1.68867e-07 5.75425e-08 2.34789e-07 -6.31139e-07 2.66095e-07 1.0113e-07 0 2.20345e-07 4.86348e-07
internal_weight=699584 536144 397294 163440 138850 159608 250616 126242 91763 67845 220101 88424 82492 146678 65837 80841 65931 43750 30515 3832 2388 2016
internal_count=699584 536144 397294 163440 138850 159608 250616 126242 91763 67845 220101 88424 82492 146678 65837 80841 65931 43750 30515 3832 2388 2016
is_linear=0
shrinkage=0.02


Tree=47
num_leaves=21
num_cat=0
split_feature=1 1 1 4 4 2 2 1 2 2 4 4 1 2 4 1 2 4 0 1
split_gain=0.000266846 3.0751e-05 1.5615e-05 1.51306e-05 1.29385e-05 8.61931e-06 3.84448e-06 5.00744e-06 4.02586e-06 5.43316e-06 3.42271e-06 3.2568e-06 2.93191e-06 1.74424e-06 9.4525e-07 5.82832e-07 3.54908e-07 2.82082e-07 7.13528e-08 5.14767e-08
threshold=-0.0037759890547022219 -0.0099295680411159975 -0.32320049405097956 -0.45475889742374415 -0.4251201450824737 0.28929464519023901 0.26084078848361975 -0.0059062461368739596 0.22911778092384341 0.2490995451807976 -0.098992612212896333 2.9999792575836186 -0.0062610872555524102 0.38847307860851293 -0.1501856595277786 -0.0035901319934055205 0.24197011440992358 1.197090804576874 1.2162267565727236 -0.0032879544887691732
decision_type=2 2 2 2 2 2 2 2 2 2 2 2 2 2 2 2 2 2 2 2
left_child=1 2 11 18 16 -6 8 13 12 -10 -9 -1 -3 -8 15 -5 -4 -16 19 -2
right_child=3 6 4 14 5 -7 7 10 9 -11 -12 -13 -14 -15 17 -17 -18 -19 -20 -21
leaf_value=-8.6661535770552435e-07 0 -8.9654034116269467e-08 0 0 -2.9945631611638237e-07 -7.0367432707309383e-07 -3.5725819295254669e-07 -1.7316943358746419e-07 5.6028899876321434e-07 0 1.3834866801238513e-07 0 1.9965153190006479e-07 0 8.4368153767160809e-07 5.0489883208498687e-07 -6.7595466377254327e-08 3.5056589416374987e-07 0 5.9102937877659256e-08
leaf_weight=29684 1062 65382 28481 1040 181891 36193 33263 27109 12547 13177 29056 1058 16347 2265 98782 51188 37197 15486 3913 14463
leaf_count=29684 1062 65382 28481 1040 181891 36193 33263 27109 12547 13177 29056 1058 16347 2265 98782 51188 37197 15486 3913 14463
internal_value=0 -2.34509e-07 -3.58327e-07 6.49723e-07 -3.00578e-07 -3.75711e-07 -2.89255e-08 -1.29798e-07 3.85398e-08 2.61982e-07 0 -8.26317e-07 -7.31741e-09 -3.16004e-07 7.12577e-07 4.95361e-07 -2.0646e-08 7.94356e-07 8.45649e-09 4.39081e-08
internal_weight=699584 513650 314504 185934 283762 218084 199146 91693 107453 25724 56165 30742 81729 35528 166496 52228 65678 114268 19438 15525
internal_count=699584 513650 314504 185934 283762 218084 199146 91693 107453 25724 56165 30742 81729 35528 166496 52228 65678 114268 19438 15525
is_linear=0
shrinkage=0.02


Tree=48
num_leaves=20
num_cat=0
split_feature=1 5 1 2 2 1 5 5 2 2 5 5 2 2 1 3 2 1 3
split_gain=0.000256714 6.59499e-05 3.27822e-05 1.60207e-05 1.24991e-05 1.06321e-05 9.57827e-06 6.38989e-06 3.39791e-06 2.31841e-06 1.83253e-06 1.2684e-06 1.05867e-06 9.5326e-07 1.06191e-06 5.54901e-07 3.12807e-07 2.13721e-07 5.60594e-08
threshold=-0.0037759890547022219 1.2325285673141482 -0.0073362695984542361 0.28929464519023901 0.22451655566692355 -0.027171454392373558 1.7902358174324038 -2.0588593482971187 0.22291945666074756 0.38230906426906591 -1.2630876898765562 0.70304545760154735 0.21978401392698291 0.31471540033817297 -0.27149467170238489 -1.5825695395469663 0.38572476804256445 -0.0068752968218177548 -1.5864857435226438
decision_type=2 2 2 2 2 2 2 2 2 2 2 2 2 2 2 2 2 2 2
left_child=1 2 3 4 -1 -5 13 -2 17 -10 12 -12 -4 14 -3 18 -15 -8 -9
right_child=7 6 10 5 -6 -7 8 15 9 -11 11 -13 -14 16 -16 -17 -18 -19 -20
leaf_value=-6.7432880229733612e-07 0 -1.7419600696861251e-07 0 -4.3776983078487523e-07 -2.9082799399015848e-07 -1.2917010948520307e-06 -9.810247631229868e-10 1.1134190833489215e-07 4.7796369829695106e-07 0 5.6065442154840046e-08 -1.1999004650803182e-07 -2.6227061720633155e-07 -2.1413456620151731e-07 8.4309193283771445e-08 6.7616447301721898e-07 0 1.1929073167847128e-07 0
leaf_weight=59638 6179 3347 10673 22937 177531 19397 5949 7395 40748 1072 56005 23012 20246 9264 56954 171100 870 6007 1260
leaf_count=59638 6179 3347 10673 22937 177531 19397 5949 7395 40748 1072 56005 23012 20246 9264 56954 171100 870 6007 1260
internal_value=0 -2.29981e-07 -3.5959e-07 -4.75641e-07 -3.95695e-07 -8.76278e-07 1.60282e-07 6.37303e-07 3.61365e-07 4.47681e-07 -4.63488e-08 0 -1.77047e-07 0 3.67937e-08 6.59041e-07 -1.71961e-07 0 8.94509e-08
internal_weight=699584 513650 389439 279503 237169 42334 124211 185934 53776 41820 109936 79017 30919 70435 60301 179755 10134 11956 8655
internal_count=699584 513650 389439 279503 237169 42334 124211 185934 53776 41820 109936 79017 30919 70435 60301 179755 10134 11956 8655
is_linear=0
shrinkage=0.02


Tree=49
num_leaves=22
num_cat=0
split_feature=1 1 1 4 4 3 4 4 1 3 0 3 4 3 1 3 4 3 3 3 1
split_gain=0.000246868 2.86685e-05 1.49022e-05 1.45839e-05 1.23845e-05 7.83091e-06 3.14364e-06 2.27456e-06 2.67054e-06 2.06341e-06 1.18794e-06 1.16585e-06 9.24167e-07 6.41705e-07 5.57262e-07 3.74018e-07 3.42396e-07 4.45106e-08 3.57666e-08 6.64608e-08 7.30793e-08
threshold=-0.0037759890547022219 -0.0099295680411159975 -0.32320049405097956 -0.45475889742374415 -0.4251201450824737 -0.0061258319765329352 2.9999792575836186 -0.1157933473587036 -0.0059062461368739596 -0.013833564706146715 1.2305384278297427 -0.010781649965792893 -0.1501856595277786 1.5472643971443178 -0.0035901319934055205 -0.018717817962169644 2.7072849273681645 1.6045107245445254 -1.5701873898506162 1.5611214041709902 -0.0032879544887691732
decision_type=2 2 2 2 2 2 2 2 2 2 2 2 2 2 2 2 2 2 2 2 2
left_child=1 2 6 18 15 -6 17 10 9 -9 13 -10 14 -3 -5 -4 -14 -1 -2 20 -20
right_child=3 7 4 12 5 -7 -8 8 11 -11 -12 -13 16 -15 -16 -17 -18 -19 19 -21 -22
leaf_value=-8.4591909609155743e-07 0 -1.4259471924310637e-07 -8.7531276089375502e-08 0 -4.4295134975337001e-07 -1.2063365534396524e-07 0 1.1486166064588745e-07 2.7178184237481433e-07 -1.1235895293969249e-07 0 0 7.8549082965905698e-07 0 4.8202948214279727e-07 0 0 0 0 0 6.9838286340809065e-08
leaf_weight=29464 2290 85129 21347 1040 157137 60947 1058 17026 20855 51430 3891 15007 108990 5808 51188 44331 5278 220 1077 1694 14377
leaf_count=29464 2290 85129 21347 1040 157137 60947 1058 17026 20855 51430 3891 15007 108990 5808 51188 44331 5278 220 1077 1694 14377
internal_value=0 -2.25719e-07 -3.45276e-07 6.2477e-07 -2.8867e-07 -3.62045e-07 -8.02713e-07 -2.68649e-08 2.28485e-08 -2.663e-08 -1.02644e-07 1.73066e-07 6.86255e-07 -1.27326e-07 4.72713e-07 -1.45731e-08 7.66354e-07 -8.42423e-07 0 2.88842e-08 5.14389e-08
internal_weight=699584 513650 314504 185934 283762 218084 30742 199146 104318 68456 94828 35862 166496 90937 52228 65678 114268 29684 19438 17148 15454
internal_count=699584 513650 314504 185934 283762 218084 30742 199146 104318 68456 94828 35862 166496 90937 52228 65678 114268 29684 19438 17148 15454
is_linear=0
shrinkage=0.02


Tree=50
num_leaves=25
num_cat=0
split_feature=1 5 1 4 4 5 2 5 1 4 1 2 2 5 4 2 1 1 5 5 4 4 1 5
split_gain=0.000239174 6.03277e-05 2.86454e-05 2.28761e-05 1.52148e-05 8.98108e-06 8.47388e-06 5.95394e-06 3.94352e-06 4.25088e-06 3.33031e-06 3.12388e-06 3.15955e-06 1.76542e-06 1.6026e-06 1.54028e-06 1.45754e-06 1.52901e-06 1.12463e-06 1.10541e-06 2.39093e-07 1.37957e-07 4.99023e-08 4.08532e-08
threshold=-0.004604408983141183 1.1172599792480471 -0.0073362695984542361 -0.45045319199562067 -0.15949255973100659 1.7902358174324038 0.28929464519023901 -2.0588593482971187 -0.0035901319934055205 -0.45681309700012201 -0.004267071606591343 0.22291945666074756 0.31525824964046484 -0.93507561087608326 0.38512225449085241 0.26777821779251104 -0.38251531124114985 -0.0069361336063593617 -1.6034729480743406 0.76048725843429577 1.197090804576874 2.7072849273681645 -0.0068752968218177548 0.76048725843429577
decision_type=2 2 2 2 2 2 2 2 2 2 2 2 2 2 2 2 2 2 2 2 2 2 2 2
left_child=1 2 3 15 8 16 -5 -6 -2 23 -9 22 -13 14 -4 -1 21 -18 -11 -15 -12 -3 -7 -10
right_child=4 5 13 6 7 11 -8 10 9 18 20 12 -14 19 -16 -17 17 -19 -20 -21 -22 -23 -24 -25
leaf_value=0 0 -3.9195238824567041e-07 -2.3483780434233684e-07 -4.8953698251459585e-07 0 0 -9.1892021497334235e-07 0 0 0 8.2936740373189118e-07 4.8155856253989266e-07 0 7.7065676406912483e-08 0 -2.7184835007125245e-07 9.2338973880488709e-08 -8.2078407776246453e-08 4.8934214437221731e-07 -1.1988058778720081e-07 3.3838490134625741e-07 0 6.0138984675297416e-08 4.2488222799328721e-08
leaf_weight=44066 10185 4127 27348 175073 6116 5954 37292 5701 9704 2683 99815 34147 4883 42808 8483 13286 51327 26441 46911 13076 15243 219 5519 9052
leaf_count=44066 10185 4127 27348 175073 6116 5954 37292 5701 9704 2683 99815 34147 4883 42808 8483 13286 51327 26441 46911 13076 15243 219 5519 9052
internal_value=0 -2.36597e-07 -3.71843e-07 -4.76623e-07 5.75422e-07 1.16918e-07 -5.74356e-07 7.24484e-07 3.09142e-07 3.64538e-07 7.55766e-07 3.27153e-07 4.12923e-07 -4.18988e-08 -1.55569e-07 -7.98581e-08 0 7.31982e-09 4.66295e-07 0 7.81704e-07 -3.6495e-07 0 0
internal_weight=699459 494049 361432 269717 205410 132617 212365 126875 78535 68350 120759 50503 39030 91715 35831 57352 82114 77768 49594 55884 115058 4346 11473 18756
internal_count=699459 494049 361432 269717 205410 132617 212365 126875 78535 68350 120759 50503 39030 91715 35831 57352 82114 77768 49594 55884 115058 4346 11473 18756
is_linear=0
shrinkage=0.02


Tree=51
num_leaves=25
num_cat=0
split_feature=5 5 4 4 2 4 2 2 5 4 4 2 4 2 4 2 4 5 3 3 2 2 2 3
split_gain=8.59514e-05 4.51908e-05 1.23385e-05 5.73333e-06 5.47571e-06 5.4175e-06 5.12228e-06 4.58845e-06 3.88903e-06 3.48869e-06 2.98274e-06 2.69201e-06 1.21095e-06 1.16434e-06 1.13999e-06 1.09992e-06 9.55708e-07 4.94714e-07 2.89238e-07 3.31522e-07 1.18548e-07 1.58092e-07 7.72286e-08 1.6201e-08
threshold=-1.2630876898765562 1.5524643063545229 -0.1019337736070156 1.197090804576874 0.24565702676773074 2.9999792575836186 0.19769876450300219 0.34207031130790716 -1.9065061211585996 0.17321790754795077 -0.47126354277133936 0.18969416618347171 0.0098589248955249804 0.22717908769845965 -0.63389638066291798 0.38919854164123541 -0.48366990685462946 1.9445440769195559 -0.012943461537361143 1.5590046644210818 0.27591305971145635 0.34787845611572271 0.20280085504055026 -0.012730436399579046
decision_type=2 2 2 2 2 2 2 2 2 2 2 2 2 2 2 2 2 2 2 2 2 2 2 2
left_child=5 2 4 10 13 8 12 -6 11 -8 -3 -1 -4 -2 -10 -16 -13 -12 -7 23 22 -22 -5 -20
right_child=1 3 6 20 7 18 9 -9 14 -11 17 16 -14 -15 15 -17 -18 -19 19 -21 21 -23 -24 -25
leaf_value=0 -3.902843000037758e-08 0 0 0 -2.3294368591062264e-07 0 5.5080111531199527e-08 1.2231896655625303e-07 0 2.7621207374414763e-07 3.3960965422887595e-07 0 -4.094742180281752e-07 9.275031644098338e-08 -3.0722475889569962e-07 0 -6.0686071014527775e-07 6.0317130755179527e-07 0 0 -1.4900655025261806e-07 0 1.0205355245030881e-07 3.7099781739771865e-07
leaf_weight=1550 60000 8412 3867 577 103403 1523 91457 9084 1389 76971 59607 1032 6036 43515 87250 301 65383 63248 210 260 3167 2527 6839 1851
leaf_count=1550 60000 8412 3867 577 103403 1523 91457 9084 1389 76971 59607 1032 6036 43515 87250 301 65383 63248 210 260 3167 2527 6839 1851
internal_value=0 1.22951e-07 6.92362e-09 4.26001e-07 -8.92659e-08 -4.04001e-07 1.34647e-07 -1.86474e-07 -4.25471e-07 1.68011e-07 4.6591e-07 -5.76906e-07 -2.30836e-07 0 -2.87263e-07 -2.98391e-07 -5.97329e-07 4.91576e-07 0 2.2326e-07 0 -3.52667e-08 7.37506e-08 3.4709e-07
internal_weight=699459 538710 394333 144377 216002 160749 178331 112487 156905 168428 131267 67965 9903 103515 88940 87551 66415 122855 3844 2321 13110 5694 7416 2061
internal_count=699459 538710 394333 144377 216002 160749 178331 112487 156905 168428 131267 67965 9903 103515 88940 87551 66415 122855 3844 2321 13110 5694 7416 2061
is_linear=0
shrinkage=0.02


Tree=52
num_leaves=22
num_cat=0
split_feature=5 5 4 4 4 0 5 4 4 5 5 0 5 5 4 0 3 0 4 4 4
split_gain=8.25751e-05 4.34608e-05 1.18348e-05 5.51209e-06 5.24825e-06 4.32148e-06 3.14449e-06 2.90841e-06 2.59187e-06 3.73407e-06 1.9058e-06 1.61898e-06 1.42375e-06 9.32404e-07 9.01225e-07 5.68125e-07 1.08533e-06 7.2227e-07 5.2409e-07 4.35748e-07 1.39282e-07
threshold=-1.2630876898765562 1.5524643063545229 -0.1019337736070156 1.197090804576874 2.9999792575836186 -0.83550119400024403 -1.9065061211585996 -0.22003575414419171 0.17321790754795077 0.99326771497726452 1.2325285673141482 1.232986629009247 1.7745229601860049 1.3776112794876101 -0.48366990685462946 -0.75122475624084462 -0.01377098076045513 -0.825274497270584 -0.59741503000259388 1.3905907869338991 -0.45681309700012201
decision_type=2 2 2 2 2 2 2 2 2 2 2 2 2 2 2 2 2 2 2 2 2
left_child=4 2 10 7 5 -1 14 18 9 -4 11 -2 -9 -10 -7 16 -6 -18 -3 -8 -12
right_child=1 3 8 -5 15 6 19 12 13 -11 20 -13 -14 -15 -16 -17 17 -19 -20 -21 -22
leaf_value=0 -1.3628700876178073e-07 0 0 0 0 0 -3.0995747687924059e-07 2.090022479036332e-07 2.4725373256373529e-07 2.9912111690099373e-07 0 0 6.2979679561224347e-07 0 -5.9307344397343228e-07 0 0 7.4091219694473116e-07 2.5562184794391725e-07 0 4.9746199720999482e-08
leaf_weight=5217 164527 2764 80121 13110 380 987 82757 20286 71682 18186 15057 13905 64599 8342 64975 1441 292 1731 43618 2969 22513
leaf_count=5217 164527 2764 80121 13110 380 987 82757 20286 71682 18186 15057 13905 64599 8342 64975 1441 292 1731 43618 2969 22513
internal_value=0 1.2068e-07 6.79456e-09 4.17881e-07 -3.95814e-07 -4.16997e-07 -4.37336e-07 4.57013e-07 1.31975e-07 3.68571e-08 -8.72954e-08 -1.16178e-07 5.52796e-07 2.23832e-07 -5.83959e-07 0 3.07515e-07 5.71764e-07 2.38598e-07 -3.01186e-07 0
internal_weight=699459 538710 394333 144377 160749 156905 151688 131267 178331 98307 216002 178432 84885 80024 65962 3844 2403 2023 46382 85726 37570
internal_count=699459 538710 394333 144377 160749 156905 151688 131267 178331 98307 216002 178432 84885 80024 65962 3844 2403 2023 46382 85726 37570
is_linear=0
shrinkage=0.02


Tree=53
num_leaves=26
num_cat=0
split_feature=5 5 4 4 2 4 2 2 5 4 4 2 4 2 4 2 2 2 3 3 2 2 2 3 3
split_gain=7.9417e-05 4.1831e-05 1.13495e-05 5.29484e-06 5.21719e-06 5.06317e-06 4.90935e-06 4.41952e-06 3.53915e-06 3.19552e-06 2.76409e-06 2.60354e-06 1.7997e-06 1.21739e-06 1.17856e-06 1.12703e-06 4.69778e-07 3.62072e-07 2.51874e-07 3.10245e-07 1.11841e-07 1.52756e-07 7.52587e-08 2.76233e-08 1.65153e-08
threshold=-1.2630876898765562 1.5524643063545229 -0.1019337736070156 1.197090804576874 0.24565702676773074 2.9999792575836186 0.19769876450300219 0.34207031130790716 -2.1482818126678462 0.17321790754795077 -0.47126354277133936 0.19167646020650866 -0.46092909574508661 0.38919854164123541 0.0098589248955249804 0.22717908769845965 0.27252613008022314 0.38200311362743383 -0.012943461537361143 1.5590046644210818 0.27591305971145635 0.34787845611572271 0.20280085504055026 1.585928797721863 -0.012730436399579046
decision_type=2 2 2 2 2 2 2 2 2 2 2 2 2 2 2 2 2 2 2 2 2 2 2 2 2
left_child=5 2 4 10 15 8 14 -6 11 -8 -3 -1 16 -14 -4 -2 -10 -12 -7 24 22 -22 -5 -13 -20
right_child=1 3 6 20 7 18 9 -9 12 -11 17 23 13 -15 -16 -17 -18 -19 19 -21 21 -23 -24 -25 -26
leaf_value=0 -3.6123141432547943e-08 0 0 0 -2.2624105087934931e-07 0 5.2857673078898685e-08 1.2167533181392401e-07 0 2.6626579712877602e-07 4.7929257087534826e-07 -6.4696110170056882e-07 -3.5135961883883884e-07 0 -4.0412386070235291e-07 9.2523897793354311e-08 -2.1967101761992689e-07 0 0 0 -1.4602651484026626e-07 0 1.0001251511418114e-07 0 3.5360391492454361e-07
leaf_weight=815 60000 8412 3867 577 103403 1523 91457 9084 11278 76971 120370 42724 97332 412 6036 43515 3894 2485 210 260 3167 2527 6839 450 1851
leaf_count=815 60000 8412 3867 577 103403 1523 91457 9084 11278 76971 120370 42724 97332 412 6036 43515 3894 2485 210 260 3167 2527 6839 450 1851
internal_value=0 1.1853e-07 6.7002e-09 4.10113e-07 -8.53229e-08 -3.87988e-07 1.29377e-07 -1.80365e-07 -4.08816e-07 1.62259e-07 4.4847e-07 -6.18544e-07 -3.09398e-07 -3.4344e-07 -2.27903e-07 0 0 4.73176e-07 0 2.08341e-07 0 -3.36092e-08 7.18684e-08 -6.43382e-07 3.30289e-07
internal_weight=699459 538710 394333 144377 216002 160749 178331 112487 156905 168428 131267 43989 112916 97744 9903 103515 15172 122855 3844 2321 13110 5694 7416 43174 2061
internal_count=699459 538710 394333 144377 216002 160749 178331 112487 156905 168428 131267 43989 112916 97744 9903 103515 15172 122855 3844 2321 13110 5694 7416 43174 2061
is_linear=0
shrinkage=0.02


Tree=54
num_leaves=23
num_cat=0
split_feature=1 5 1 4 4 4 5 5 1 1 4 1 1 5 4 4 1 5 5 4 4 5
split_gain=0.000225266 5.26902e-05 2.69901e-05 2.16154e-05 1.40455e-05 8.00157e-06 7.69632e-06 4.79564e-06 3.56041e-06 3.06966e-06 3.29977e-06 1.96276e-06 1.64011e-06 1.34826e-06 1.44919e-06 1.34634e-06 1.31326e-06 1.04718e-06 8.61422e-07 7.72749e-07 1.46072e-07 4.39116e-08
threshold=-0.004604408983141183 1.1172599792480471 -0.0073362695984542361 -0.45045319199562067 -0.17790485918521878 2.9999792575836186 1.8937104344367983 -2.0875651836395259 -0.004267071606591343 -0.0035901319934055205 -0.45681309700012201 -0.4755482673645019 -0.0069361336063593617 -0.93507561087608326 0.38512225449085241 -0.46861021220684046 -0.4755482673645019 0.76048725843429577 -1.7152880430221555 2.7072849273681645 2.5050406455993657 0.76048725843429577
decision_type=2 2 2 2 2 2 2 2 2 2 2 2 2 2 2 2 2 2 2 2 2 2
left_child=1 2 3 15 9 -5 11 -6 -9 -2 21 20 -13 14 -4 -1 -8 -15 -12 -18 -3 -11
right_child=4 6 13 5 7 -7 16 8 -10 10 18 12 -14 17 -16 -17 19 -19 -20 -21 -22 -23
leaf_value=-1.390621835569558e-07 0 -4.4423610684314207e-07 -2.1215849529013675e-07 -5.713411318775732e-07 0 0 0 0 7.4829893308349113e-07 0 0 9.7572540768097082e-08 -6.8065151304310588e-08 7.4160810055511122e-08 0 0 3.6934674787753197e-07 -1.184412823350167e-07 4.5538035372289699e-07 0 0 4.4049927636803169e-08
leaf_weight=42758 9702 4117 27348 208180 5894 4185 1462 5975 119514 9704 1829 57867 29391 42808 8483 14594 38425 13076 43740 1113 242 9052
leaf_count=42758 9702 4117 27348 208180 5894 4185 1462 5975 119514 9704 1829 57867 29391 42808 8483 14594 38425 13076 43740 1113 242 9052
internal_value=0 -2.29257e-07 -3.5564e-07 -4.57275e-07 5.58794e-07 -5.52202e-07 1.00103e-07 6.95648e-07 7.22455e-07 2.8889e-07 3.39313e-07 0 1.88605e-08 -3.49437e-08 -1.34821e-07 -7.09045e-08 3.27869e-07 0 4.37592e-07 3.53213e-07 -4.15916e-07 0
internal_weight=699459 494049 361432 269717 205410 212365 132617 131383 125489 74027 64325 91617 87258 91715 35831 57352 41000 55884 45569 39538 4359 18756
internal_count=699459 494049 361432 269717 205410 212365 132617 131383 125489 74027 64325 91617 87258 91715 35831 57352 41000 55884 45569 39538 4359 18756
is_linear=0
shrinkage=0.02


Tree=55
num_leaves=24
num_cat=0
split_feature=1 5 1 4 4 4 5 5 1 2 2 4 1 4 2 5 2 5 1 1 2 1 5
split_gain=0.00021957 5.14552e-05 2.45733e-05 2.12721e-05 1.42906e-05 8.75278e-06 6.55203e-06 4.1553e-06 3.16806e-06 2.56203e-06 3.15079e-06 2.45214e-06 2.23105e-06 1.77061e-06 2.01202e-06 1.30568e-06 1.28954e-06 1.20389e-06 4.63631e-07 1.48254e-06 3.51634e-07 4.76462e-08 2.67783e-08
threshold=-0.004604408983141183 1.2325285673141482 -0.0073362695984542361 -0.45045319199562067 -0.17505501955747602 2.9999792575836186 1.7902358174324038 -2.4220364093780513 -0.0035901319934055205 0.22291945666074756 0.31525824964046484 -0.45681309700012201 -0.004267071606591343 1.3905907869338991 0.25830316543579107 -2.6566073894500728 0.27092194557189947 -1.7752075791358946 -0.0069361336063593617 -0.27149467170238489 0.20889038592576983 -0.0068752968218177548 0.6255820393562318
decision_type=2 2 2 2 2 2 2 2 2 2 2 2 2 2 2 2 2 2 2 2 2 2 2
left_child=1 2 3 16 8 -5 18 -6 -2 21 -11 22 -9 14 -4 -15 -1 -13 19 -3 -20 -8 -10
right_child=4 6 13 5 7 -7 9 12 11 10 -12 17 -14 15 -16 -17 -18 -19 20 -21 -22 -23 -24
leaf_value=0 0 -2.0773894466064532e-07 0 -5.5042913622656604e-07 0 1.1451350892040122e-08 0 0 0 4.4730433818775285e-07 0 0 7.3224532205303827e-07 0 -1.897884561722457e-07 3.2110121108015153e-07 -2.5226803672159339e-07 4.4268171291236074e-07 0 1.0671055202217414e-07 -1.2914451455642875e-07 5.8212675523594414e-08 3.6457871474054195e-08
leaf_weight=48575 9791 4085 49306 214929 2764 4405 6005 6341 8972 34205 4835 1559 121203 445 40247 7443 12352 44662 4946 41291 16347 5624 9706
leaf_count=48575 9791 4085 49306 214929 2764 4405 6005 6341 8972 34205 4835 1559 121203 445 40247 7443 12352 44662 4946 41291 16347 5624 9706
internal_value=0 -2.25113e-07 -3.40267e-07 -4.36417e-07 5.53224e-07 -5.30026e-07 1.28511e-07 6.92181e-07 2.84015e-07 2.99949e-07 3.78179e-07 3.35202e-07 7.08893e-07 -4.31932e-08 -8.48592e-08 1.76293e-07 -6.66019e-08 4.23012e-07 0 3.43256e-08 -7.87314e-08 0 1.08277e-08
internal_weight=700038 495040 377702 280261 204998 219334 117338 130308 74690 50669 39040 64899 127544 97441 89553 7888 60927 46221 66669 45376 21293 11629 18678
internal_count=700038 495040 377702 280261 204998 219334 117338 130308 74690 50669 39040 64899 127544 97441 89553 7888 60927 46221 66669 45376 21293 11629 18678
is_linear=0
shrinkage=0.02


Tree=56
num_leaves=17
num_cat=0
split_feature=1 1 1 3 3 1 0 2 2 3 1 1 1 1 0 3
split_gain=0.000211162 2.15857e-05 1.13062e-05 9.29042e-06 1.75449e-05 7.42242e-06 6.59397e-06 3.93623e-06 4.00656e-06 2.86869e-06 1.92767e-06 1.6612e-06 8.04675e-07 5.17043e-07 1.89638e-07 8.17012e-08
threshold=-0.004604408983141183 -0.27149467170238489 -0.0099295680411159975 0.0078098736703395852 -0.014214442577213047 -0.0027240018825978036 1.2033933997154238 0.26084078848361975 0.22861430048942569 -1.5825695395469663 0.0021756297210231428 -0.0059062461368739596 0.28815434873104101 -0.0012107486836612222 1.2141931653022768 1.585928797721863
decision_type=2 2 2 2 2 2 2 2 2 2 2 2 2 2 2 2
left_child=1 15 3 4 -3 14 -5 8 -4 -7 13 -9 -12 -11 -2 -1
right_child=5 2 7 6 -6 9 -8 11 -10 10 12 -13 -14 -15 -16 -17
leaf_value=-7.3622748901583339e-07 2.0421599751356788e-07 -1.302719533473085e-07 -2.0416353473439225e-08 1.4371140316741166e-07 -5.3451043937084616e-07 0 -2.1505919845451221e-07 -2.6441441555890124e-07 2.6903707843622019e-07 2.9451794925040739e-07 4.2896110313452861e-07 -1.1858617614389116e-08 7.5065189098596714e-07 9.6721793622240171e-07 0 0
leaf_weight=33070 25302 106884 79693 31762 97452 8484 45883 35582 22474 10276 90232 41907 31243 31739 7722 333
leaf_count=33070 25302 106884 79693 31762 97452 8484 45883 35582 22474 10276 90232 41907 31243 31739 7722 333
internal_value=0 -2.20688e-07 -1.79366e-07 -2.60004e-07 -3.32849e-07 5.42602e-07 -4.25398e-08 -4.16688e-08 2.36801e-08 6.02099e-07 6.23181e-07 -1.53639e-07 5.28164e-07 8.50292e-07 1.72208e-07 -7.3188e-07
internal_weight=700038 495040 461637 281981 204336 204998 77645 179656 102167 171974 163490 77489 121475 42015 33024 33403
internal_count=700038 495040 461637 281981 204336 204998 77645 179656 102167 171974 163490 77489 121475 42015 33024 33403
is_linear=0
shrinkage=0.02


Tree=57
num_leaves=23
num_cat=0
split_feature=5 5 4 4 4 5 4 5 4 3 0 0 0 4 5 5 4 4 3 0 0 3
split_gain=7.10149e-05 3.7023e-05 1.05571e-05 4.65084e-06 4.29905e-06 4.42688e-06 2.90926e-06 2.25443e-06 1.97625e-06 2.00878e-06 1.80143e-06 1.71126e-06 1.50258e-06 1.43776e-06 1.29786e-06 9.38283e-07 9.18772e-07 4.76952e-07 1.99771e-07 3.79758e-07 7.40286e-07 1.74692e-07
threshold=-1.2432775497436521 1.5801516771316531 -0.1019337736070156 1.197090804576874 2.9999792575836186 -1.9065061211585996 -0.22003575414419171 1.3498364686965945 1.3905907869338991 -0.0086553883738815767 -0.83550119400024403 -0.83550119400024403 1.232986629009247 0.48712770640850073 -0.58374273777008046 1.7902358174324038 -0.48366990685462946 -0.59741503000259388 -0.012730436399579046 -0.825274497270584 -0.75122475624084462 -1.529495060443878
decision_type=2 2 2 2 2 2 2 2 2 2 2 2 2 2 2 2 2 2 2 2 2 2
left_child=4 2 7 6 5 10 17 12 14 -10 -1 -7 -2 -13 -4 -8 -12 -3 -6 -20 -21 -9
right_child=1 3 8 -5 18 11 15 21 9 -11 16 13 -14 -15 -16 -17 -18 -19 19 20 -22 -23
leaf_value=0 -1.2499244884771533e-07 0 0 0 0 0 1.8851020445957674e-07 0 4.5629021857000173e-07 0 0 -2.9390645796323536e-07 0 0 1.1758966857762198e-07 5.9668517657391485e-07 -5.6136703819548176e-07 2.2699874855497291e-07 0 6.519408426309741e-07 0 7.6184063031718108e-08
leaf_weight=2017 175133 2474 35113 12580 1720 3317 18992 4845 16246 5082 958 78423 15036 10147 123136 63286 65003 41364 283 1242 616 23025
leaf_count=2017 175133 2474 35113 12580 1720 3317 18992 4845 16246 5082 958 78423 15036 10147 123136 63286 65003 41364 283 1242 616 23025
internal_value=0 1.14124e-07 1.07759e-08 3.95985e-07 -3.61709e-07 -3.8046e-07 4.32662e-07 -7.71288e-08 1.28645e-07 3.47732e-07 -5.34168e-07 -2.44981e-07 -1.05959e-07 -2.64559e-07 8.64796e-08 5.26775e-07 -5.52254e-07 2.10401e-07 0 1.93187e-07 3.5321e-07 4.7831e-08
internal_weight=700038 536312 397616 138696 163726 159865 126116 218039 179577 21328 67978 91887 190169 88570 158249 82278 65961 43838 3861 2141 1858 27870
internal_count=700038 536312 397616 138696 163726 159865 126116 218039 179577 21328 67978 91887 190169 88570 158249 82278 65961 43838 3861 2141 1858 27870
is_linear=0
shrinkage=0.02


Tree=58
num_leaves=24
num_cat=0
split_feature=1 5 1 2 2 1 1 5 5 3 2 2 5 1 1 1 3 1 1 2 5 5 1
split_gain=0.000202049 4.74808e-05 2.28128e-05 1.33939e-05 1.35266e-05 8.93357e-06 7.00444e-06 5.99059e-06 3.14804e-06 2.59385e-06 2.48419e-06 3.00852e-06 1.35642e-06 1.26236e-06 1.12057e-06 2.10881e-06 8.27812e-07 4.62713e-07 1.39166e-06 3.42039e-07 4.30635e-08 3.17748e-07 3.2288e-08
threshold=-0.004604408983141183 1.2325285673141482 -0.0073362695984542361 0.28929464519023901 0.22451655566692355 -0.019502669572830197 -0.0027240018825978036 1.7902358174324038 -2.4220364093780513 -1.5825695395469663 0.22291945666074756 0.31525824964046484 1.5134204626083376 0.0021756297210231428 -0.0054909517057240001 -0.0059062461368739596 1.5297405123710635 -0.0069361336063593617 -0.27149467170238489 0.20889038592576983 -1.6960648894309995 0.68347594141960155 -0.0068752968218177548
decision_type=2 2 2 2 2 2 2 2 2 2 2 2 2 2 2 2 2 2 2 2 2 2 2
left_child=1 2 3 4 -1 -5 12 17 -8 -10 22 -12 20 -11 15 -4 -16 18 -3 -19 -2 -22 -9
right_child=6 7 14 5 -6 -7 8 10 9 13 11 -13 -14 -15 16 -17 -18 19 -20 -21 21 -23 -24
leaf_value=-6.2735824692976495e-07 0 -1.9116254613461746e-07 -5.2182663939751768e-08 -4.1661859595675296e-07 -2.3874054271375664e-07 -1.2244759695396742e-06 0 0 0 8.367859963646678e-07 4.3208169963633875e-07 0 3.8652402144668528e-07 5.2744471429797901e-07 -2.2707797292355914e-07 2.2432332700672762e-07 0 0 1.0592610434412196e-07 -1.2755781687743619e-07 1.0928104406259031e-07 0 4.7920777017884275e-08
leaf_weight=59968 3220 4085 63843 25380 177985 16928 2379 6005 8336 41727 34205 4835 9886 119532 18037 13308 2253 4946 41291 16347 12085 7833 5624
leaf_count=59968 3220 4085 63843 25380 177985 16928 2379 6005 8336 41727 34205 4835 9886 119532 18037 13308 2253 4946 41291 16347 12085 7833 5624
internal_value=1.57051e-10 -2.15629e-07 -3.2631e-07 -4.18951e-07 -3.45084e-07 -7.87128e-07 5.31004e-07 1.236e-07 5.89041e-07 5.99384e-07 2.87524e-07 3.64346e-07 1.68212e-07 6.19892e-07 -3.9329e-08 0 -1.71812e-07 0 3.51041e-08 -7.78858e-08 0 2.94077e-08 0
internal_weight=700038 495040 377702 280261 237953 42308 204998 117338 171974 169595 50669 39040 33024 161259 97441 77151 20290 66669 45376 21293 23138 19918 11629
internal_count=700038 495040 377702 280261 237953 42308 204998 117338 171974 169595 50669 39040 33024 161259 97441 77151 20290 66669 45376 21293 23138 19918 11629
is_linear=0
shrinkage=0.02


Tree=59
num_leaves=23
num_cat=0
split_feature=5 5 4 4 4 5 4 5 4 3 0 0 0 4 5 4 5 4 3 0 0 3
split_gain=6.66791e-05 3.40517e-05 1.00122e-05 4.47114e-06 4.12255e-06 4.10913e-06 2.79742e-06 2.05536e-06 1.86774e-06 1.9254e-06 1.73345e-06 1.65307e-06 1.45311e-06 1.35971e-06 1.22998e-06 8.55361e-07 7.8285e-07 4.46908e-07 1.91005e-07 3.70044e-07 7.18415e-07 1.59365e-07
threshold=-1.2432775497436521 1.5801516771316531 -0.1019337736070156 1.197090804576874 2.9999792575836186 -1.9065061211585996 -0.22003575414419171 1.3498364686965945 1.3905907869338991 -0.0086553883738815767 -0.8302648365497588 -0.83550119400024403 1.232986629009247 0.48712770640850073 -0.58374273777008046 -0.48366990685462946 1.7902358174324038 -0.59741503000259388 -0.012730436399579046 -0.825274497270584 -0.75122475624084462 -1.529495060443878
decision_type=2 2 2 2 2 2 2 2 2 2 2 2 2 2 2 2 2 2 2 2 2 2
left_child=4 2 7 6 5 10 17 12 14 -10 -1 -7 -2 -13 -4 -12 -8 -3 -6 -20 -21 -9
right_child=1 3 8 -5 18 11 16 21 9 -11 15 13 -14 -15 -16 -17 -18 -19 19 20 -22 -23
leaf_value=0 -1.205881189295658e-07 0 0 0 0 0 1.7950856642088295e-07 0 4.468044450374264e-07 0 0 -2.8456073772742562e-07 0 0 1.1498237735969759e-07 -5.4976269379950275e-07 5.7637690448216098e-07 2.1484377991855766e-07 0 6.4189757188001654e-07 0 7.0657129914838597e-08
leaf_weight=3279 175133 2474 35113 12580 1720 3317 18992 4845 16246 5082 917 78423 15036 10147 123136 63782 63286 41364 283 1242 616 23025
leaf_count=3279 175133 2474 35113 12580 1720 3317 18992 4845 16246 5082 917 78423 15036 10147 123136 63782 63286 41364 283 1242 616 23025
internal_value=4.83676e-11 1.10742e-07 1.13979e-08 3.81123e-07 -3.50331e-07 -3.68797e-07 4.17043e-07 -7.40164e-08 1.26244e-07 3.40523e-07 -5.18025e-07 -2.36632e-07 -1.01663e-07 -2.56042e-07 8.47257e-08 -5.40987e-07 5.09077e-07 1.98683e-07 0 1.88901e-07 3.47533e-07 4.28636e-08
internal_weight=700038 536312 397616 138696 163726 159865 126116 218039 179577 21328 67978 91887 190169 88570 158249 64699 82278 43838 3861 2141 1858 27870
internal_count=700038 536312 397616 138696 163726 159865 126116 218039 179577 21328 67978 91887 190169 88570 158249 64699 82278 43838 3861 2141 1858 27870
is_linear=0
shrinkage=0.02


Tree=60
num_leaves=24
num_cat=0
split_feature=1 5 1 4 4 5 4 5 1 4 1 1 1 4 5 5 4 1 4 5 4 4 5
split_gain=0.000193563 4.32284e-05 2.32956e-05 1.96354e-05 1.28352e-05 6.45494e-06 5.89961e-06 3.34226e-06 3.30621e-06 3.12844e-06 1.75567e-06 1.6671e-06 1.66029e-06 1.5518e-06 1.44282e-06 1.33704e-06 1.10546e-06 1.09121e-06 6.29433e-07 5.12913e-07 4.4478e-07 1.02491e-07 2.36756e-08
threshold=-0.004604408983141183 1.1172599792480471 -0.0073362695984542361 -0.45045319199562067 -0.15949255973100659 1.8783669471740725 2.9999792575836186 -2.4220364093780513 -0.0035901319934055205 -0.45681309700012201 -0.4755482673645019 -0.004267071606591343 -0.0069361336063593617 1.3905907869338991 -0.93507561087608326 -2.6566073894500728 -0.46861021220684046 -0.081132266670465455 2.5050406455993657 -1.7339067459106443 1.197090804576874 2.5050406455993657 0.6255820393562318
decision_type=2 2 2 2 2 2 2 2 2 2 2 2 2 2 2 2 2 2 2 2 2 2 2
left_child=1 2 3 16 8 10 -5 -6 -2 22 21 -9 -12 14 -4 -15 -1 -7 -19 -11 -13 -3 -10
right_child=4 5 13 6 7 17 -8 11 9 19 12 20 -14 15 -16 -17 -18 18 -20 -21 -22 -23 -24
leaf_value=-1.178820535856683e-07 0 -4.2494649983000717e-07 -1.7351881573592372e-07 -5.2674618918033323e-07 0 0 0 0 0 0 9.0471835580010563e-08 7.3692403057160792e-07 -8.369099850335102e-08 0 0 3.420967337653645e-07 5.7524378180404507e-09 3.3726271557476304e-07 0 4.2398219583411536e-07 2.7435452570538561e-07 0 3.1086016801027117e-08
leaf_weight=42767 10233 4081 32869 208474 2717 4150 4167 6111 9058 1937 57083 102354 29009 461 51468 6919 14561 37155 1234 47611 15705 225 9800
leaf_count=42767 10233 4081 32869 208474 2717 4150 4167 6111 9058 1937 57083 102354 29009 461 51468 6919 14561 37155 1234 47611 15705 225 9800
internal_value=0 -2.11833e-07 -3.2639e-07 -4.20703e-07 5.18387e-07 8.48027e-08 -5.1081e-07 6.55883e-07 2.711e-07 3.22215e-07 0 6.7109e-07 8.5561e-09 -2.69736e-08 -6.9938e-08 1.9301e-07 -5.15927e-08 2.88393e-07 3.21763e-07 4.106e-07 6.92331e-07 -4.02024e-07 0
internal_weight=700149 494623 361686 269969 205526 132937 212641 126887 78639 68406 90398 124170 86092 91717 84337 7380 57328 42539 38389 49548 118059 4306 18858
internal_count=700149 494623 361686 269969 205526 132937 212641 126887 78639 68406 90398 124170 86092 91717 84337 7380 57328 42539 38389 49548 118059 4306 18858
is_linear=0
shrinkage=0.02


Tree=61
num_leaves=23
num_cat=0
split_feature=1 5 1 2 1 1 1 5 5 5 2 2 3 2 5 2 3 2 1 5 5 5
split_gain=0.000186224 4.15164e-05 1.97412e-05 1.12192e-05 1.07703e-05 8.8887e-06 6.67297e-06 3.70508e-06 3.50662e-06 2.52854e-06 2.2891e-06 2.90176e-06 2.05979e-06 2.0237e-06 1.33194e-06 1.04768e-06 9.26221e-07 4.10594e-07 7.78961e-07 1.18395e-07 5.46603e-09 2.71107e-07
threshold=-0.004604408983141183 1.3638594746589663 -0.0099295680411159975 0.28437720239162451 -0.045517876744270318 -0.022364044561982151 -0.0030996017158031459 -1.2837833166122434 1.9099624156951907 -2.4220364093780513 0.35104535520076757 0.22291945666074756 -1.5825695395469663 0.21302869170904162 1.5261341333389284 0.26070255041122442 1.5611214041709902 0.31471540033817297 -0.27149467170238489 1.7745229601860049 0.68347594141960155 -1.2837833166122434
decision_type=2 2 2 2 2 2 2 2 2 2 2 2 2 2 2 2 2 2 2 2 2 2
left_child=1 2 3 4 -1 -5 14 13 17 -8 11 -10 -11 -4 20 -9 -14 18 -3 -19 21 -2
right_child=6 8 7 5 -6 -7 9 15 10 12 -12 -13 16 -15 -16 -17 -18 19 -20 -21 -22 -23
leaf_value=-5.9666266794501691e-07 0 0 0 -4.0296817524003925e-07 -2.24343312600465e-07 -1.1850080427557936e-06 0 3.2682438400132708e-08 0 0 0 4.3654297686888133e-07 6.0530096480365391e-07 -3.4548597447332859e-07 3.5976517412482551e-07 -9.3145748010250281e-08 0 -9.2078318249284643e-08 9.6936151864455641e-08 0 0 1.0995683758130115e-07
leaf_weight=54297 5279 2993 10543 28574 158322 16520 2384 55810 9111 8608 2015 28692 156883 27921 8490 41432 7261 6942 50010 1441 7471 9150
leaf_count=54297 5279 2993 10543 28574 158322 16520 2384 55810 9111 8608 2015 28692 156883 27921 8490 41432 7261 6942 50010 1441 7471 9150
internal_value=0 -2.07604e-07 -3.02205e-07 -4.07455e-07 -3.2883e-07 -7.33819e-07 5.08634e-07 -8.75918e-08 1.40383e-07 5.61791e-07 2.91847e-07 3.37544e-07 5.70805e-07 -2.56123e-07 1.36485e-07 -3.62125e-10 5.89851e-07 9.55428e-09 5.46571e-08 -3.70381e-08 0 1.23097e-08
internal_weight=700149 494623 393419 257713 212619 45094 205526 135706 101204 175136 39818 37803 172752 38464 30390 97242 164144 61386 53003 8383 21900 14429
internal_count=700149 494623 393419 257713 212619 45094 205526 135706 101204 175136 39818 37803 172752 38464 30390 97242 164144 61386 53003 8383 21900 14429
is_linear=0
shrinkage=0.02


Tree=62
num_leaves=20
num_cat=0
split_feature=1 1 4 1 4 3 1 4 0 0 0 4 1 3 3 4 4 4 3
split_gain=0.000179302 1.97503e-05 1.22841e-05 9.45755e-06 9.79046e-06 7.09153e-06 3.06064e-06 3.01036e-06 2.77393e-06 2.2553e-06 2.12199e-06 1.19578e-06 1.07572e-06 3.69977e-07 2.56909e-07 1.20441e-07 8.57383e-08 3.16897e-07 1.57423e-09
threshold=-0.004604408983141183 -0.27149467170238489 -0.15949255973100659 -0.010131907183676956 -0.4251201450824737 -0.014565916266292332 -0.0035901319934055205 -0.45681309700012201 1.2293903827667239 1.2639859318733218 -0.77513739466667164 2.9999792575836186 -0.0044848306570202104 -0.018717817962169644 1.5611214041709902 -0.63389638066291798 1.197090804576874 1.324047923088074 -1.5701873898506162
decision_type=2 2 2 2 2 2 2 2 2 2 2 2 2 2 2 2 2 2 2
left_child=1 11 6 4 13 -6 -2 18 10 -10 -5 15 -4 -3 -9 -1 -14 -18 -8
right_child=2 3 12 8 5 -7 7 14 9 -11 -12 -13 16 -15 -16 -17 17 -19 -20
leaf_value=0 0 -8.3070480202685968e-08 0 0 -1.0934029811068678e-07 -3.9682664031298209e-07 0 4.0288688068494746e-07 5.0602523337557669e-07 0 -1.4393414012028051e-07 0 6.8538110519991799e-07 5.4886129434400312e-09 0 -7.2126842747453794e-07 0 2.8997823653284599e-07 6.1530564182694017e-09
leaf_weight=332 10233 21254 3301 96524 75487 138374 2226 47515 5997 2772 77037 1144 106920 43901 2033 31801 1515 15151 16632
leaf_count=332 10233 21254 3301 96524 75487 138374 2226 47515 5997 2772 77037 1144 106920 43901 2033 31801 1515 15151 16632
internal_value=0 -2.03805e-07 4.98998e-07 -1.64128e-07 -2.39015e-07 -3.04704e-07 2.56687e-07 3.06009e-07 -3.85611e-08 2.6878e-07 -6.56127e-08 -6.93781e-07 6.3341e-07 0 3.91898e-07 -7.16487e-07 6.4452e-07 2.6237e-07 0
internal_weight=700149 494623 205526 461346 279016 213861 78639 68406 182330 8769 173561 33277 126887 65155 49548 32133 123586 16666 18858
internal_count=700149 494623 205526 461346 279016 213861 78639 68406 182330 8769 173561 33277 126887 65155 49548 32133 123586 16666 18858
is_linear=0
shrinkage=0.02


Tree=63
num_leaves=20
num_cat=0
split_feature=5 5 0 5 2 5 2 2 2 2 2 3 2 5 0 2 2 2 3
split_gain=5.9226e-05 2.80679e-05 3.52702e-06 2.71579e-06 3.35186e-06 1.88006e-06 1.96741e-06 1.39069e-06 1.43023e-06 7.48976e-07 1.42344e-06 2.26779e-06 1.11347e-06 7.0793e-07 7.05139e-07 6.31611e-07 1.16944e-06 8.29485e-07 4.64958e-07
threshold=-1.2630876898765562 1.5524643063545229 -0.83550119400024403 2.1920609474182133 0.35104535520076757 -1.8409551382064817 0.18969416618347171 0.31708136200904852 0.19532891362905505 0.19769876450300219 0.26029770076274877 -0.011021239217370747 0.25548927485942846 0.14341857284307483 1.2073275446891787 0.24565702676773074 0.19715227186679843 0.38919854164123541 1.632378935813904
decision_type=2 2 2 2 2 2 2 2 2 2 2 2 2 2 2 2 2 2 2
left_child=2 9 -1 7 -5 6 -4 8 -3 13 12 -12 -11 -2 -15 16 -7 -17 -8
right_child=1 3 5 4 -6 15 18 -9 -10 10 11 -13 -14 14 -16 17 -18 -19 -20
leaf_value=0 0 0 0 5.7956890417799083e-07 0 -3.5522306282162478e-07 -4.7979809921151136e-07 0 2.8955872537053905e-07 3.1554073156740561e-08 3.914336048769588e-08 -9.9243002507747764e-08 2.3401191229454124e-07 -3.1554920880130294e-07 0 -3.0667890414509594e-07 0 0 0
leaf_weight=5291 8475 2048 1775 39055 2537 4407 74127 13194 87611 183188 97324 79429 17742 7476 843 48196 26757 290 384
leaf_count=5291 8475 2048 1775 39055 2537 4407 74127 13194 87611 183188 97324 79429 17742 7476 843 48196 26757 290 384
internal_value=0 1.03067e-07 -3.33812e-07 3.42142e-07 5.32142e-07 -3.52503e-07 -4.59279e-07 2.45863e-07 2.74861e-07 1.04552e-08 2.08085e-08 -1.17293e-08 5.93848e-08 -1.03291e-07 -2.35747e-07 -2.25127e-07 -5.32379e-08 -2.94358e-07 -4.75945e-07
internal_weight=700149 538922 161227 144445 41592 155936 76286 102853 89659 394477 377683 176753 200930 16794 8319 79650 31164 48486 74511
internal_count=700149 538922 161227 144445 41592 155936 76286 102853 89659 394477 377683 176753 200930 16794 8319 79650 31164 48486 74511
is_linear=0
shrinkage=0.02


Tree=64
num_leaves=18
num_cat=0
split_feature=1 1 4 1 4 2 2 2 1 4 4 4 1 3 3 4 3
split_gain=0.000171567 1.88573e-05 1.17447e-05 9.02202e-06 9.2753e-06 7.2237e-06 4.01925e-06 3.91446e-06 2.94233e-06 2.81154e-06 1.9511e-06 1.14497e-06 9.71843e-07 3.79052e-07 2.34725e-07 1.09046e-07 1.42811e-09
threshold=-0.004604408983141183 -0.27149467170238489 -0.15949255973100659 -0.0099295680411159975 -0.4251201450824737 0.28929464519023901 0.26084078848361975 0.22911778092384341 -0.0035901319934055205 -0.45681309700012201 1.3905907869338991 2.9999792575836186 -0.0044848306570202104 -0.018717817962169644 1.5611214041709902 -0.63389638066291798 -1.5701873898506162
decision_type=2 2 2 2 2 2 2 2 2 2 2 2 2 2 2 2 2
left_child=1 11 8 4 13 -6 7 -5 -2 16 -8 15 -4 -3 -11 -1 -10
right_child=2 3 12 6 5 -7 10 -9 9 14 -12 -13 -14 -15 -16 -17 -18
leaf_value=0 0 -8.3864938639570693e-08 0 -1.0491210355608949e-08 -2.2606483263262091e-07 -5.9532200003469417e-07 -1.9132901776244891e-07 2.7592854020329331e-07 0 3.9250687536551018e-07 0 0 6.3054291355363202e-07 6.0952044859039763e-09 0 -7.0538626219851211e-07 5.860529547530325e-09
leaf_weight=332 10233 21324 3301 80487 180604 35607 68948 21724 2226 47515 8467 1144 123586 44185 2033 31801 16632
leaf_count=332 10233 21324 3301 80487 180604 35607 68948 21724 2226 47515 8467 1144 123586 44185 2033 31801 16632
internal_value=0 -1.9933e-07 4.88146e-07 -1.60428e-07 -2.3266e-07 -2.96127e-07 -3.60081e-08 3.08175e-08 2.50251e-07 2.98662e-07 -1.50073e-07 -6.78547e-07 6.19821e-07 0 3.81897e-07 -7.00765e-07 0
internal_weight=700149 494623 205526 461346 281720 216211 179626 102211 78639 68406 77415 33277 126887 65509 49548 32133 18858
internal_count=700149 494623 205526 461346 281720 216211 179626 102211 78639 68406 77415 33277 126887 65509 49548 32133 18858
is_linear=0
shrinkage=0.02


Tree=65
num_leaves=25
num_cat=0
split_feature=1 1 3 0 1 3 0 0 4 0 1 4 3 4 3 0 1 1 1 1 4 0 3 1
split_gain=0.000161979 1.93448e-05 1.42075e-05 9.52858e-06 2.02325e-05 1.86328e-05 1.18643e-05 1.20207e-05 9.12227e-06 5.81711e-06 9.01283e-06 5.43977e-06 3.21284e-06 2.84164e-06 1.72759e-06 5.35886e-07 4.94688e-07 5.92857e-07 3.98388e-06 1.51536e-06 8.17587e-08 4.78646e-08 5.28539e-08 5.39167e-08
threshold=-0.0035901319934055205 -0.016625771299004551 -0.0061258319765329352 -0.82164779305458058 -0.0073362695984542361 -0.015089721418917177 -0.77513739466667164 1.2162267565727236 -0.45045319199562067 1.2033933997154238 -0.045517876744270318 -0.4251201450824737 -0.024107821285724636 -0.32000666856765742 1.6045107245445254 -0.82292619347572316 -0.0034519844921305771 0.010153800249099733 0.28815434873104101 -0.0027240018825978036 -0.86347839236259449 1.2162267565727236 -1.5701873898506162 -0.0032879544887691732
decision_type=2 2 2 2 2 2 2 2 2 2 2 2 2 2 2 2 2 2 2 2 2 2 2 2
left_child=1 2 11 4 5 -3 13 -8 21 10 -4 20 -13 -5 -11 -6 -10 19 -19 -18 -1 22 -2 -24
right_child=8 3 9 6 15 -7 7 -9 16 14 -12 12 -14 -15 -16 -17 17 18 -20 -21 -22 -23 23 -25
leaf_value=0 0 1.6430316346894637e-07 -1.9144835845470966e-07 0 0 -9.4273248138094965e-07 -2.8195919230076769e-07 7.3336707252206521e-08 0 -3.4641619233774598e-07 4.0918977497875054e-07 -2.7378668928468346e-07 -6.427897387130415e-07 2.4082457406811154e-07 0 -1.390894936588839e-07 1.3518034576944756e-08 2.7727153152034249e-07 6.8770013429154689e-07 7.3229519209794156e-07 -6.4790886283626638e-08 0 0 6.5740407992212197e-08
leaf_weight=627 569 4354 17251 34172 45693 23771 85578 55946 2166 25996 18660 38553 68740 61869 2964 11170 7094 57210 29969 66939 20277 3970 959 14312
leaf_count=627 569 4354 17251 34172 45693 23771 85578 55946 2166 25996 18660 38553 68740 61869 2964 11170 7094 57210 29969 66939 20277 3970 959 14312
internal_value=0 -1.79458e-07 -3.41026e-07 -7.65497e-08 -2.58966e-07 -7.00243e-07 -2.87213e-09 -1.27375e-07 5.12874e-07 -6.24874e-08 6.49612e-08 -4.66372e-07 -5.28839e-07 1.59768e-07 -2.89586e-07 -5.53315e-09 5.63266e-07 5.68118e-07 4.41304e-07 6.90435e-07 -5.00749e-08 0 3.47663e-08 5.13629e-08
internal_weight=698809 515621 193068 322553 84988 28125 237565 141524 183188 64871 35911 128197 107293 96041 28960 56863 163378 161212 87179 74033 20904 19810 15840 15271
internal_count=698809 515621 193068 322553 84988 28125 237565 141524 183188 64871 35911 128197 107293 96041 28960 56863 163378 161212 87179 74033 20904 19810 15840 15271
is_linear=0
shrinkage=0.02


Tree=66
num_leaves=21
num_cat=0
split_feature=5 5 4 4 4 0 5 4 5 4 0 4 5 5 3 0 3 0 3 4
split_gain=5.68748e-05 2.5398e-05 8.83399e-06 4.60934e-06 4.06797e-06 3.79735e-06 2.9291e-06 1.72618e-06 1.59845e-06 1.49816e-06 1.41338e-06 9.39636e-07 2.37401e-06 2.20494e-06 5.00499e-07 3.93743e-07 1.00875e-06 5.28771e-07 1.60378e-07 1.48368e-07
threshold=-1.2432775497436521 1.5801516771316531 -0.1019337736070156 1.197090804576874 2.9999792575836186 -0.83550119400024403 -2.3734641075134273 -0.47126354277133936 1.3498364686965945 1.3905907869338991 1.232986629009247 0.17321790754795077 0.99326771497726452 0.72159874439239513 1.5694729089736941 -0.75122475624084462 -0.01377098076045513 -0.825274497270584 -1.5449972748756406 -0.22346211224794385
decision_type=2 2 2 2 2 2 2 2 2 2 2 2 2 2 2 2 2 2 2 2
left_child=4 2 8 7 5 -1 14 -3 10 -8 -2 12 -4 -13 -7 16 -6 -18 -10 -9
right_child=1 3 11 -5 15 6 9 19 18 -11 -12 13 -14 -15 -16 -17 17 -19 -20 -21
leaf_value=0 -1.0942801562314667e-07 0 0 0 0 -6.4647239542652577e-07 -3.0388000976807431e-07 1.9835761537078977e-07 0 0 6.3221678466364355e-09 2.7369608672971837e-07 2.4906473600464577e-07 0 0 0 0 6.7073847629516569e-07 6.343003563916696e-08 4.507414756990694e-07
leaf_weight=5268 174366 7497 79314 12623 400 26523 121661 35790 4670 5111 15042 49746 19207 31199 1041 1445 294 1717 23192 82703
leaf_count=5268 174366 7497 79314 12623 400 26523 121661 35790 4670 5111 15042 49746 19207 31199 1041 1445 294 1717 23192 82703
internal_value=0 1.018e-07 1.50512e-08 3.3566e-07 -3.24402e-07 -3.43474e-07 -3.63102e-07 3.72277e-07 -6.48229e-08 -2.89643e-07 -8.96764e-08 1.22895e-07 4.95485e-08 1.87459e-07 -6.28395e-07 0 2.55581e-07 5.28158e-07 3.23504e-08 3.9139e-07
internal_weight=698809 535349 396736 138613 163460 159604 154336 125990 217270 126772 189408 179466 98521 80945 27564 3856 2411 2011 27862 118493
internal_count=698809 535349 396736 138613 163460 159604 154336 125990 217270 126772 189408 179466 98521 80945 27564 3856 2411 2011 27862 118493
is_linear=0
shrinkage=0.02


Tree=67
num_leaves=18
num_cat=0
split_feature=1 1 1 3 3 1 0 2 2 1 1 0 1 3 0 1 0
split_gain=0.000155044 1.74946e-05 8.12886e-06 8.08612e-06 1.41461e-05 6.18811e-06 5.17996e-06 3.96575e-06 3.51546e-06 3.28821e-06 3.05468e-06 1.97535e-06 1.84457e-06 1.7079e-06 4.42296e-07 2.30091e-07 1.79574e-08
threshold=-0.004604408983141183 -0.32320049405097956 -0.010131907183676956 0.0078098736703395852 -0.014214442577213047 -0.0027240018825978036 1.2033933997154238 0.26084078848361975 0.2229886129498482 0.0021756297210231428 0.28815434873104101 1.2191759943962099 -0.0059062461368739596 -1.5701873898506162 1.2141931653022768 -0.0012107486836612222 -0.85012295842170704
decision_type=2 2 2 2 2 2 2 2 2 2 2 2 2 2 2 2 2
left_child=1 16 3 4 -3 14 -5 8 -4 11 13 15 -9 -11 -2 -7 -1
right_child=5 2 7 6 -6 9 -8 12 -10 10 -12 -13 -14 -15 -16 -17 -18
leaf_value=0 1.6288935139849189e-07 -1.0618258989567629e-07 -2.0398730357765749e-08 1.4534529350728413e-07 -4.7197238643984503e-07 2.4129965425991242e-07 -1.7656132618324457e-07 -2.5631024290677977e-07 2.2122017536425449e-07 0 6.6329327336615087e-07 0 -2.0825119149168436e-09 3.4428713484024329e-07 0 8.9235219813225715e-07 -6.7605923002747001e-07
leaf_weight=251 25107 106818 72269 31639 96913 9730 45979 37357 30159 6672 33290 2949 41877 88900 7682 30873 30344
leaf_count=251 25107 106818 72269 31639 96913 9730 45979 37357 30159 6672 33290 2949 41877 88900 7682 30873 30344
internal_value=0 -1.89747e-07 -1.53488e-07 -2.22507e-07 -2.90003e-07 4.64349e-07 -1.95771e-08 -3.55859e-08 3.1218e-08 5.17827e-07 4.25029e-07 7.46476e-07 -1.47187e-07 3.21108e-07 1.22152e-07 7.85594e-07 -6.73106e-07
internal_weight=698809 493606 463011 281349 203731 205203 77618 181662 102428 172414 128862 43552 79234 95572 32789 40603 30595
internal_count=698809 493606 463011 281349 203731 205203 77618 181662 102428 172414 128862 43552 79234 95572 32789 40603 30595
is_linear=0
shrinkage=0.02


Tree=68
num_leaves=21
num_cat=0
split_feature=5 5 4 4 4 0 5 4 5 4 0 4 5 5 3 0 3 0 3 4
split_gain=5.39687e-05 2.39245e-05 8.39495e-06 4.4433e-06 3.90805e-06 3.68568e-06 2.70761e-06 1.61796e-06 1.50771e-06 1.44275e-06 1.37401e-06 8.92937e-07 2.24808e-06 2.10752e-06 4.7277e-07 3.6981e-07 9.81368e-07 5.13748e-07 1.52619e-07 1.15698e-07
threshold=-1.2432775497436521 1.5801516771316531 -0.1019337736070156 1.197090804576874 2.9999792575836186 -0.83550119400024403 -2.3734641075134273 -0.47126354277133936 1.3498364686965945 1.3905907869338991 1.232986629009247 0.17321790754795077 0.99326771497726452 0.72159874439239513 1.5694729089736941 -0.75122475624084462 -0.01377098076045513 -0.825274497270584 -1.5449972748756406 -0.22003575414419171
decision_type=2 2 2 2 2 2 2 2 2 2 2 2 2 2 2 2 2 2 2 2
left_child=4 2 8 7 5 -1 14 -3 10 -8 -2 12 -4 -13 -7 16 -6 -18 -10 -9
right_child=1 3 11 -5 15 6 9 19 18 -11 -12 13 -14 -15 -16 -17 17 -19 -20 -21
leaf_value=0 -1.0652770288597664e-07 0 0 0 0 -6.3003704423746486e-07 -2.9594947614696694e-07 1.9268395901960348e-07 0 0 7.776304585011316e-09 2.6782896694059821e-07 2.4213858598819795e-07 0 0 0 0 6.5911781745682733e-07 6.1169706519070687e-08 4.3970979873430442e-07
leaf_weight=5268 174366 7497 79314 12623 400 26523 121661 36290 4670 5111 15042 49746 19207 31199 1041 1445 294 1717 23192 82203
leaf_count=5268 174366 7497 79314 12623 400 26523 121661 36290 4670 5111 15042 49746 19207 31199 1041 1445 294 1717 23192 82203
internal_value=0 9.94066e-08 1.50473e-08 3.2643e-07 -3.15757e-07 -3.34523e-07 -3.53945e-07 3.62407e-07 -6.26462e-08 -2.81962e-07 -8.68909e-08 1.20251e-07 4.79905e-08 1.83493e-07 -6.1245e-07 0 2.47692e-07 5.18405e-07 3.03893e-08 3.80934e-07
internal_weight=698809 535349 396736 138613 163460 159604 154336 125990 217270 126772 189408 179466 98521 80945 27564 3856 2411 2011 27862 118493
internal_count=698809 535349 396736 138613 163460 159604 154336 125990 217270 126772 189408 179466 98521 80945 27564 3856 2411 2011 27862 118493
is_linear=0
shrinkage=0.02


Tree=69
num_leaves=26
num_cat=0
split_feature=5 5 4 2 4 2 2 4 4 2 4 5 2 2 2 4 2 2 4 3 3 2 2 2 2
split_gain=5.19217e-05 2.29628e-05 8.07661e-06 5.67923e-06 4.28945e-06 4.06316e-06 3.81006e-06 3.77452e-06 3.13134e-06 2.81941e-06 1.53897e-06 1.46209e-06 1.95552e-06 1.41084e-06 9.73185e-07 8.89765e-07 7.54261e-07 3.41651e-07 8.49717e-07 2.87809e-07 1.9498e-07 6.69504e-08 5.18034e-08 2.22681e-08 7.74347e-08
threshold=-1.2432775497436521 1.5801516771316531 -0.1019337736070156 0.19769876450300219 1.197090804576874 0.24565702676773074 0.34207031130790716 2.9999792575836186 -0.46092909574508661 0.31830170750617987 -0.47126354277133936 -1.8409551382064817 0.18466155976057055 0.22717908769845965 0.26148958504199987 -0.030255105346441265 0.38919854164123541 0.27252613008022314 -0.63389638066291798 -0.013008072506636379 1.5590046644210818 0.19715227186679843 0.38251720368862158 0.27591305971145635 0.3276380598545075
decision_type=2 2 2 2 2 2 2 2 2 2 2 2 2 2 2 2 2 2 2 2 2 2 2 2 2
left_child=7 2 5 15 10 13 -7 8 17 -5 -3 12 -10 -2 -12 -4 -13 21 -19 -9 22 -1 -21 -6 -25
right_child=1 4 3 9 23 6 -8 19 11 -11 14 16 -14 -15 -16 -17 -18 18 -20 20 -22 -23 -24 24 -26
leaf_value=0 -2.6284154841998053e-08 0 0 1.8854488049434078e-07 0 -1.9052470632939466e-07 1.3817990278404361e-07 0 0 0 2.5072472269377413e-07 -2.3324941862494981e-07 -4.7332970816195563e-07 1.1079136281717789e-07 5.0400651218248718e-07 -3.9492505315514695e-07 0 0 -4.0869046315611259e-07 3.4875428343623687e-07 0 4.7641131218740377e-08 0 -1.2064256547479284e-07 0
leaf_weight=363 60475 7497 2578 144033 7174 103882 9090 1486 864 25517 68880 69370 72796 43823 49613 7338 271 1288 2853 1758 262 11799 350 2740 2709
leaf_count=363 60475 7497 2578 144033 7174 103882 9090 1486 864 25517 68880 69370 72796 43823 49613 7338 271 1288 2853 1758 262 11799 350 2740 2709
internal_value=0 9.77601e-08 1.50002e-08 1.18248e-07 3.20205e-07 -6.10777e-08 -1.46373e-07 -3.09445e-07 -3.27917e-07 1.53452e-07 3.55559e-07 -3.58474e-07 -4.59123e-07 1.21353e-08 3.73653e-07 -2.82003e-07 -2.23296e-07 0 -1.81662e-07 0 2.20393e-07 0 3.02666e-07 0 -4.04305e-08
internal_weight=698809 535349 396736 179466 138613 217270 112972 163460 159604 169550 125990 143301 73660 104298 118493 9916 69641 16303 4141 3856 2370 12162 2108 12623 5449
internal_count=698809 535349 396736 179466 138613 217270 112972 163460 159604 169550 125990 143301 73660 104298 118493 9916 69641 16303 4141 3856 2370 12162 2108 12623 5449
is_linear=0
shrinkage=0.02


Tree=70
num_leaves=18
num_cat=0
split_feature=1 1 4 1 4 3 0 0 1 4 0 1 4 3 4 3 3
split_gain=0.000154168 1.72649e-05 1.0672e-05 7.92764e-06 9.24817e-06 5.87742e-06 2.48439e-06 2.40541e-06 1.70267e-06 1.89002e-06 1.65785e-06 1.51591e-06 1.49809e-06 2.39445e-07 8.51672e-08 5.05509e-08 1.84819e-09
threshold=-0.004604408983141183 -0.4755482673645019 -0.17505501955747602 -0.0099295680411159975 -0.4251201450824737 -0.0061258319765329352 1.2293903827667239 -0.77081230282783497 -0.0037759890547022219 -0.45681309700012201 1.2639859318733218 -0.004267071606591343 2.9999792575836186 -0.018313495442271229 -0.62016034126281727 1.5611214041709902 -1.5701873898506162
decision_type=2 2 2 2 2 2 2 2 2 2 2 2 2 2 2 2 2
left_child=1 12 8 4 13 -6 7 -5 -2 16 -8 -4 14 -3 -1 -11 -10
right_child=2 3 11 6 5 -7 10 -9 9 15 -12 -13 -14 -15 -16 -17 -18
leaf_value=0 0 -6.3516147522490065e-08 0 0 -3.5286671615380362e-07 -7.4790927919762939e-08 4.7529271261864e-07 -1.4946879148684228e-07 0 3.4061938111475112e-07 0 6.030110588441097e-07 0 1.0443427620037776e-08 -7.5913156564044427e-07 0 6.6577926370063897e-09
leaf_weight=415 8588 22559 6587 97311 160987 62225 5399 74064 2258 45135 2714 124090 845 43716 23865 1902 16678
leaf_count=415 8588 22559 6587 97311 160987 62225 5399 74064 2258 45135 2714 124090 845 43716 23865 1902 16678
internal_value=0 -1.88954e-07 4.63155e-07 -1.56098e-07 -2.22591e-07 -2.84307e-07 -3.77126e-08 -6.35674e-08 2.2514e-07 2.60018e-07 2.61911e-07 5.83655e-07 -7.22617e-07 0 -7.51683e-07 3.33017e-07 0
internal_weight=699338 494100 205238 468975 289487 223212 179488 171375 74561 65973 8113 130677 25125 66275 24280 47037 18936
internal_count=699338 494100 205238 468975 289487 223212 179488 171375 74561 65973 8113 130677 25125 66275 24280 47037 18936
is_linear=0
shrinkage=0.02


Tree=71
num_leaves=20
num_cat=0
split_feature=1 1 4 1 4 3 0 0 1 4 0 1 1 4 1 3 4 3 3
split_gain=0.000148358 1.65389e-05 1.01452e-05 7.6163e-06 8.89404e-06 6.07086e-06 2.38e-06 2.31126e-06 1.65051e-06 1.81564e-06 1.6035e-06 1.4825e-06 1.96751e-06 1.44588e-06 2.34991e-07 2.29963e-07 7.19084e-08 5.39492e-08 1.6435e-09
threshold=-0.004604408983141183 -0.4755482673645019 -0.17505501955747602 -0.0099295680411159975 -0.4251201450824737 -0.014565916266292332 1.2293903827667239 -0.77081230282783497 -0.0035901319934055205 -0.45681309700012201 1.2639859318733218 -0.0027240018825978036 0.010153800249099733 2.9999792575836186 0.28815434873104101 -0.018313495442271229 -0.62016034126281727 1.5611214041709902 -1.5701873898506162
decision_type=2 2 2 2 2 2 2 2 2 2 2 2 2 2 2 2 2 2 2
left_child=1 13 8 4 15 -6 7 -5 -2 18 -8 -4 -13 16 -14 -3 -1 -11 -10
right_child=2 3 11 6 5 -7 10 -9 9 17 -12 12 14 -15 -16 -17 -18 -19 -20
leaf_value=0 0 -6.2245827573592244e-08 1.9349728136306809e-07 0 -9.8196300422409326e-08 -3.6186205630824554e-07 4.6578703592088356e-07 -1.4647941817409013e-07 0 3.3816737286641249e-07 0 7.9524531976237475e-07 2.9626522352979065e-07 0 6.5050274965417675e-07 1.0234560069461656e-08 -7.4394899814986009e-07 0 6.3002364713211455e-09
leaf_weight=415 9714 22559 18529 97311 77903 145309 5399 74064 2244 44153 2714 47921 41499 845 22728 43716 23865 1888 16562
leaf_count=415 9714 22559 18529 97311 77903 145309 5399 74064 2244 44153 2714 47921 41499 845 22728 43716 23865 1888 16562
internal_value=0 -1.85349e-07 4.54354e-07 -1.53073e-07 -2.18277e-07 -2.78801e-07 -3.6765e-08 -6.22755e-08 2.20986e-07 2.57548e-07 2.55585e-07 5.72203e-07 6.16938e-07 -7.08195e-07 4.5276e-07 0 -7.3676e-07 3.30453e-07 0
internal_weight=699338 494100 205238 468975 289487 223212 179488 171375 74561 64847 8113 130677 112148 25125 64227 66275 24280 46041 18806
internal_count=699338 494100 205238 468975 289487 223212 179488 171375 74561 64847 8113 130677 112148 25125 64227 66275 24280 46041 18806
is_linear=0
shrinkage=0.02


Tree=72
num_leaves=23
num_cat=0
split_feature=1 5 1 4 4 4 5 5 2 2 1 1 4 2 5 2 4 1 1 2 1 1
split_gain=0.000142982 3.47999e-05 1.81466e-05 1.61876e-05 9.69061e-06 7.14239e-06 4.89208e-06 3.30235e-06 2.6583e-06 2.66651e-06 1.83742e-06 1.59784e-06 1.67981e-06 1.26656e-06 9.41464e-07 8.94983e-07 1.59457e-06 6.48543e-07 1.11471e-06 7.03273e-07 5.62786e-07 1.39526e-08
threshold=-0.004604408983141183 1.1172599792480471 -0.0072754085995256892 -0.45045319199562067 -0.17505501955747602 2.9999792575836186 1.716461777687073 -2.4220364093780513 0.22291945666074756 0.30051009356975561 -0.004267071606591343 -0.0037759890547022219 -0.45681309700012201 0.26515540480613714 -1.3805279731750486 0.25830316543579107 1.3905907869338991 -0.0069361336063593617 -0.38251531124114985 0.20733901858329776 -0.0062610872555524102 -0.0068752968218177548
decision_type=2 2 2 2 2 2 2 2 2 2 2 2 2 2 2 2 2 2 2 2 2 2
left_child=1 2 3 13 11 -5 17 -6 21 -10 -9 -2 -13 -1 -14 20 -17 18 -3 -19 -4 -8
right_child=4 6 15 5 7 -7 8 10 9 -11 -12 12 14 -15 -16 16 -18 19 -20 -21 -22 -23
leaf_value=0 0 -2.2301853401352497e-07 0 -4.6744898153158054e-07 0 3.4927785039868889e-08 -2.8100037553566678e-08 0 3.7653473231124555e-07 0 5.9678181674239616e-07 0 0 -1.9545088753302254e-07 3.4750060696018346e-07 -1.6197930764645192e-07 3.59525125330829e-08 0 7.4306159632458179e-08 -1.6765347096369211e-07 1.4062047157470403e-07 0
leaf_weight=42656 8588 3922 34694 209842 2786 4226 7068 6363 35312 9374 121528 18936 3999 14521 43038 38043 5102 5271 46690 18989 11885 6505
leaf_count=42656 8588 3922 34694 209842 2786 4226 7068 6363 35312 9374 121528 18936 3999 14521 43038 38043 5102 5271 46690 18989 11885 6505
internal_value=0 -1.81816e-07 -2.85068e-07 -3.672e-07 4.46187e-07 -4.48189e-07 8.31173e-08 5.61677e-07 2.22206e-07 2.96931e-07 5.76786e-07 2.16953e-07 2.50766e-07 -2.90031e-08 3.20131e-07 -1.44844e-08 -9.22182e-08 0 1.17494e-08 -1.02006e-07 1.45809e-08 0
internal_weight=699338 494100 360969 271245 205238 214068 133131 130677 58259 44686 127891 74561 65973 57177 47037 89724 43145 74872 50612 24260 46579 13573
internal_count=699338 494100 360969 271245 205238 214068 133131 130677 58259 44686 127891 74561 65973 57177 47037 89724 43145 74872 50612 24260 46579 13573
is_linear=0
shrinkage=0.02


Tree=73
num_leaves=23
num_cat=0
split_feature=1 5 1 2 2 1 1 5 5 2 2 1 1 0 5 1 1 1 1 2 0 1
split_gain=0.00013745 3.33979e-05 1.74425e-05 1.12547e-05 1.17562e-05 7.99174e-06 4.91965e-06 4.71624e-06 2.52458e-06 2.52146e-06 2.98107e-06 1.28236e-06 2.86023e-06 1.21502e-06 1.19435e-06 8.5039e-07 1.90576e-06 6.41595e-07 1.44742e-06 6.60545e-07 5.75479e-07 2.15959e-08
threshold=-0.004604408983141183 1.1172599792480471 -0.0072754085995256892 0.28929464519023901 0.2229886129498482 -0.019502669572830197 -0.0030996017158031459 1.7902358174324038 -2.4220364093780513 0.22291945666074756 0.30051009356975561 0.0021756297210231428 0.0066744352225214252 1.2191759943962099 1.5134204626083376 -0.0054909517057240001 -0.0059062461368739596 -0.0069361336063593617 -0.38251531124114985 0.20733901858329776 -0.7987534999847411 -0.0068752968218177548
decision_type=2 2 2 2 2 2 2 2 2 2 2 2 2 2 2 2 2 2 2 2 2 2
left_child=1 2 3 4 -1 -5 14 17 -8 21 -11 13 -13 -10 -2 16 -4 18 -3 -19 -17 -9
right_child=6 7 15 5 -6 -7 8 9 11 10 -12 12 -14 -15 -16 20 -18 19 -20 -21 -22 -23
leaf_value=-5.6655175813042859e-07 0 -2.3493724758244773e-07 -2.682529584523894e-08 -3.3999845339607337e-07 -1.9273636348364282e-07 -1.1176978203426238e-06 0 -3.7674349268987938e-08 7.1197154320557979e-07 3.9906365043371833e-07 0 0 4.4480684547956699e-07 0 3.0881156434803592e-07 -2.3740033320685875e-07 2.4241783152647792e-07 0 8.5561637129416247e-08 -1.5290346966708843e-07 0 0
leaf_weight=54914 21728 4293 58117 24115 175753 16463 2421 6086 42833 31184 7892 13504 113161 3098 8493 10411 12260 5815 51502 20780 8936 5579
leaf_count=54914 21728 4293 58117 24115 175753 16463 2421 6086 42833 31184 7892 13504 113161 3098 8493 10411 12260 5815 51502 20780 8936 5579
internal_value=0 -1.78069e-07 -2.79246e-07 -3.59769e-07 -2.904e-07 -7.0481e-07 4.37662e-07 8.12382e-08 4.83704e-07 2.33441e-07 3.10762e-07 4.93054e-07 4.09545e-07 6.79803e-07 1.04844e-07 -1.35242e-08 0 0 2.50559e-08 -9.12838e-08 -1.35757e-07 0
internal_weight=699338 494100 360969 271245 230667 40578 205238 133131 175017 50741 39076 172596 126665 45931 30221 89724 70377 82390 55795 26595 19347 11665
internal_count=699338 494100 360969 271245 230667 40578 205238 133131 175017 50741 39076 172596 126665 45931 30221 89724 70377 82390 55795 26595 19347 11665
is_linear=0
shrinkage=0.02


Tree=74
num_leaves=22
num_cat=0
split_feature=1 5 1 4 4 4 5 5 1 1 1 4 4 5 1 1 4 4 1 1 3
split_gain=0.000132417 3.215e-05 1.67403e-05 1.53987e-05 9.22053e-06 6.87946e-06 4.54219e-06 3.11239e-06 1.61241e-06 1.48086e-06 1.46939e-06 1.61616e-06 1.21198e-06 8.96449e-07 8.18571e-07 1.83029e-06 1.32116e-06 7.4751e-07 5.81954e-07 1.02723e-06 3.69102e-07
threshold=-0.004604408983141183 1.1172599792480471 -0.0072754085995256892 -0.45045319199562067 -0.17505501955747602 2.9999792575836186 1.716461777687073 -2.4220364093780513 -0.004267071606591343 -0.4755482673645019 -0.0037759890547022219 -0.45681309700012201 -0.27829128503799433 -1.3805279731750486 -0.0054909517057240001 -0.0059062461368739596 1.7707529067993166 -0.46861021220684046 -0.0069361336063593617 -0.38251531124114985 -1.5510617494583128
decision_type=2 2 2 2 2 2 2 2 2 2 2 2 2 2 2 2 2 2 2 2 2
left_child=1 2 3 17 10 -5 18 -6 -9 -8 -2 -12 -11 -13 15 -4 -16 -1 19 -3 -20
right_child=4 6 14 5 7 -7 9 8 -10 12 11 13 -14 -15 16 -17 -18 -19 20 -21 -22
leaf_value=-8.6152215457527244e-08 0 -2.1385965545771787e-07 -2.6288791173081956e-08 -4.5097397657373506e-07 0 4.1689554006385531e-08 0 0 5.758627516429024e-07 0 0 0 2.8849518041416391e-07 3.3171263007082287e-07 -2.183869922547629e-07 2.3756951566705601e-07 0 2.7247854355932724e-08 0 7.1108811028069171e-08 -1.3315461967517007e-07
leaf_weight=42810 8588 3922 58117 209842 2786 4226 2258 6363 121528 11153 18936 3999 44848 43038 18278 12260 1069 14367 3062 46690 21198
leaf_count=42810 8588 3922 58117 209842 2786 4226 2258 6363 121528 11153 18936 3999 44848 43038 18278 12260 1069 14367 3062 46690 21198
internal_value=0 -1.74822e-07 -2.74112e-07 -3.53016e-07 4.2953e-07 -4.31905e-07 7.937e-08 5.42161e-07 5.56844e-07 2.13499e-07 2.05307e-07 2.37796e-07 2.40826e-07 3.05049e-07 -1.32883e-08 0 -1.33202e-07 -2.26789e-08 0 9.50955e-09 -9.69876e-08
internal_weight=699338 494100 360969 271245 205238 214068 133131 130677 127891 58259 74561 65973 56001 47037 89724 70377 19347 57177 74872 50612 24260
internal_count=699338 494100 360969 271245 205238 214068 133131 130677 127891 58259 74561 65973 56001 47037 89724 70377 19347 57177 74872 50612 24260
is_linear=0
shrinkage=0.02


Tree=75
num_leaves=20
num_cat=0
split_feature=5 5 4 4 0 4 5 5 4 4 4 5 4 4 3 4 0 3 3
split_gain=4.50888e-05 1.94872e-05 8.06881e-06 3.2238e-06 3.22078e-06 3.5122e-06 2.28407e-06 1.87538e-06 1.74733e-06 1.72242e-06 1.64836e-06 1.33144e-06 8.81506e-07 2.8485e-07 1.82956e-07 4.86397e-08 4.71886e-08 3.4387e-08 9.21684e-08
threshold=-1.2837833166122434 1.5939150452613833 0.17321790754795077 1.197090804576874 -0.83550119400024403 2.9999792575836186 0.76048725843429577 1.1466934084892275 -0.46092909574508661 -0.15949255973100659 -0.22003575414419171 1.716461777687073 -0.1019337736070156 -0.22991552203893659 -1.6159074902534483 -0.46659646928310389 -0.79048040509223927 -0.013008072506636379 1.5590046644210818
decision_type=2 2 2 2 2 2 2 2 2 2 2 2 2 2 2 2 2 2 2
left_child=4 2 7 10 -1 8 -4 12 15 -9 13 -12 -2 -3 -10 -6 -8 -7 -19
right_child=1 3 6 -5 5 17 16 9 14 -11 11 -13 -14 -15 -16 -17 -18 18 -20
leaf_value=0 -8.0316296009371445e-08 1.515229137146431e-07 2.7928680681637985e-07 0 -3.8116883923107122e-08 0 3.708299738489973e-08 0 0 2.0819176121717241e-07 0 4.427178623718282e-07 0 0 -3.5867540611814595e-07 0 0 1.5717690498873468e-07 0
leaf_weight=5209 169625 40963 51698 12378 13391 1465 13726 47140 1191 20672 11268 69979 85375 1630 133270 1031 17058 2049 248
leaf_count=5209 169625 40963 51698 12378 13391 1465 13726 47140 1191 20672 11268 69979 85375 1630 133270 1031 17058 2049 248
internal_value=1.40318e-10 8.96883e-08 1.48889e-08 2.97559e-07 -2.94381e-07 -3.13141e-07 1.94455e-07 -2.47967e-08 -3.31619e-07 5.52553e-08 3.28335e-07 4.02817e-07 -5.3928e-08 1.39304e-07 -3.5632e-07 0 0 0 7.73815e-08
internal_weight=699366 541512 405294 136218 157854 152645 82482 322812 148883 67812 123840 81247 255000 42593 134461 14422 30784 3762 2297
internal_count=699366 541512 405294 136218 157854 152645 82482 322812 148883 67812 123840 81247 255000 42593 134461 14422 30784 3762 2297
is_linear=0
shrinkage=0.02


Tree=76
num_leaves=21
num_cat=0
split_feature=1 1 4 1 4 3 1 0 0 0 4 4 4 1 4 3 3 1 1 3
split_gain=0.000120738 1.63851e-05 8.66187e-06 7.25314e-06 7.5981e-06 6.26939e-06 2.49401e-06 1.90861e-06 1.94457e-06 1.62859e-06 1.58225e-06 1.1154e-06 3.93657e-07 5.89804e-07 2.22969e-07 2.15765e-07 1.90357e-07 1.17366e-07 2.67332e-08 2.06216e-09
threshold=-0.004604408983141183 -0.4755482673645019 -0.1501856595277786 -0.010131907183676956 -0.4251201450824737 -0.0061258319765329352 -0.0035901319934055205 1.2293903827667239 -0.77513739466667164 1.2639859318733218 -0.45681309700012201 2.9999792575836186 1.197090804576874 -0.004267071606591343 1.324047923088074 -0.018313495442271229 1.5611214041709902 -0.0044848306570202104 0.010153800249099733 -1.5701873898506162
decision_type=2 2 2 2 2 2 2 2 2 2 2 2 2 2 2 2 2 2 2 2
left_child=1 11 6 4 15 -6 -2 8 -5 -9 19 -1 13 -4 -14 -3 -12 -16 -15 -8
right_child=2 3 12 7 5 -7 10 9 -10 -11 16 -13 14 18 17 -17 -18 -19 -20 -21
leaf_value=-7.0981372467426944e-07 0 -5.8447215560099517e-08 0 0 -3.2355270962051282e-07 -4.2639921942398191e-08 0 4.3526273022616934e-07 -1.2281989777257828e-07 0 3.2255220167843562e-07 0 0 7.1456499544062238e-07 0 1.4819514945232304e-08 0 2.0751382587868012e-07 4.1428552859880345e-07 7.045738018382318e-09
leaf_weight=24195 10400 22443 5227 96261 159437 61614 2248 5939 76845 2859 49447 829 1549 50341 284 43888 2173 15077 51694 16616
leaf_count=24195 10400 22443 5227 96261 159437 61614 2248 5939 76845 2859 49447 829 1549 50341 284 43888 2173 15077 51694 16616
internal_value=2.88269e-10 -1.66093e-07 4.11122e-07 -1.34158e-07 -1.97907e-07 -2.54301e-07 2.06163e-07 -2.24482e-08 -4.69366e-08 2.32049e-07 2.50855e-07 -6.85066e-07 5.28523e-07 5.65737e-07 1.74195e-07 0 3.13345e-07 1.98014e-07 5.82036e-07 0
internal_weight=699366 494310 205056 469286 287382 221051 80884 181904 173106 8798 70484 25024 124172 107262 16910 66331 51620 15361 102035 18864
internal_count=699366 494310 205056 469286 287382 221051 80884 181904 173106 8798 70484 25024 124172 107262 16910 66331 51620 15361 102035 18864
is_linear=0
shrinkage=0.02


Tree=77
num_leaves=16
num_cat=0
split_feature=1 1 1 3 3 0 1 2 2 3 0 1 1 1 0
split_gain=0.00011632 1.56983e-05 6.98249e-06 6.85205e-06 1.31533e-05 4.74807e-06 4.6346e-06 3.28375e-06 5.15389e-06 1.93132e-06 1.67118e-06 1.08377e-06 2.45131e-06 9.27941e-07 2.12998e-07
threshold=-0.004604408983141183 -0.4755482673645019 -0.010131907183676956 0.0078098736703395852 -0.014214442577213047 1.1998248696327212 -0.0030996017158031459 0.25830316543579107 0.22911778092384341 -1.5825695395469663 -0.81697812676429737 0.0011714734719134869 -0.0012107486836612222 0.28815434873104101 1.2141931653022768
decision_type=2 2 2 2 2 2 2 2 2 2 2 2 2 2 2
left_child=1 -1 3 4 -3 -5 14 8 -4 -8 -9 12 -11 -13 -2
right_child=6 2 7 5 -6 -7 9 10 -10 11 -12 13 -14 -15 -16
leaf_value=-6.7133994443184523e-07 1.1121880742977284e-07 -7.8948059916902381e-08 0 1.5579540425158349e-07 -4.2576238291119266e-07 -1.5519613000725643e-07 0 -2.9612399194576512e-07 3.6780128181448998e-07 1.8029273530757561e-07 -3.1247933725287358e-08 3.0121939927960085e-07 8.1688487108333431e-07 5.8440826861244717e-07 0
leaf_weight=25024 22846 108476 80595 30993 100110 47803 8703 20789 16586 12867 63934 95381 26800 31238 7221
leaf_count=25024 22846 108476 80595 30993 100110 47803 8703 20789 16586 12867 63934 95381 26800 31238 7221
internal_value=3.54582e-10 -1.62901e-07 -1.31527e-07 -1.94088e-07 -2.54989e-07 -7.49115e-09 4.03652e-07 -2.16948e-08 4.32964e-08 4.47657e-07 -1.19849e-07 4.64253e-07 6.60811e-07 3.8688e-07 8.10263e-08
internal_weight=699366 494310 469286 287382 208586 78796 205056 181904 97181 174989 84723 166286 39667 126619 30067
internal_count=699366 494310 469286 287382 208586 78796 205056 181904 97181 174989 84723 166286 39667 126619 30067
is_linear=0
shrinkage=0.02


Tree=78
num_leaves=22
num_cat=0
split_feature=1 5 1 4 4 4 5 5 1 4 1 1 1 4 1 5 5 4 4 1 5
split_gain=0.000112198 2.85505e-05 1.67814e-05 1.4344e-05 8.27385e-06 5.24354e-06 4.50112e-06 2.56476e-06 2.32841e-06 1.51947e-06 1.11958e-06 1.54393e-06 8.69118e-07 7.72832e-07 1.1923e-06 1.18494e-06 7.4042e-07 7.38134e-07 3.73965e-07 1.37293e-07 8.28808e-10
threshold=-0.004604408983141183 1.1172599792480471 -0.0073362695984542361 -0.45045319199562067 -0.1501856595277786 2.9999792575836186 1.8937104344367983 -2.5857044458389278 -0.0035901319934055205 -0.45681309700012201 -0.4755482673645019 -0.0070691171567887059 -0.54629427194595326 1.3905907869338991 -0.0054120214190334073 -2.6566073894500728 -1.3239475488662718 -0.46861021220684046 2.7072849273681645 -0.004267071606591343 0.6255820393562318
decision_type=2 2 2 2 2 2 2 2 2 2 2 2 2 2 2 2 2 2 2 2 2
left_child=1 2 3 17 8 -5 10 -6 -2 20 -3 -12 -8 14 -4 -15 -11 -1 -14 -9 -10
right_child=4 6 13 5 7 -7 12 19 9 16 11 -13 18 15 -16 -17 -18 -19 -20 -21 -22
leaf_value=-8.0681890012334618e-08 0 -3.1088191430161959e-07 0 -4.2572914186045079e-07 0 0 0 0 0 0 9.4835736574520503e-08 -6.5151831747743847e-08 2.8499076517803921e-07 0 -1.8894293106448701e-07 3.1540445324379375e-07 3.2448020724295691e-07 4.3896235979715917e-08 0 5.3661905498980761e-07 5.8020392768910483e-09
leaf_weight=42919 10400 4366 68067 208355 1821 4197 1320 5928 9016 4783 57448 29861 38641 437 16271 6827 46837 14447 1154 116423 9848
leaf_count=42919 10400 4366 68067 208355 1821 4197 1320 5928 9016 4783 57448 29861 38641 437 16271 6827 46837 14447 1154 116423 9848
internal_value=3.22865e-10 -1.59962e-07 -2.53477e-07 -3.33052e-07 3.9646e-07 -4.09632e-07 7.95697e-08 5.11161e-07 1.95646e-07 2.39038e-07 0 1.72104e-08 2.53454e-07 0 -3.51072e-08 1.68067e-07 2.99657e-07 -1.44444e-08 2.74054e-07 5.23029e-07 0
internal_weight=699366 494310 361520 269918 205056 212552 132790 124172 80884 70484 91675 87309 41115 91602 84338 7264 51620 57366 39795 122351 18864
internal_count=699366 494310 361520 269918 205056 212552 132790 124172 80884 70484 91675 87309 41115 91602 84338 7264 51620 57366 39795 122351 18864
is_linear=0
shrinkage=0.02


Tree=79
num_leaves=21
num_cat=0
split_feature=1 5 1 2 2 1 5 1 2 2 5 3 5 1 1 1 5 2 5 1
split_gain=0.00010789 2.7383e-05 1.60838e-05 1.15029e-05 1.06781e-05 7.85353e-06 4.33373e-06 4.28371e-06 2.18601e-06 2.3471e-06 1.98258e-06 1.67864e-06 1.03971e-06 9.18321e-07 1.5573e-06 6.99662e-07 6.14094e-07 7.02477e-07 4.29483e-07 1.18694e-09
threshold=-0.004604408983141183 1.1172599792480471 -0.0073362695984542361 0.28929464519023901 0.2229886129498482 -0.027171454392373558 1.8474886417388918 -0.0030996017158031459 0.22291945666074756 0.30051009356975561 -2.3734641075134273 -1.5825695395469663 1.5134204626083376 -0.38251531124114985 -0.0069361336063593617 0.010153800249099733 -1.8409551382064817 0.21893128007650378 0.76048725843429577 -0.0068752968218177548
decision_type=2 2 2 2 2 2 2 2 2 2 2 2 2 2 2 2 2 2 2 2
left_child=1 2 3 4 -1 -5 13 12 19 -10 -9 -12 -2 -3 -15 -13 17 -4 -18 -8
right_child=7 6 16 5 -6 -7 8 10 9 -11 11 15 -14 14 -16 -17 18 -19 -20 -21
leaf_value=-5.2259488499814315e-07 0 -2.7925967707101892e-07 0 -2.7070255166053286e-07 -1.6405785924397563e-07 -1.0227118564382286e-06 -9.4529962273749972e-09 0 3.936326467045894e-07 0 0 5.7017377049421598e-07 2.6272171110912439e-07 9.1930640267253449e-08 -7.7359239847604104e-08 3.432954879630529e-07 4.2929125803735108e-08 -2.6549500119452452e-07 -6.1793894752210735e-08 0
leaf_weight=53616 21563 4589 4961 21754 175634 18914 5313 2724 28049 6877 8534 72381 8504 54975 28032 91350 66061 7471 13109 4955
leaf_count=53616 21563 4589 4961 21754 175634 18914 5313 2724 28049 6877 8534 72381 8504 54975 28032 91350 66061 7471 13109 4955
internal_value=3.67624e-10 -1.56754e-07 -2.48362e-07 -3.2627e-07 -2.56635e-07 -6.6963e-07 7.7588e-08 3.88879e-07 2.36737e-07 3.12341e-07 4.31306e-07 4.39966e-07 7.54344e-08 0 1.0666e-08 4.55808e-07 0 -1.40562e-07 3.26928e-10 0
internal_weight=699366 494310 361520 269918 229250 40668 132790 205056 45194 34926 174989 172265 30067 87596 83007 163731 91602 12432 79170 10268
internal_count=699366 494310 361520 269918 229250 40668 132790 205056 45194 34926 174989 172265 30067 87596 83007 163731 91602 12432 79170 10268
is_linear=0
shrinkage=0.02


Tree=80
num_leaves=21
num_cat=0
split_feature=5 5 4 4 0 4 4 5 5 0 0 3 5 4 4 4 4 5 3 3
split_gain=4.09553e-05 1.60391e-05 6.71849e-06 3.76247e-06 2.89502e-06 2.85122e-06 1.97845e-06 1.74652e-06 1.13462e-06 1.10322e-06 3.16032e-06 1.21447e-06 1.07828e-06 6.22353e-07 5.63576e-07 3.24358e-07 2.37748e-07 1.38952e-09 4.65625e-10 3.00947e-08
threshold=-1.2837833166122434 1.5662795901298525 0.077253796160221114 1.197090804576874 -0.83550119400024403 2.9999792575836186 -0.22003575414419171 -1.9065061211585996 1.7745229601860049 -0.81292775273323048 -0.74937453866004933 -0.012184084393084047 1.3498364686965945 -0.48366990685462946 0.17321790754795077 -0.60703358054161061 -0.22991552203893659 2.1920609474182133 -0.013008072506636379 1.5590046644210818
decision_type=2 2 2 2 2 2 2 2 2 2 2 2 2 2 2 2 2 2 2 2
left_child=4 2 9 6 -1 7 16 13 -8 11 -11 -2 14 -6 -4 -9 -3 -5 -7 -20
right_child=1 3 12 17 5 18 8 15 -10 10 -12 -13 -14 -15 -16 -17 -18 -19 19 -21
leaf_value=0 0 1.2827491118863561e-07 0 -8.1025237652681058e-09 0 0 7.4357951557808588e-08 0 4.3360912488776017e-07 1.1685198385354485e-07 -5.9229902836267718e-08 -1.2222206710523005e-07 0 -4.3761391921526473e-07 2.1125625947704163e-07 -2.0696093953792232e-07 0 0 7.7312829527190753e-08 0
leaf_weight=5200 40444 43635 19520 8466 984 1507 19161 1797 64623 62737 116154 78757 11610 65202 70968 81376 1726 4316 2045 260
leaf_count=5200 40444 43635 19520 8466 984 1507 19161 1797 64623 62737 116154 78757 11610 65202 70968 81376 1726 4316 2045 260
internal_value=0 8.35659e-08 1.3462e-08 2.67145e-07 -2.82023e-07 -2.99662e-07 3.00139e-07 -3.15793e-07 3.75321e-07 -2.89258e-08 0 -7.61212e-08 1.56809e-07 -4.29997e-07 1.80307e-07 -2.00867e-07 1.17183e-07 0 0 8.98883e-09
internal_weight=700488 542117 400190 141927 158371 153171 129145 149359 83784 298092 178891 119201 102098 66186 90488 83173 45361 12782 3812 2305
internal_count=700488 542117 400190 141927 158371 153171 129145 149359 83784 298092 178891 119201 102098 66186 90488 83173 45361 12782 3812 2305
is_linear=0
shrinkage=0.02


Tree=81
num_leaves=19
num_cat=0
split_feature=1 5 1 2 2 1 1 1 2 2 5 3 1 3 1 1 1 1
split_gain=0.00010633 2.86034e-05 1.54385e-05 8.83352e-06 1.303e-05 1.00979e-05 4.69311e-06 1.11983e-05 2.63542e-06 3.22777e-06 2.53077e-06 2.51173e-06 1.52721e-06 1.19606e-06 4.90257e-07 9.81532e-07 1.20981e-07 5.72582e-08
threshold=-0.0035901319934055205 1.4192795157432558 -0.016319548711180683 0.26084078848361975 0.22451655566692355 -0.0063770571723580352 -0.022364044561982151 -0.045517876744270318 0.31525824964046484 0.22291945666074756 -2.1169134378433223 -0.024107821285724636 -0.4755482673645019 -1.5825695395469663 -0.0030996017158031459 0.0021756297210231428 -0.0054909517057240001 -0.0066428727004677049
decision_type=2 2 2 2 2 2 2 2 2 2 2 2 2 2 2 2 2 2
left_child=1 2 6 4 -4 -5 7 -1 9 17 -2 -8 -11 -12 -15 -16 -10 -3
right_child=10 8 3 5 -6 -7 11 -9 16 12 13 -13 -14 14 15 -17 -18 -19
leaf_value=-4.5196860581202387e-07 0 -3.3374680219430433e-08 -1.9255903217380392e-07 -5.4790341855458126e-07 1.6743696086552117e-07 -6.6790892482097349e-08 -8.3281733050885003e-08 -2.781451055388491e-08 -7.7265305177566513e-08 0 0 -7.8378966653683996e-07 2.8435847334129155e-07 0 6.3098738727808204e-07 3.6993994044630736e-07 0 2.6611184867460025e-08
leaf_weight=75109 5426 14742 83153 34822 76276 58863 9847 53376 8610 2419 8636 24811 62663 7487 43883 118052 3159 9154
leaf_count=75109 5426 14742 83153 34822 76276 58863 9847 53376 8610 2419 8636 24811 62663 7487 43883 118052 3159 9154
internal_value=0 -1.45756e-07 -2.20896e-07 -1.11614e-07 -7.78052e-09 -2.66965e-07 -3.78185e-07 -2.9133e-07 1.44848e-07 1.88599e-07 4.14658e-07 -6.42469e-07 2.61664e-07 4.27628e-07 4.41601e-07 4.53033e-07 -1.59909e-08 0
internal_weight=700488 517004 416257 253114 159429 93685 163143 128485 100747 88978 183484 34658 65082 178058 169422 161935 11769 23896
internal_count=700488 517004 416257 253114 159429 93685 163143 128485 100747 88978 183484 34658 65082 178058 169422 161935 11769 23896
is_linear=0
shrinkage=0.02


Tree=82
num_leaves=20
num_cat=0
split_feature=1 5 1 0 0 5 1 5 3 5 5 1 3 5 1 1 1 1 5
split_gain=0.000102459 2.75741e-05 1.55518e-05 4.92464e-06 7.255e-06 3.96074e-06 3.69948e-06 2.43905e-06 1.09781e-06 9.21293e-07 1.15006e-06 8.3603e-07 5.87564e-07 4.45939e-07 1.57397e-06 4.24132e-07 1.14668e-06 2.86746e-07 1.24089e-07
threshold=-0.0035901319934055205 1.21692830324173 -0.0073362695984542361 1.2230691313743594 -0.79700732231140126 1.8622004985809328 -0.015514776576310394 -2.1169134378433223 -1.5825695395469663 -1.7540060281753538 0.70304545760154735 -0.54629427194595326 1.5379027128219607 0.78050038218498241 -0.0027240018825978036 -0.0069361336063593617 -0.38251531124114985 -0.0055666223634034387 0.81552043557167064
decision_type=2 2 2 2 2 2 2 2 2 2 2 2 2 2 2 2 2 2 2
left_child=1 2 3 4 -1 15 -5 -2 -9 12 -11 -7 -4 14 -10 16 -3 -17 -15
right_child=7 5 9 6 -6 11 -8 8 13 10 -12 -13 -14 18 -16 17 -18 -19 -20
leaf_value=-2.4254163861861851e-07 0 -1.2416354784560609e-07 -2.0250549097343737e-07 -3.0117843439383664e-07 -5.2721109238526331e-07 0 3.9240244284741148e-08 0 0 5.4456005935056009e-08 -1.0454411427544962e-07 2.6640553748328632e-07 0 0 5.6497018172400832e-07 -9.6635234028745393e-08 1.0410224955033473e-07 0 3.3169089885074338e-07
leaf_weight=156463 5426 3926 14922 17049 79528 1436 25635 8636 3963 71545 22678 45439 1511 1207 69691 17667 47753 11452 94561
leaf_count=156463 5426 3926 14922 17049 79528 1436 25635 8636 3963 71545 22678 45439 1511 1207 69691 17667 47753 11452 94561
internal_value=0 -1.4324e-07 -2.28518e-07 -3.08624e-07 -3.46949e-07 1.01147e-07 -4.98756e-08 4.06879e-07 4.19613e-07 -8.7074e-09 0 2.48322e-07 -1.51446e-07 4.33177e-07 5.41728e-07 0 4.80606e-08 -4.15551e-08 3.28807e-07
internal_weight=700488 517004 389331 278675 235991 127673 42684 183484 178058 110656 94223 46875 16433 169422 73654 80798 51679 29119 95768
internal_count=700488 517004 389331 278675 235991 127673 42684 183484 178058 110656 94223 46875 16433 169422 73654 80798 51679 29119 95768
is_linear=0
shrinkage=0.02


Tree=83
num_leaves=21
num_cat=0
split_feature=5 5 0 5 2 5 2 2 2 2 2 3 3 0 5 2 3 3 2 2
split_gain=3.75045e-05 1.40783e-05 2.7894e-06 2.32354e-06 2.70404e-06 1.24152e-06 1.96877e-06 1.04958e-06 1.4397e-06 1.00575e-06 1.51865e-06 1.50444e-06 2.74582e-06 1.56065e-06 9.2235e-07 4.60998e-07 4.03637e-07 3.78863e-07 3.14895e-07 2.47086e-07
threshold=-1.2837833166122434 1.5662795901298525 -0.83550119400024403 2.1920609474182133 0.35104535520076757 -1.8409551382064817 0.19167646020650866 0.31708136200904852 0.2610254585742951 0.26029770076274877 0.22717908769845965 -0.011021239217370747 0.019835521467030052 -0.75703293085098255 -0.07036190107464789 0.38919854164123541 1.632378935813904 1.5472643971443178 0.24565702676773074 0.22291945666074756
decision_type=2 2 2 2 2 2 2 2 2 2 2 2 2 2 2 2 2 2 2 2
left_child=2 9 -1 7 19 6 -4 8 -3 10 17 13 -13 -11 -12 18 -8 -2 -7 -5
right_child=1 3 5 4 -6 15 16 -9 -10 11 14 12 -14 -15 -16 -17 -18 -19 -20 -21
leaf_value=0 -1.7244815944366195e-08 7.2452037342886303e-08 0 4.3153099300493876e-08 0 -2.6455148616830418e-08 -3.9961179988048744e-07 0 3.2299815914424829e-07 1.0306958432814187e-07 0 -1.9618873885165202e-07 0 -3.9258430334009719e-08 1.4804258777656858e-07 0 0 1.0080588829512964e-07 -2.3447410938393231e-07 5.4017984265630566e-07
leaf_weight=5200 103609 55145 2003 10091 2546 30063 74164 12793 32463 58406 40061 43454 37015 40764 65000 281 387 11881 46273 28889
leaf_count=5200 103609 55145 2003 10091 2546 30063 74164 12793 32463 58406 40061 43454 37015 40764 65000 281 387 11881 46273 28889
internal_value=0 7.99498e-08 -2.69899e-07 2.52087e-07 4.18357e-07 -2.87407e-07 -3.77238e-07 1.63397e-07 1.88121e-07 1.39038e-08 4.50789e-08 -1.32378e-08 -8.44744e-08 2.43981e-08 1.00239e-07 -1.71546e-07 -3.95847e-07 0 -1.78751e-07 4.6282e-07
internal_weight=700488 542117 158371 141927 41526 153171 76554 100401 87608 400190 220551 179639 80469 99170 105061 76617 74551 115490 76336 38980
internal_count=700488 542117 158371 141927 41526 153171 76554 100401 87608 400190 220551 179639 80469 99170 105061 76617 74551 115490 76336 38980
is_linear=0
shrinkage=0.02


Tree=84
num_leaves=25
num_cat=0
split_feature=1 5 1 4 4 4 5 5 5 4 4 5 1 5 4 1 1 4 1 5 5 3 5 1
split_gain=9.80893e-05 2.57593e-05 1.4888e-05 1.41353e-05 8.27947e-06 5.17948e-06 3.69334e-06 2.8487e-06 2.55794e-06 3.5138e-06 1.05185e-06 1.16844e-06 8.01395e-07 7.49353e-07 6.39622e-07 3.8297e-07 1.09144e-06 3.4549e-07 2.76509e-07 2.28483e-07 1.89212e-07 1.28509e-07 5.39562e-08 1.65085e-08
threshold=-0.0035901319934055205 1.21692830324173 -0.0073362695984542361 -0.45045319199562067 -0.36604945361614222 2.9999792575836186 1.8622004985809328 -2.1169134378433223 0.78050038218498241 0.57756355404853832 1.3905907869338991 -2.6566073894500728 -0.54629427194595326 -0.93507561087608326 0.98864674568176281 -0.0069361336063593617 -0.38251531124114985 -0.47126354277133936 -0.0055666223634034387 0.74129390716552745 -1.7339067459106443 -1.5701873898506162 1.8055209517478945 0.40004085004329687
decision_type=2 2 2 2 2 2 2 2 2 2 2 2 2 2 2 2 2 2 2 2 2 2 2 2
left_child=1 2 3 17 19 -5 15 -6 20 -10 13 -12 -8 -4 -14 16 -3 -1 -17 23 -9 -21 -23 -2
right_child=4 6 10 5 7 -7 12 8 9 -11 11 -13 14 -15 -16 18 -18 -19 -20 21 -22 22 -24 -25
leaf_value=-5.2828141791516823e-08 -2.4963834487613301e-08 -1.2314952927990913e-07 -1.1264330955992167e-07 -3.9238302838053182e-07 0 0 0 0 4.0335991022335869e-07 0 0 2.9211421988748305e-07 2.8323013886953771e-07 0 0 -9.5535731846167577e-08 1.0021380288204817e-07 3.184546458037932e-08 0 0 6.4915073205319544e-07 1.198094574389465e-07 0 0
leaf_weight=43298 10596 3926 37677 213923 5318 4337 1436 5518 67304 16011 491 8382 40208 64106 5231 17667 47753 17117 11452 1401 59573 12024 3895 1844
leaf_count=43298 10596 3926 37677 213923 5318 4337 1436 5518 67304 16011 491 8382 40208 64106 5231 17667 47753 17117 11452 1401 59573 12024 3895 1844
internal_value=0 -1.3997e-07 -2.22423e-07 -3.00776e-07 3.98289e-07 -3.76049e-07 9.57994e-08 4.59167e-07 4.75466e-07 3.38471e-07 -7.02448e-09 1.67139e-07 2.37725e-07 -4.18571e-08 2.55644e-07 0 4.45446e-08 0 -4.17043e-08 1.66182e-08 6.20089e-07 7.58368e-08 9.73982e-08 0
internal_weight=700488 517004 389331 278675 183484 218260 127673 153724 148406 83315 110656 8873 46875 101783 45439 80798 51679 60415 29119 29760 65091 17320 15919 12440
internal_count=700488 517004 389331 278675 183484 218260 127673 153724 148406 83315 110656 8873 46875 101783 45439 80798 51679 60415 29119 29760 65091 17320 15919 12440
is_linear=0
shrinkage=0.02


Tree=85
num_leaves=23
num_cat=0
split_feature=5 5 4 2 2 4 2 2 0 4 4 2 4 2 5 2 2 2 5 0 0 0
split_gain=3.52994e-05 1.42777e-05 7.76225e-06 5.49463e-06 5.7719e-06 4.33868e-06 3.39025e-06 6.3083e-06 2.7567e-06 2.88307e-06 2.3057e-06 1.77936e-06 1.30884e-06 1.24653e-06 9.62165e-07 7.97043e-07 7.0365e-07 6.64512e-07 3.12365e-07 1.96603e-07 3.59428e-07 1.30952e-07
threshold=-1.2837833166122434 1.5261341333389284 0.077253796160221114 0.19769876450300219 0.31830170750617987 1.197090804576874 0.26084078848361975 0.34416165947914129 -0.83550119400024403 2.9999792575836186 -0.22003575414419171 0.35543212294578558 -0.46092909574508661 0.23817130178213122 -1.3992488980293272 0.27252613008022314 0.22717908769845965 0.27591305971145635 2.1655551195144658 -0.75122475624084462 -0.825274497270584 1.2041571736335757
decision_type=2 2 2 2 2 2 2 2 2 2 2 2 2 2 2 2 2 2 2 2 2 2
left_child=8 2 6 21 -5 10 16 -8 -1 12 13 -12 15 -3 -14 -10 -2 -7 -19 20 -11 -4
right_child=1 5 3 4 -6 17 7 -9 9 19 11 -13 14 -15 -16 -17 -18 18 -20 -21 -22 -23
leaf_value=0 -1.5856160246733161e-08 0 -4.5518752562458702e-07 2.9523924613537043e-07 -8.8771267054012343e-09 0 -1.798937545902202e-07 2.7159465343073314e-07 0 0 3.7780590450438693e-07 0 -3.3674853756423277e-07 1.7926623808439371e-07 0 -3.0793969461338245e-07 5.5070722146933351e-08 -3.082232996724685e-07 0 0 3.2628692875177913e-07 0
leaf_weight=5223 84509 16843 3280 76279 19112 7602 106340 10838 10975 274 83455 3875 122342 32175 12278 3362 91071 4113 1779 1411 2089 1344
leaf_count=5223 84509 16843 3280 76279 19112 7602 106340 10838 10975 274 83455 3875 122342 32175 12278 3362 91071 4113 1779 1411 2089 1344
internal_value=0 7.92804e-08 1.05325e-08 1.66453e-07 2.13342e-07 2.46138e-07 -3.59033e-08 -1.21067e-07 -2.60384e-07 -2.78097e-07 2.81617e-07 3.58125e-07 -2.95024e-07 1.04509e-07 -3.16541e-07 0 9.54186e-09 0 -2.12396e-07 0 1.82425e-07 -3.68302e-07
internal_weight=700569 542615 392773 100015 95391 149842 292758 117178 157954 152731 136348 87330 148957 49018 134620 14337 175580 13494 5892 3774 2363 4624
internal_count=700569 542615 392773 100015 95391 149842 292758 117178 157954 152731 136348 87330 148957 49018 134620 14337 175580 13494 5892 3774 2363 4624
is_linear=0
shrinkage=0.02


Tree=86
num_leaves=22
num_cat=0
split_feature=1 1 4 1 4 3 4 0 0 1 1 1 4 0 1 4 4 4 3 4 3
split_gain=9.27958e-05 1.40062e-05 7.60903e-06 5.07992e-06 6.95015e-06 5.70246e-06 1.91071e-06 1.85812e-06 2.38649e-06 1.38058e-06 2.70259e-06 2.32042e-06 2.19918e-06 1.08362e-06 8.39741e-07 9.81898e-07 5.11625e-07 2.4789e-07 1.14971e-07 7.56376e-08 6.29257e-09
threshold=-0.004604408983141183 -0.32320049405097956 -0.22346211224794385 -0.010131907183676956 -0.37862834334373469 -0.014565916266292332 2.9999792575836186 1.2230691313743594 -0.77081230282783497 -0.0027240018825978036 0.010153800249099733 0.28815434873104101 1.2617099285125735 1.2639859318733218 -0.0037759890547022219 -0.45681309700012201 -0.098992612212896333 -0.22677050530910489 -0.018313495442271229 -0.63389638066291798 1.5816277265548708
decision_type=2 2 2 2 2 2 2 2 2 2 2 2 2 2 2 2 2 2 2 2 2
left_child=1 6 14 4 18 -6 19 8 -5 16 12 -12 -11 -9 -2 -16 -4 -17 -3 -1 -21
right_child=2 3 9 7 5 -7 -8 13 -10 10 11 -13 -14 -15 15 17 -18 -19 -20 20 -22
leaf_value=0 0 -3.2572561264192553e-08 0 0 -4.992924703198978e-08 -3.0636008867513153e-07 0 3.0292829984487163e-07 -1.3512934000446186e-07 6.9654183422310959e-07 1.746447061156659e-07 5.4776365155999205e-07 0 0 0 2.2771389920289377e-07 1.8913392380969734e-07 0 2.0723226345707917e-08 -6.1452435236387756e-07 0
leaf_weight=324 7250 24039 5929 98808 74431 135917 1063 9716 71014 47461 45107 24483 4692 2829 18929 35914 14797 740 47697 29098 331
leaf_count=324 7250 24039 5929 98808 74431 135917 1063 9716 71014 47461 45107 24483 4692 2829 18929 35914 14797 740 47697 29098 331
internal_value=0 -1.45572e-07 3.60107e-07 -1.12768e-07 -1.6715e-07 -2.25131e-07 -5.75084e-07 -1.76834e-08 -4.48839e-08 4.48298e-07 4.86882e-07 3.34655e-07 6.51655e-07 1.91104e-07 1.28311e-07 1.57017e-07 1.25158e-07 2.19321e-07 0 -6.06816e-07 -6.10989e-07
internal_weight=700569 495267 205302 464451 282084 210348 30816 182367 169822 142469 121743 69590 52153 12545 62833 55583 20726 36654 71736 29753 29429
internal_count=700569 495267 205302 464451 282084 210348 30816 182367 169822 142469 121743 69590 52153 12545 62833 55583 20726 36654 71736 29753 29429
is_linear=0
shrinkage=0.02


Tree=87
num_leaves=23
num_cat=0
split_feature=1 5 1 4 4 2 5 5 2 2 1 1 4 2 4 5 1 1 2 4 1 4
split_gain=8.94596e-05 2.27762e-05 1.35738e-05 1.33145e-05 7.33047e-06 5.94709e-06 3.17673e-06 2.10957e-06 1.86661e-06 2.10646e-06 1.77846e-06 1.3603e-06 1.37357e-06 9.78319e-07 6.80672e-07 6.6717e-07 6.32689e-07 1.42242e-06 6.28812e-07 1.07589e-06 6.38823e-07 2.50901e-08
threshold=-0.004604408983141183 1.1615763306617739 -0.0073362695984542361 -0.45045319199562067 -0.17505501955747602 0.28929464519023901 1.9281420707702639 -2.0588593482971187 0.35104535520076757 0.22291945666074756 -0.004267071606591343 -0.0035901319934055205 -0.45681309700012201 0.27092194557189947 1.197090804576874 -1.7339067459106443 -0.38251531124114985 -0.0069361336063593617 0.25830316543579107 1.3905907869338991 -0.0062610872555524102 2.7072849273681645
decision_type=2 2 2 2 2 2 2 2 2 2 2 2 2 2 2 2 2 2 2 2 2 2
left_child=1 2 3 13 11 -5 16 -6 9 -8 -9 -2 -13 -1 -12 -14 21 -18 20 -20 -4 -3
right_child=4 6 18 5 7 -7 8 10 -10 -11 14 12 15 -15 -16 -17 17 -19 19 -21 -22 -23
leaf_value=1.1722913447121109e-08 0 -2.2092744236696884e-07 0 -2.9729952568899684e-07 0 -6.4748237670760419e-07 0 0 0 3.6217133314395699e-07 5.2539365622215784e-07 0 0 -1.803746274300995e-07 1.1803977391499375e-07 2.6336838887733606e-07 9.7500853430354601e-08 -5.3628357375778517e-08 -1.2786341236533063e-07 0 1.5651112381950074e-07 0
leaf_weight=46827 9659 4469 37588 177474 6206 37943 8756 6001 1926 27481 103320 18793 1744 11830 15199 44380 56031 28266 38944 5246 12276 210
leaf_count=46827 9659 4469 37588 177474 6206 37943 8756 6001 1926 27481 103320 18793 1744 11830 15199 44380 56031 28266 38944 5246 12276 210
internal_value=0 -1.42758e-07 -2.23928e-07 -2.95232e-07 3.53743e-07 -3.68264e-07 7.65346e-08 4.53662e-07 2.29806e-07 2.76083e-07 4.72063e-07 1.51775e-07 1.86668e-07 0 4.90029e-07 2.46889e-07 0 2.30994e-08 0 -6.83332e-08 3.01018e-08 -2.10887e-07
internal_weight=700569 495267 368128 274074 205302 215417 127139 130726 38163 36237 124520 74576 64917 58657 118519 46124 88976 84297 94054 44190 49864 4679
internal_count=700569 495267 368128 274074 205302 215417 127139 130726 38163 36237 124520 74576 64917 58657 118519 46124 88976 84297 94054 44190 49864 4679
is_linear=0
shrinkage=0.02


Tree=88
num_leaves=21
num_cat=0
split_feature=1 5 1 2 2 1 1 5 3 2 2 1 1 3 5 1 1 2 2 1
split_gain=8.61085e-05 2.18376e-05 1.30841e-05 1.05116e-05 9.9942e-06 7.43345e-06 3.31079e-06 3.04812e-06 2.01526e-06 1.82069e-06 2.02165e-06 1.43728e-06 4.97068e-06 2.86866e-06 9.52544e-07 6.03143e-07 1.37057e-06 5.89637e-07 6.91117e-07 6.14763e-07
threshold=-0.004604408983141183 1.1615763306617739 -0.0073362695984542361 0.28929464519023901 0.2229886129498482 -0.027171454392373558 -0.0030996017158031459 1.9281420707702639 -1.5825695395469663 0.35104535520076757 0.22291945666074756 0.010153800249099733 0.28815434873104101 1.5562921166419985 1.5134204626083376 -0.38251531124114985 -0.0069361336063593617 0.25830316543579107 0.31394594907760626 -0.0062610872555524102
decision_type=2 2 2 2 2 2 2 2 2 2 2 2 2 2 2 2 2 2 2 2
left_child=1 2 3 4 -1 -5 14 15 -8 10 -9 13 -13 -10 -2 -3 -17 19 -19 -4
right_child=6 7 17 5 -6 -7 8 9 11 -11 -12 12 -14 -15 -16 16 -18 18 -20 -21
leaf_value=-4.7672545559943488e-07 0 -2.0666727063024707e-07 0 -2.3149988058997411e-07 -1.3479165709155196e-07 -9.5170060292582299e-07 0 0 5.4405865534440937e-07 0 3.5492793144940606e-07 1.3723156370287164e-07 5.2313537670379387e-07 0 2.4071512475250375e-07 9.5550840951908724e-08 -5.2555793383731721e-08 -1.437051149476352e-07 0 1.5338092149100702e-07
leaf_weight=54400 21584 4679 37588 22179 178340 19155 8719 8756 70047 1926 27481 62001 31307 3134 8510 56031 28266 22730 21460 12276
leaf_count=54400 21584 4679 37588 22179 178340 19155 8719 8756 70047 1926 27481 62001 31307 3134 8510 56031 28266 22730 21460 12276
internal_value=0 -1.39969e-07 -2.19474e-07 -2.89473e-07 -2.23308e-07 -6.13643e-07 3.47142e-07 7.45034e-08 3.8487e-07 2.2459e-07 2.7059e-07 4.00904e-07 2.88146e-07 5.17343e-07 6.10299e-08 0 2.21629e-08 0 -6.60795e-08 2.93311e-08
internal_weight=700569 495267 368128 274074 232740 41334 205302 127139 175208 38163 36237 166489 93308 73181 30094 88976 84297 94054 44190 49864
internal_count=700569 495267 368128 274074 232740 41334 205302 127139 175208 38163 36237 166489 93308 73181 30094 88976 84297 94054 44190 49864
is_linear=0
shrinkage=0.02


Tree=89
num_leaves=21
num_cat=0
split_feature=5 5 4 2 5 2 2 2 4 4 4 2 2 5 2 4 2 2 3 3
split_gain=3.17458e-05 1.23323e-05 4.86371e-06 6.05434e-06 3.59856e-06 4.91607e-06 3.478e-06 2.89962e-06 2.38716e-06 1.95075e-06 1.79981e-06 2.08399e-06 1.43488e-06 1.04494e-06 1.03344e-06 8.22632e-07 2.65227e-07 1.26429e-07 3.93083e-09 1.11336e-07
threshold=-1.2837833166122434 1.9445440769195559 -0.1019337736070156 0.19769876450300219 1.3498364686965945 0.26084078848361975 0.31830170750617987 0.35104535520076757 2.9999792575836186 -0.46092909574508661 0.59941527247428905 0.2601433545351029 0.26432409882545477 -1.3992488980293272 0.19167646020650866 -0.030255105346441265 0.27252613008022314 0.19715227186679843 -0.012730436399579046 1.5590046644210818
decision_type=2 2 2 2 2 2 2 2 2 2 2 2 2 2 2 2 2 2 2 2
left_child=8 2 4 15 5 -2 -5 10 9 16 11 -3 -6 14 -11 -4 17 -1 -10 -20
right_child=1 7 3 6 12 -7 -8 -9 18 13 -12 -13 -14 -15 -16 -17 -18 -19 19 -21
leaf_value=0 0 1.9722225635907446e-07 0 1.7553156122743947e-07 0 -1.9449187238702791e-07 -3.2812346173809263e-09 0 0 0 0 6.1905165578404683e-07 2.1369091909426831e-07 0 -3.1534802401431952e-07 -3.9663896780579832e-07 -1.6688901406653852e-07 6.7971027485481459e-08 1.5894237920920138e-07 0
leaf_weight=354 118000 32090 2824 169760 40163 75665 30067 4361 1731 3822 11749 23358 26338 12660 122548 8240 3809 10946 1825 259
leaf_count=354 118000 32090 2824 169760 40163 75665 30067 4361 1731 3822 11749 23358 26338 12660 122548 8240 3809 10946 1825 259
internal_value=0 7.53177e-08 3.33788e-08 1.06349e-07 -1.80841e-08 -6.80097e-08 1.38618e-07 3.23446e-07 -2.46789e-07 -2.6193e-07 3.58703e-07 4.10992e-07 9.72351e-08 -2.85789e-07 -3.0523e-07 -2.9568e-07 0 0 0 2.74671e-08
internal_weight=700569 542615 471057 210891 260166 193665 199827 71558 157954 154139 67197 55448 66501 139030 126370 11064 15109 11300 3815 2084
internal_count=700569 542615 471057 210891 260166 193665 199827 71558 157954 154139 67197 55448 66501 139030 126370 11064 15109 11300 3815 2084
is_linear=0
shrinkage=0.02


Tree=90
num_leaves=23
num_cat=0
split_feature=1 5 1 4 4 4 5 5 1 4 4 1 1 5 1 1 4 1 1 4 3 1
split_gain=8.27301e-05 1.98761e-05 1.15929e-05 1.24062e-05 7.28711e-06 5.2171e-06 2.83645e-06 2.32209e-06 1.45772e-06 1.2964e-06 1.10531e-06 8.60158e-07 6.54631e-07 6.26327e-07 5.79113e-07 2.40544e-06 1.03251e-06 5.41026e-07 1.0614e-06 4.28122e-07 2.96852e-07 6.69045e-08
threshold=-0.004604408983141183 1.1172599792480471 -0.0073362695984542361 -0.45045319199562067 -0.15345040708780286 2.9999792575836186 1.7902358174324038 -2.4220364093780513 -0.0035901319934055205 -0.45475889742374415 -0.28272907435894007 -0.4755482673645019 -0.004267071606591343 -1.6214500069618223 -0.0054909517057240001 -0.0057980886194854966 1.9138938784599306 -0.0069361336063593617 -0.38251531124114985 -0.46861021220684046 -1.5737095475196836 0.010153800249099733
decision_type=2 2 2 2 2 2 2 2 2 2 2 2 2 2 2 2 2 2 2 2 2 2
left_child=1 2 3 19 8 -5 17 -6 -2 -10 -8 -12 -9 -11 15 -4 -16 18 -3 -1 -19 -14
right_child=4 6 14 5 7 -7 10 12 9 13 11 -13 21 -15 16 -17 -18 20 -20 -21 -22 -23
leaf_value=-5.0985257033371519e-08 0 -1.8516780952350501e-07 -1.1842357949984459e-08 -3.7151791776615908e-07 0 2.3259972443446354e-08 0 0 0 0 0 2.4240867899484611e-07 5.8533830911383634e-07 2.5618422353297582e-07 -1.8762084491240369e-07 3.3692202126452288e-07 0 0 7.579188650277576e-08 6.4118728185556e-08 -1.1150440392953385e-07 3.3121811492994361e-07
leaf_weight=42945 10361 4377 64377 207990 2731 4265 8590 5973 19356 2641 1594 40488 56382 47799 18312 8397 1032 1188 51505 14500 25236 60070
leaf_count=42945 10361 4377 64377 207990 2731 4265 8590 5973 19356 2641 1594 40488 56382 47799 18312 8397 1032 1188 51505 14500 25236 60070
internal_value=0 -1.38795e-07 -2.16912e-07 -2.83399e-07 3.38752e-07 -3.54163e-07 5.87124e-08 4.44157e-07 1.49223e-07 1.84193e-07 1.77305e-07 2.19909e-07 4.57453e-07 2.39222e-07 -5.41504e-10 9.17789e-10 -1.09422e-07 0 1.95621e-08 0 -8.59104e-08 4.71429e-07
internal_weight=700109 494796 361818 269700 205313 212255 132978 125156 80157 69796 50672 42082 122425 50440 92118 72774 19344 82306 55882 57445 26424 116452
internal_count=700109 494796 361818 269700 205313 212255 132978 125156 80157 69796 50672 42082 122425 50440 92118 72774 19344 82306 55882 57445 26424 116452
is_linear=0
shrinkage=0.02


Tree=91
num_leaves=21
num_cat=0
split_feature=1 5 1 0 3 1 5 1 5 3 3 1 1 1 3 5 1 1 1 3
split_gain=7.95863e-05 1.90619e-05 1.11063e-05 4.28625e-06 4.97331e-06 4.82039e-06 2.72283e-06 2.71724e-06 1.91769e-06 1.65371e-06 1.09535e-06 9.40615e-07 5.42052e-07 2.31031e-06 6.34345e-07 5.37224e-07 5.11271e-07 1.02313e-06 4.14958e-07 2.89664e-07
threshold=-0.004604408983141183 1.1172599792480471 -0.0073362695984542361 -0.83550119400024403 -0.014214442577213047 -0.045517876744270318 1.7902358174324038 -0.0030996017158031459 -2.4220364093780513 -1.5825695395469663 1.5600675344467165 -0.4755482673645019 -0.0054909517057240001 -0.0057980886194854966 1.5297405123710635 1.5134204626083376 -0.0069361336063593617 -0.38251531124114985 -0.0081098070368170721 -1.5737095475196836
decision_type=2 2 2 2 2 2 2 2 2 2 2 2 2 2 2 2 2 2 2 2
left_child=1 2 3 5 -5 -1 16 15 -9 -10 -11 -8 13 -4 -14 -2 17 -3 -13 -18
right_child=7 6 12 4 -6 -7 11 8 9 10 -12 18 14 -15 -16 -17 19 -19 -20 -21
leaf_value=-3.1600500519548511e-07 0 -1.8146453917931874e-07 -1.1605510806836761e-08 -1.4301862280283969e-07 -3.7377362140087332e-07 4.0713533318721592e-07 0 0 0 4.0419025119283688e-07 0 2.6101084973978485e-07 -1.6590884002444784e-07 3.3018366650392475e-07 0 1.9853948347736747e-07 0 7.4276051650495703e-08 0 -1.0927432540023827e-07
leaf_weight=6781 21789 4377 64377 93855 161517 7547 1877 2434 8668 156209 7727 30331 17095 8397 2249 8486 1188 51505 18464 25236
leaf_count=6781 21789 4377 64377 93855 161517 7547 1877 2434 8668 156209 7727 30331 17095 8397 2249 8486 1188 51505 18464 25236
internal_value=0 -1.35977e-07 -2.12501e-07 -2.77583e-07 -2.96798e-07 0 5.71942e-08 3.32406e-07 3.67602e-07 3.7614e-07 3.91148e-07 1.73431e-07 -2.44286e-10 3.49797e-10 -1.0587e-07 6.28564e-08 0 1.84551e-08 1.97347e-07 -8.37806e-08
internal_weight=700109 494796 361818 269700 255372 14328 132978 205313 175038 172604 163936 50672 92118 72774 19344 30275 82306 55882 48795 26424
internal_count=700109 494796 361818 269700 255372 14328 132978 205313 175038 172604 163936 50672 92118 72774 19344 30275 82306 55882 48795 26424
is_linear=0
shrinkage=0.02


Tree=92
num_leaves=21
num_cat=0
split_feature=1 1 4 2 4 1 2 1 2 2 4 1 4 3 2 1 1 1 1 4
split_gain=7.65703e-05 1.22234e-05 6.99382e-06 6.61382e-06 6.24264e-06 5.47162e-06 5.25303e-06 5.00893e-06 4.08804e-06 2.21863e-06 1.38248e-06 1.34249e-06 1.24008e-06 2.62972e-07 2.36674e-07 2.26974e-07 1.95128e-08 2.87114e-06 1.41463e-06 1.83143e-08
threshold=-0.004604408983141183 -0.38251531124114985 -0.15345040708780286 0.28437720239162451 1.3905907869338991 -0.013032136019319294 0.26817244291305548 -0.050871439278125756 0.2229886129498482 0.38251720368862158 2.9999792575836186 -0.0035901319934055205 -0.45475889742374415 1.5600675344467165 0.3372232466936112 -0.0044848306570202104 0.010153800249099733 -0.0012107486836612222 0.28815434873104101 -0.62016034126281727
decision_type=2 2 2 2 2 2 2 2 2 2 2 2 2 2 2 2 2 2 2 2
left_child=1 10 11 5 7 6 -3 -5 -7 -6 14 -2 -13 -14 19 -4 17 -17 -18 -1
right_child=2 3 15 4 9 8 -8 -9 -10 -11 -12 12 13 -15 -16 16 18 -19 -20 -21
leaf_value=0 0 -1.8775740855873282e-07 0 0 3.0993534671528966e-07 -7.4228931015061209e-08 3.5838201209285259e-08 -3.7490298774414479e-07 1.1601821734391526e-07 -9.1084405270971567e-08 0 0 2.3689671082091782e-07 0 0 1.8821099003563045e-07 1.4642202042156796e-07 6.7540441407140927e-07 4.9447542218786268e-07 -6.111975297417097e-07
leaf_weight=410 10361 151381 3235 14322 9478 80200 39144 78175 91797 2426 964 19356 48337 2103 1560 20910 39860 39312 21839 24939
leaf_count=410 10361 151381 3235 14322 9478 80200 39144 78175 91797 2426 964 19356 48337 2103 1560 20910 39860 39312 21839 24939
internal_value=0 -1.3333e-07 3.26092e-07 -1.03729e-07 -2.50098e-07 -5.60603e-08 -1.31322e-07 -3.11655e-07 1.56803e-08 6.01993e-08 -5.57442e-07 1.40151e-07 1.7393e-07 2.27365e-07 -5.8517e-07 4.29199e-07 4.35711e-07 5.39454e-07 3.02035e-07 -6.05996e-07
internal_weight=700109 494796 205313 466923 104401 362522 190525 92497 171997 11904 27873 80157 69796 50440 26909 125156 121921 60222 61699 25349
internal_count=700109 494796 205313 466923 104401 362522 190525 92497 171997 11904 27873 80157 69796 50440 26909 125156 121921 60222 61699 25349
is_linear=0
shrinkage=0.02


Tree=93
num_leaves=22
num_cat=0
split_feature=1 5 1 4 4 4 5 5 1 4 4 1 5 1 1 1 4 1 1 4 3
split_gain=7.38299e-05 1.82733e-05 1.06529e-05 1.18046e-05 6.72354e-06 4.97001e-06 2.63135e-06 2.17763e-06 1.30405e-06 1.17962e-06 1.07368e-06 8.52754e-07 5.91554e-07 5.70233e-07 4.77704e-07 2.26031e-06 9.54031e-07 4.28375e-07 8.87358e-07 3.81463e-07 2.65539e-07
threshold=-0.004604408983141183 1.1172599792480471 -0.0073362695984542361 -0.45045319199562067 -0.15345040708780286 2.9999792575836186 1.7745229601860049 -2.3734641075134273 -0.0035901319934055205 -0.45475889742374415 -0.28272907435894007 -0.4755482673645019 -1.6214500069618223 -0.004267071606591343 -0.0054909517057240001 -0.0057980886194854966 1.9138938784599306 -0.0069361336063593617 -0.38251531124114985 -0.46861021220684046 -1.5737095475196836
decision_type=2 2 2 2 2 2 2 2 2 2 2 2 2 2 2 2 2 2 2 2 2
left_child=1 2 3 19 8 -5 17 -6 -2 -10 -8 -12 -11 -9 15 -4 -16 18 -3 -1 -19
right_child=4 6 14 5 7 -7 10 13 9 12 11 -13 -14 -15 16 -17 -18 20 -20 -21 -22
leaf_value=-4.3433244154029336e-08 0 -1.6259863456689298e-07 -9.3798496600571658e-09 -3.5547568607196019e-07 0 2.8379426910859827e-08 0 0 0 0 0 2.3416713256108737e-07 2.3946695764336921e-07 4.4838296423840907e-07 -1.7680122269130126e-07 3.2715471272817422e-07 0 0 7.1252875394358059e-08 7.0256262416803236e-08 -1.0296768674343233e-07
leaf_weight=42945 10361 4287 64377 207990 3061 4265 9080 5941 19356 2641 1663 41486 47799 116154 18312 8397 1032 1171 50512 14500 24779
leaf_count=42945 10361 4287 64377 207990 3061 4265 9080 5941 19356 2641 1663 41486 47799 116154 18312 8397 1032 1171 50512 14500 24779
internal_value=0 -1.30737e-07 -2.05735e-07 -2.69414e-07 3.20386e-07 -3.3834e-07 5.82851e-08 4.21669e-07 1.37294e-07 1.70649e-07 1.69711e-07 2.11697e-07 2.22825e-07 4.35197e-07 0 1.96915e-09 -9.93149e-08 0 1.64611e-08 0 -7.76585e-08
internal_weight=700109 494796 361818 269700 205313 212255 132978 125156 80157 69796 52229 43149 50440 122095 92118 72774 19344 80749 54799 57445 25950
internal_count=700109 494796 361818 269700 205313 212255 132978 125156 80157 69796 52229 43149 50440 122095 92118 72774 19344 80749 54799 57445 25950
is_linear=0
shrinkage=0.02


Tree=94
num_leaves=22
num_cat=0
split_feature=1 1 4 3 0 0 3 4 1 4 1 0 4 1 1 4 3 1 1 4 4
split_gain=7.09641e-05 1.16106e-05 6.40927e-06 4.40954e-06 8.65503e-06 1.06374e-05 9.90773e-06 1.68261e-06 1.26612e-06 1.12062e-06 9.43701e-07 7.39263e-07 2.88671e-07 3.76561e-07 3.99564e-07 2.75454e-07 2.52011e-07 2.51555e-07 1.21877e-07 6.78528e-10 7.33744e-09
threshold=-0.004604408983141183 -0.32320049405097956 -0.15345040708780286 1.5450865626335146 -0.77513739466667164 -0.81697812676429737 -1.5641341209411619 2.9999792575836186 -0.0035901319934055205 -0.45475889742374415 -0.013032136019319294 1.2639859318733218 1.197090804576874 -0.004267071606591343 0.010153800249099733 1.324047923088074 1.5600675344467165 -0.023908871226012703 -0.0044848306570202104 -0.63389638066291798 1.0873721241950991
decision_type=2 2 2 2 2 2 2 2 2 2 2 2 2 2 2 2 2 2 2 2 2
left_child=1 7 8 4 5 -3 -6 19 -2 -10 17 -12 13 -4 -15 -14 -11 -5 -17 -1 -21
right_child=2 3 12 10 6 -7 -8 -9 9 16 11 -13 15 14 -16 18 -18 -19 -20 20 -22
leaf_value=0 0 -1.5213232829944478e-07 0 7.2530530521145169e-09 0 1.0469214644264797e-07 -3.7390727486381325e-07 0 0 2.2761210837090954e-07 1.7691240542882211e-07 0 0 5.7698457021319213e-07 3.0162160413046056e-07 0 0 -7.7870706917196764e-08 1.4753455442687287e-07 -5.8081188384578476e-07 0
leaf_weight=334 10361 157469 5323 17479 52450 101212 93296 1075 19356 48337 24393 1439 1540 50771 52063 314 2103 16442 15145 26661 2546
leaf_count=334 10361 157469 5323 17479 52450 101212 93296 1075 19356 48337 24393 1439 1540 50771 52063 314 2103 16442 15145 26661 2546
internal_value=0 -1.28082e-07 3.14198e-07 -9.78422e-08 -1.22986e-07 -4.39152e-08 -2.49604e-07 -5.21226e-07 1.34438e-07 1.67369e-07 3.88679e-08 1.34563e-07 4.13346e-07 4.44069e-07 4.57022e-07 1.00215e-07 2.18286e-07 0 1.34799e-07 -5.51676e-07 -5.54829e-07
internal_weight=700109 494796 205313 464180 404427 258681 145746 30616 80157 69796 59753 25832 125156 108157 102834 16999 50440 33921 15459 29541 29207
internal_count=700109 494796 205313 464180 404427 258681 145746 30616 80157 69796 59753 25832 125156 108157 102834 16999 50440 33921 15459 29541 29207
is_linear=0
shrinkage=0.02


Tree=95
num_leaves=21
num_cat=0
split_feature=5 5 4 5 0 4 4 4 3 5 4 0 5 4 3 3 0 3 0 0
split_gain=2.63443e-05 9.27311e-06 4.07199e-06 2.93982e-06 2.48496e-06 2.48031e-06 2.15868e-06 2.30103e-06 1.0232e-06 9.86239e-07 3.46364e-06 7.97842e-07 4.78434e-07 1.1748e-06 4.60262e-07 4.26935e-07 2.42202e-07 9.5187e-07 2.18653e-07 5.38636e-08
threshold=-1.2837833166122434 1.9281420707702639 -0.1019337736070156 1.3498364686965945 -0.83550119400024403 2.9999792575836186 0.59941527247428905 -0.19032095372676847 1.5450865626335146 -2.9997932910919185 0.38512225449085241 -0.82683151960372914 -0.95464482903480519 0.14102052152156833 1.5499454140663149 -1.5449972748756406 -0.75122475624084462 -0.01377098076045513 1.2925076484680178 -0.82089582085609425
decision_type=2 2 2 2 2 2 2 2 2 2 2 2 2 2 2 2 2 2 2 2
left_child=4 2 3 8 -1 9 7 19 -2 14 -11 -9 13 -4 -6 -5 17 -7 -14 -3
right_child=1 6 12 15 5 16 -8 11 -10 10 -12 -13 18 -15 -16 -17 -18 -19 -20 -21
leaf_value=0 -7.9906279689388913e-08 0 -1.3171138099446815e-07 0 -7.1739534946987487e-07 0 0 0 4.077075538678393e-09 -2.6349648754265305e-07 0 4.5711916292470411e-07 1.1323215533383201e-07 1.7502577220523718e-07 0 1.1571445897984769e-07 0 4.8697299932568115e-07 0 4.52828293838828e-08
leaf_weight=5118 167682 5299 10976 10785 6775 391 13603 3201 25140 118468 22729 38535 187221 9124 817 54272 1403 2014 2386 13385
leaf_count=5118 167682 5299 10976 10785 6775 391 13603 3201 25140 118468 22729 38535 187221 9124 817 54272 1403 2014 2386 13385
internal_value=2.59956e-09 7.16499e-08 3.38133e-08 -1.27288e-08 -2.21845e-07 -2.3954e-07 2.83636e-07 3.35935e-07 -5.85843e-08 -2.55961e-07 -2.20095e-07 4.30448e-07 1.00584e-07 0 -6.59563e-07 9.24398e-08 0 2.00702e-07 1.10449e-07 1.77719e-08
internal_weight=699324 541609 467586 257879 157715 152597 74023 60420 192822 148789 141197 41736 209707 20100 7592 65057 3808 2405 189607 18684
internal_count=699324 541609 467586 257879 157715 152597 74023 60420 192822 148789 141197 41736 209707 20100 7592 65057 3808 2405 189607 18684
is_linear=0
shrinkage=0.02


Tree=96
num_leaves=23
num_cat=0
split_feature=1 5 1 0 1 0 1 1 0 1 2 2 1 0 5 5 5 2 0 5 5 2
split_gain=6.68625e-05 1.69175e-05 1.02381e-05 7.50656e-06 1.17433e-05 1.03617e-05 6.26531e-06 8.42854e-06 4.7879e-06 2.15682e-06 1.89364e-06 1.91272e-06 1.7023e-06 1.62425e-06 9.62384e-07 1.04126e-06 6.52488e-07 3.01875e-07 1.47885e-07 1.46843e-07 1.32459e-07 5.32774e-08
threshold=-0.004604408983141183 1.21692830324173 -0.016319548711180683 -0.82164779305458058 -0.0072754085995256892 -0.75925898551940907 -0.022364044561982151 -0.045517876744270318 -0.82361289858818043 -0.0030996017158031459 0.31525824964046484 0.21893128007650378 -0.38251531124114985 1.2162267565727236 -2.5267831087112422 0.78050038218498241 1.5261341333389284 0.20794577896595004 1.2131718397140505 1.292258679866791 -1.9300597906112669 0.2229886129498482
decision_type=2 2 2 2 2 2 2 2 2 2 2 2 2 2 2 2 2 2 2 2 2 2
left_child=1 2 6 4 -4 -5 7 -1 -8 16 11 17 -13 14 -11 -16 -2 -3 19 -12 -15 -22
right_child=9 10 3 5 -6 -7 8 -9 -10 13 18 12 -14 20 15 -17 -18 -19 -20 -21 21 -23
leaf_value=-3.6571047780407566e-07 0 1.1387273755280238e-08 -6.2379177592330793e-07 1.6182303323310952e-07 0 -1.5972867093963105e-07 0 0 -6.8198218333222702e-07 0 0 0 1.9343926590273748e-07 0 4.8437594460508418e-07 2.6132570328059745e-07 2.0610917264504015e-07 -1.0294240543115066e-07 0 -1.266434105542196e-07 0 7.6590665368934627e-08
leaf_weight=70268 21649 14995 24189 71727 36178 88918 3146 50073 30190 1617 1214 3639 75093 928 67915 85482 8338 11211 1550 11610 2475 16919
leaf_count=70268 21649 14995 24189 71727 36178 88918 3146 50073 30190 1617 1214 3639 75093 928 67915 85482 8338 11211 1550 11610 2475 16919
internal_value=2.67219e-09 -1.20507e-07 -1.88163e-07 -8.80801e-08 -2.79475e-07 -3.70801e-09 -3.19085e-07 -2.23783e-07 -6.03123e-07 3.08777e-07 7.52014e-08 1.14004e-07 1.64441e-07 3.40644e-07 3.67806e-07 3.73117e-07 5.57541e-08 0 -6.89409e-08 -9.96997e-08 3.50426e-08 6.33931e-08
internal_weight=699324 494001 374689 221012 60367 160645 153677 120341 33336 205323 119312 104938 78732 175336 155014 153397 29987 26206 14374 12824 20322 19394
internal_count=699324 494001 374689 221012 60367 160645 153677 120341 33336 205323 119312 104938 78732 175336 155014 153397 29987 26206 14374 12824 20322 19394
is_linear=0
shrinkage=0.02


Tree=97
num_leaves=19
num_cat=0
split_feature=5 5 2 2 0 2 2 2 2 5 2 2 3 5 2 3 3 0
split_gain=2.48022e-05 8.71989e-06 2.51969e-06 2.4496e-06 2.40993e-06 2.2911e-06 1.17498e-06 2.41657e-06 1.10914e-06 8.66968e-07 1.09305e-06 1.63691e-06 8.5976e-07 7.26551e-07 8.03878e-07 5.20707e-07 5.1515e-07 1.35748e-06
threshold=-1.2837833166122434 1.9281420707702639 0.35104535520076757 0.22291945666074756 -0.83550119400024403 0.19769876450300219 0.20733901858329776 0.2106181010603905 0.20794577896595004 -2.9997932910919185 0.24565702676773074 0.23700457811355594 1.5666375756263735 0.14341857284307483 1.0000000180025095e-35 -1.5701873898506162 1.5499454140663149 -0.77513739466667164
decision_type=2 2 2 2 2 2 2 2 2 2 2 2 2 2 2 2 2 2
left_child=4 5 3 8 -1 13 15 -8 -3 16 11 -11 -12 -2 -15 -7 17 -6
right_child=1 2 -4 -5 9 6 7 -9 -10 10 12 -13 -14 14 -16 -17 -18 -19
leaf_value=0 0 1.9806136785732291e-07 0 3.8398616205526486e-07 0 0 -1.5719963874829317e-07 4.4930719669546001e-08 -6.0918064288818327e-08 -1.3873431646440462e-07 -2.7369499476146692e-07 5.497513885339417e-08 0 0 -3.3311935623194436e-07 1.935006207618027e-07 0 -1.1856162198516239e-06
leaf_weight=5118 8606 10616 4557 51519 4625 5133 21694 388281 7331 48358 82195 9392 4579 530 9952 33390 828 2620
leaf_count=5118 8606 10616 4557 51519 4625 5133 21694 388281 7331 48358 82195 9392 4579 530 9952 33390 828 2620
internal_value=2.49058e-09 6.95728e-08 2.75259e-07 3.08621e-07 -2.15195e-07 3.27336e-08 4.54203e-08 2.93565e-08 0 -2.32764e-07 -1.98253e-07 -7.25989e-08 -2.5883e-07 -1.60579e-07 -2.73279e-07 1.64459e-07 -6.02849e-07 -6.58333e-07
internal_weight=699324 541609 74023 69466 157715 467586 448498 409975 17947 152597 144524 57750 86774 19088 10482 38523 8073 7245
internal_count=699324 541609 74023 69466 157715 467586 448498 409975 17947 152597 144524 57750 86774 19088 10482 38523 8073 7245
is_linear=0
shrinkage=0.02


Tree=98
num_leaves=27
num_cat=0
split_feature=1 5 1 4 4 3 5 5 1 5 4 4 4 5 1 1 1 4 1 1 3 5 5 5 5 5
split_gain=6.41231e-05 1.58688e-05 9.88345e-06 1.0308e-05 5.70786e-06 4.40142e-06 2.52921e-06 2.99789e-06 2.20133e-06 1.66047e-06 1.06693e-06 7.6809e-07 6.2759e-07 1.19941e-06 9.59217e-07 4.12478e-07 2.44437e-07 1.63441e-07 1.43787e-07 4.65294e-07 1.42172e-07 6.42975e-08 2.61066e-08 2.31828e-08 2.27657e-08 4.66658e-09
threshold=-0.004604408983141183 1.21692830324173 -0.0073362695984542361 -0.45045319199562067 -0.32000666856765742 -0.014789561741054056 -1.7540060281753538 0.68347594141960155 -0.003843197249807417 1.6734748482704165 -0.27829128503799433 2.7072849273681645 1.3905907869338991 -2.6566073894500728 -0.0054909517057240001 -0.004267071606591343 0.24620272219181064 -0.47126354277133936 -0.0069361336063593617 -0.013516974635422228 -1.5717864036560056 1.1322813630104067 1.9099624156951907 1.8197015523910525 -1.6780759692192075 -1.8184449076652525
decision_type=2 2 2 2 2 2 2 2 2 2 2 2 2 2 2 2 2 2 2 2 2 2 2 2 2 2
left_child=1 2 3 17 16 -5 -6 8 -8 18 -11 -12 14 -14 -4 -9 21 -1 19 -3 -20 25 24 -23 -18 -2
right_child=4 9 12 5 6 -7 7 15 -10 10 11 -13 13 -15 -16 -17 22 -19 20 -21 -22 23 -24 -25 -26 -27
leaf_value=-3.1120606314103783e-08 0 0 0 -1.2802298722500802e-07 0 -3.7893679625450995e-07 0 0 5.649159544933097e-07 0 2.0467713816617783e-07 0 0 3.0303098793062421e-07 -1.5183205949044003e-07 2.6485882915613426e-07 0 3.7529266311560612e-08 0 1.1806916834922186e-07 -7.9468966085128271e-08 5.2102043711780363e-08 0 0 1.6981790265387082e-07 -1.5590025006222126e-08
leaf_weight=42942 718 24966 70041 69277 11958 148768 5370 3483 57045 13105 47647 1756 445 7380 18947 85937 215 16889 974 13847 17017 12071 529 5422 5746 16829
leaf_count=42942 718 24966 70041 69277 11958 148768 5370 3483 57045 13105 47647 1756 445 7380 18947 85937 215 16889 974 13847 17017 12071 529 5422 5746 16829
internal_value=2.2954e-09 -1.18276e-07 -1.83818e-07 -2.44517e-07 3.02128e-07 -3.08389e-07 3.57868e-07 3.80551e-07 5.26845e-07 7.07883e-08 1.42093e-07 1.84891e-07 0 1.59044e-07 -2.44277e-08 2.56072e-07 3.41323e-08 0 0 1.33481e-08 -5.30328e-08 0 1.50067e-07 3.66486e-08 1.62081e-07 -1.12572e-08
internal_weight=699324 494001 374689 277876 205323 218045 163793 151835 62415 119312 62508 49403 96813 7825 88988 89420 41530 59831 56804 38813 17991 35040 6490 17493 5961 17547
internal_count=699324 494001 374689 277876 205323 218045 163793 151835 62415 119312 62508 49403 96813 7825 88988 89420 41530 59831 56804 38813 17991 35040 6490 17493 5961 17547
is_linear=0
shrinkage=0.02


Tree=99
num_leaves=21
num_cat=0
split_feature=1 5 1 2 2 1 1 1 1 3 2 2 5 1 5 3 3 5 3 1
split_gain=6.17742e-05 1.52489e-05 9.56513e-06 6.836e-06 1.23255e-05 6.98176e-06 5.97117e-06 8.03688e-06 1.95537e-06 1.80739e-06 1.75562e-06 1.80899e-06 1.70457e-06 1.52602e-06 1.04789e-06 7.91114e-07 6.55025e-07 5.97681e-07 1.76303e-07 1.31139e-07
threshold=-0.004604408983141183 1.21692830324173 -0.016319548711180683 0.26084078848361975 0.2229886129498482 -0.0059062461368739596 -0.022364044561982151 -0.045517876744270318 -0.0030996017158031459 -1.5825695395469663 0.31525824964046484 0.23817130178213122 1.4460223913192751 -0.013139832764863966 -2.5267831087112422 1.564464867115021 -0.024107821285724636 1.5261341333389284 -0.013446079567074774 -0.0053387673106044522
decision_type=2 2 2 2 2 2 2 2 2 2 2 2 2 2 2 2 2 2 2 2
left_child=1 2 6 4 -4 -5 7 -1 17 -10 11 13 -13 -3 -11 -16 -8 -2 -12 -20
right_child=8 10 3 5 -6 -7 16 -9 9 14 18 12 -14 -15 15 -17 -18 -19 19 -21
leaf_value=-3.5179170027861516e-07 0 -1.2429086437296181e-07 -1.8651949842811961e-07 -3.858208803723216e-07 1.83015453661669e-07 0 -9.093560517516436e-08 0 0 0 0 0 2.4291467643314561e-07 1.0487668797909373e-07 3.5734515958259082e-07 0 -6.9588170736520398e-07 1.9528368370532775e-07 -1.388622688488427e-07 0
leaf_weight=70268 21649 18635 72350 47401 72046 29215 9457 50073 8748 1770 2063 12767 44213 29323 158419 6399 23879 8338 9933 2378
leaf_count=70268 21649 18635 72350 47401 72046 29215 9457 50073 8748 1770 2063 12767 44213 29323 158419 6399 23879 8338 9933 2378
internal_value=2.30174e-09 -1.15987e-07 -1.80264e-07 -8.31733e-08 0 -2.35892e-07 -3.06881e-07 -2.13423e-07 2.96641e-07 3.27195e-07 6.91062e-08 1.07091e-07 1.83903e-07 0 3.42079e-07 3.47589e-07 -5.84262e-07 5.12968e-08 -6.90633e-08 -1.06289e-07
internal_weight=699324 494001 374689 221012 144396 76616 153677 120341 205323 175336 119312 104938 56980 47958 166588 164818 33336 29987 14374 12311
internal_count=699324 494001 374689 221012 144396 76616 153677 120341 205323 175336 119312 104938 56980 47958 166588 164818 33336 29987 14374 12311
is_linear=0
shrinkage=0.02


Tree=100
num_leaves=24
num_cat=0
split_feature=1 5 1 4 4 4 3 3 1 5 5 1 3 4 4 3 1 5 4 4 1 1 1
split_gain=5.98087e-05 1.40015e-05 8.69314e-06 5.87898e-06 7.57172e-06 5.79786e-06 3.78321e-06 8.22903e-06 5.70288e-06 1.72867e-06 1.57668e-06 1.13817e-06 1.06263e-06 9.74021e-07 9.63745e-07 7.26355e-07 5.26617e-07 4.4474e-07 2.8332e-07 1.18859e-07 1.11158e-07 4.95809e-07 1.37254e-07
threshold=-0.004604408983141183 1.3638594746589663 -0.016319548711180683 0.27219337224960333 -0.45045319199562067 -0.15640587359666822 -0.014214442577213047 -1.529495060443878 -0.0073362695984542361 -2.5857044458389278 1.9099624156951907 -0.0035901319934055205 -0.0061258319765329352 1.197090804576874 -0.45475889742374415 -1.5763772726058958 -0.62192073464393605 -1.6780759692192075 -0.44133009016513819 1.3905907869338991 -0.0069361336063593617 -0.4755482673645019 -0.0055666223634034387
decision_type=2 2 2 2 2 2 2 2 2 2 2 2 2 2 2 2 2 2 2 2 2 2 2
left_child=1 2 3 4 -1 11 7 -4 -8 -7 20 -2 -5 15 -13 -11 -12 -16 -18 -15 21 -3 -22
right_child=5 10 6 12 -6 9 8 -9 -10 13 16 14 -14 19 17 -17 18 -19 -20 -21 22 -23 -24
leaf_value=0 0 0 -1.3274327807077759e-07 -1.0753956364561762e-07 -4.2872268121993981e-07 0 -2.5792341274210829e-07 3.0372730434372649e-07 0 0 0 0 1.4989892330520185e-07 0 0 4.3705579161741418e-07 0 2.084936729916997e-07 2.0716181385233992e-07 8.5204579432134527e-08 -6.5875866226532626e-08 7.7747387586002383e-08 0
leaf_weight=27377 10190 2814 40367 20396 103843 1804 81007 28201 83576 4844 1132 19295 8419 2279 2246 102818 1574 47456 36906 14314 14163 39080 5230
leaf_count=27377 10190 2814 40367 20396 103843 1804 81007 28201 83576 4844 1132 19295 8419 2279 2246 102818 1574 47456 36906 14314 14163 39080 5230
internal_value=0 -1.17948e-07 -1.73567e-07 -2.92654e-07 -3.49821e-07 2.8822e-07 -8.32473e-08 1.76027e-08 -1.37415e-07 3.8127e-07 7.89688e-08 1.14834e-07 0 3.91206e-07 1.47421e-07 4.2394e-07 1.78341e-07 1.94746e-07 1.95488e-07 5.82877e-08 0 3.00785e-08 -1.83932e-08
internal_weight=699331 494085 393186 160035 131220 205246 233151 68568 164583 126059 100899 79187 28815 124255 68997 107662 39612 49702 38480 16593 61287 41894 19393
internal_count=699331 494085 393186 160035 131220 205246 233151 68568 164583 126059 100899 79187 28815 124255 68997 107662 39612 49702 38480 16593 61287 41894 19393
is_linear=0
shrinkage=0.02


Tree=101
num_leaves=22
num_cat=0
split_feature=5 5 2 0 0 2 2 0 3 2 2 2 3 2 0 3 5 2 2 2 0
split_gain=2.05901e-05 7.85584e-06 2.41688e-06 2.27019e-06 2.72486e-06 1.93813e-06 2.49567e-06 1.87939e-06 1.718e-06 1.38873e-06 1.11677e-06 1.10874e-06 1.21149e-06 9.02813e-07 5.33294e-07 5.22675e-07 4.77218e-07 4.14392e-07 1.82149e-07 6.03693e-07 1.00985e-08
threshold=-1.3992488980293272 1.9099624156951907 0.19769876450300219 -0.79249149560928334 -0.81532222032546986 0.22291945666074756 0.35104535520076757 -0.83550119400024403 -0.015489713754504917 0.26179260015487676 0.26848219335079199 0.19167646020650866 1.5666375756263735 0.20794577896595004 1.2046065330505373 -1.6159074902534483 -0.89490792155265797 0.1808944642543793 0.27847312390804296 0.23448041081428531 -0.8027336299419402
decision_type=2 2 2 2 2 2 2 2 2 2 2 2 2 2 2 2 2 2 2 2 2
left_child=3 2 14 4 7 13 -7 -1 -9 16 -11 -5 15 -3 17 -13 -4 -2 19 -6 -20
right_child=1 5 9 11 18 6 -8 8 -10 10 -12 12 -14 -15 -16 -17 -18 -19 20 -21 -22
leaf_value=0 0 1.6627834868582632e-07 0 0 0 3.4658680261221628e-07 0 0 -2.8074405718540292e-07 -1.1051649494195206e-07 1.5899133734380512e-08 0 0 -8.7622831856696652e-08 0 -3.8610684121498939e-07 7.6989552242231232e-08 -2.8003776914578588e-07 -3.1522658798241408e-08 1.6004836778567633e-07 0
leaf_weight=4606 2277 10916 35896 1759 5713 53602 4636 9116 42950 32962 174500 1150 6804 7725 4836 51539 217402 13013 4065 12338 1526
leaf_count=4606 2277 10916 35896 1759 5713 53602 4636 9116 42950 32962 174500 1150 6804 7725 4836 51539 217402 13013 4065 12338 1526
internal_value=0 5.58514e-08 2.12391e-08 -2.14214e-07 -1.0336e-07 2.4634e-07 3.05645e-07 -1.85317e-07 -2.27638e-07 3.43054e-08 0 -3.26915e-07 -3.42765e-07 0 -1.78523e-07 -3.76639e-07 6.58315e-08 -2.36436e-07 8.50299e-09 6.42728e-08 0
internal_weight=699331 557765 480886 141566 80314 76879 58238 56672 52066 460760 207462 61252 59493 18641 20126 52689 253298 15290 23642 18051 5591
internal_count=699331 557765 480886 141566 80314 76879 58238 56672 52066 460760 207462 61252 59493 18641 20126 52689 253298 15290 23642 18051 5591
is_linear=0
shrinkage=0.02


Tree=102
num_leaves=28
num_cat=0
split_feature=1 5 1 2 2 1 0 1 1 1 1 1 2 1 2 2 2 5 0 2 2 2 5 1 2 0 0
split_gain=5.73192e-05 1.31267e-05 8.29444e-06 8.25905e-06 1.16643e-05 6.0242e-06 5.98018e-06 4.85524e-06 3.44578e-06 2.59262e-06 3.39674e-06 3.3847e-06 5.99209e-06 2.60714e-06 1.78298e-06 1.52745e-06 1.89285e-06 1.30769e-06 1.0898e-06 7.17901e-07 1.96432e-07 2.82307e-07 1.54624e-07 1.4084e-07 7.55073e-08 6.75135e-08 5.23931e-08
threshold=-0.004604408983141183 1.3638594746589663 -0.016319548711180683 0.26084078848361975 0.22451655566692355 -0.0059062461368739596 -0.82767733931541432 -0.045517876744270318 -0.022364044561982151 -0.0023681028978899117 0.0011714734719134869 0.28815434873104101 0.2573110312223435 -0.0012107486836612222 0.31525824964046484 0.31525824964046484 0.22291945666074756 1.9099624156951907 1.2191759943962099 0.2490995451807976 0.26515540480613714 0.30784957110881811 1.5261341333389284 -0.0054909517057240001 0.20794577896595004 1.2221465110778811 1.2131718397140505
decision_type=2 2 2 2 2 2 2 2 2 2 2 2 2 2 2 2 2 2 2 2 2 2 2 2 2 2 2
left_child=1 2 6 4 -4 -5 7 -1 -8 19 13 12 -12 -11 -13 16 24 -18 -15 25 22 -22 -21 26 -3 -2 -17
right_child=9 15 3 5 -6 -7 8 -9 -10 10 11 14 -14 18 -16 23 17 -19 -20 20 21 -23 -24 -25 -26 -27 -28
leaf_value=-3.1156780065700914e-07 2.174559238103835e-07 0 -1.5806566511557273e-07 -3.8130006021617092e-07 1.9254243447820438e-07 0 -2.4253723085586227e-07 2.5609632646016964e-07 -5.7040216262669742e-07 0 0 5.1346268103182089e-07 3.0081245740981802e-07 6.8371481670472535e-07 0 -1.1383495827020172e-07 2.7438133259080727e-08 2.9843328211796517e-07 0 -1.3418019441247917e-07 1.1721100649325534e-07 0 0 0 -4.9831311166841742e-08 0 0
leaf_weight=10892 8401 12845 81091 49804 71203 31053 102375 13490 33278 8322 48205 28885 52486 26139 4277 8193 37382 26891 1509 6613 9774 7904 2251 2356 12163 480 1069
leaf_count=10892 8401 12845 81091 49804 71203 31053 102375 13490 33278 8322 48205 28885 52486 26139 4277 8193 37382 26891 1509 6613 9774 7904 2251 2356 12163 480 1069
internal_value=0 -1.15569e-07 -1.69445e-07 -8.0947e-08 0 -2.44441e-07 -2.85878e-07 0 -3.37712e-07 2.82057e-07 3.19011e-07 2.42953e-07 1.52852e-07 5.46435e-07 4.56218e-07 7.45527e-08 1.13143e-07 1.71937e-07 6.52829e-07 4.8434e-08 0 3.47587e-08 -8.0341e-08 -4.98542e-08 0 2.04183e-07 -9.59171e-08
internal_weight=699331 494085 393186 233151 152294 80857 160035 24382 135653 205246 169823 133853 100691 35970 33162 100899 89281 64273 27648 35423 26542 17678 8864 11618 25008 8881 9262
internal_count=699331 494085 393186 233151 152294 80857 160035 24382 135653 205246 169823 133853 100691 35970 33162 100899 89281 64273 27648 35423 26542 17678 8864 11618 25008 8881 9262
is_linear=0
shrinkage=0.02


Tree=103
num_leaves=22
num_cat=0
split_feature=1 5 1 4 4 4 2 4 5 2 2 2 5 1 2 4 5 2 2 4 2
split_gain=5.52832e-05 1.2655e-05 8.0221e-06 8.50222e-06 5.54512e-06 4.61023e-06 1.94753e-06 1.88258e-06 1.64412e-06 1.50076e-06 1.48358e-06 1.83325e-06 1.22215e-06 1.04471e-06 1.03944e-06 9.07353e-07 4.94849e-07 4.64382e-07 4.59544e-07 1.86839e-07 7.25172e-08
threshold=-0.004604408983141183 1.3638594746589663 -0.0099295680411159975 -0.45045319199562067 -0.15640587359666822 1.3905907869338991 0.26084078848361975 1.3905907869338991 -2.5857044458389278 0.22911778092384341 0.31525824964046484 0.22291945666074756 1.9099624156951907 -0.0035901319934055205 0.38559050858020788 -0.45475889742374415 1.8622004985809328 0.27092194557189947 0.18808144330978396 -0.16575618833303449 0.20794577896595004
decision_type=2 2 2 2 2 2 2 2 2 2 2 2 2 2 2 2 2 2 2 2 2
left_child=1 2 3 17 13 -5 9 -8 -6 -4 11 20 -13 -2 18 -15 -17 -1 -10 -12 -3
right_child=4 10 6 5 8 -7 7 -9 14 -11 19 12 -14 15 -16 16 -18 -19 -20 -21 -22
leaf_value=1.6157701405844358e-08 0 0 0 -3.1792265706045939e-07 0 0 -1.7264743844500803e-07 2.2614959573150486e-08 0 2.0540746529715679e-07 0 2.6889371863096278e-08 2.9246463890874523e-07 0 0 2.2461239463425636e-07 0 -1.2060061660675291e-07 3.9110006125309769e-07 -1.1756428314665779e-07 -4.8834694865521832e-08
leaf_weight=43412 10190 12845 61653 190395 1804 11539 52925 6220 2329 15050 4254 37382 26891 19295 2105 37447 12255 11992 119821 7364 12163
leaf_count=43412 10190 12845 61653 190395 1804 11539 52925 6220 2329 15050 4254 37382 26891 19295 2105 37447 12255 11992 119821 7364 12163
internal_value=0 -1.1337e-07 -1.66299e-07 -2.33238e-07 2.77128e-07 -2.93542e-07 -2.47737e-08 -1.18297e-07 3.6799e-07 2.12671e-08 7.30637e-08 1.11251e-07 1.6912e-07 1.07227e-07 3.77724e-07 1.38753e-07 1.84468e-07 0 3.85406e-07 -4.82486e-08 0
internal_weight=699331 494085 393186 257338 205246 201934 135848 59145 126059 76703 100899 89281 64273 79187 124255 68997 49702 55404 122150 11618 25008
internal_count=699331 494085 393186 257338 205246 201934 135848 59145 126059 76703 100899 89281 64273 79187 124255 68997 49702 55404 122150 11618 25008
is_linear=0
shrinkage=0.02


Tree=104
num_leaves=23
num_cat=0
split_feature=1 5 1 4 4 4 3 3 3 5 4 5 3 1 4 5 1 5 4 1 1 1
split_gain=5.30959e-05 1.21662e-05 7.63444e-06 6.20922e-06 6.65978e-06 5.26566e-06 3.57683e-06 7.9188e-06 5.14692e-06 1.61998e-06 1.61949e-06 1.18688e-06 1.0857e-06 1.01833e-06 8.69299e-07 7.80627e-07 4.83464e-07 4.63764e-07 2.93677e-07 7.39823e-08 4.20473e-07 9.85963e-08
threshold=-0.004604408983141183 1.3917530179023745 -0.015514776576310394 0.23688752204179767 -0.46092909574508661 -0.15640587359666822 -0.014214442577213047 -1.529495060443878 1.5472643971443178 -2.0588593482971187 1.197090804576874 1.9099624156951907 -0.0061258319765329352 -0.0035901319934055205 -0.45475889742374415 0.66410374641418468 -0.62192073464393605 1.8055209517478945 0.59941527247428905 -0.006835649022832512 -0.4755482673645019 -0.0055666223634034387
decision_type=2 2 2 2 2 2 2 2 2 2 2 2 2 2 2 2 2 2 2 2 2 2
left_child=1 2 3 4 -1 13 7 -4 -8 -7 -11 19 -5 -2 -15 -12 -13 -16 -18 20 -3 -21
right_child=5 11 6 12 -6 9 8 -9 -10 10 15 16 -14 14 17 -17 18 -19 -20 21 -22 -23
leaf_value=0 0 0 -1.1547653800517382e-07 -8.9403200056448308e-08 -3.966948020056137e-07 0 -1.7891062227879487e-07 3.2208969859746005e-07 9.5977967504198824e-08 4.1220593723714941e-07 2.234207113339598e-07 0 1.6854833871786404e-07 0 2.2761694395889738e-07 0 2.0696232344844675e-07 0 0 -5.5713981936392729e-08 7.2877568532605285e-08 0
leaf_weight=26444 10190 2629 39454 22167 110105 6106 140105 25938 23597 104035 6385 1132 9050 19295 35038 9533 31443 14664 7037 12868 37144 4972
leaf_count=26444 10190 2629 39454 22167 110105 6106 140105 25938 23597 104035 6385 1132 9050 19295 35038 9533 31443 14664 7037 12868 37144 4972
internal_value=0 -1.1095e-07 -1.61784e-07 -2.69438e-07 -3.27693e-07 2.71742e-07 -7.42189e-08 2.75014e-08 -1.27069e-07 3.60555e-07 3.76855e-07 7.59752e-08 0 1.05103e-07 1.36315e-07 2.01656e-08 1.61718e-07 1.81084e-07 1.78739e-07 0 2.70436e-08 -5.31872e-09
internal_weight=699331 494085 396860 167766 136549 205246 229094 65392 163702 126059 119953 97225 31217 79187 68997 15918 39612 49702 38480 57613 39773 17840
internal_count=699331 494085 396860 167766 136549 205246 229094 65392 163702 126059 119953 97225 31217 79187 68997 15918 39612 49702 38480 57613 39773 17840
is_linear=0
shrinkage=0.02


Tree=105
num_leaves=18
num_cat=0
split_feature=1 1 2 4 1 4 1 0 2 2 2 1 4 4 1 2 4
split_gain=5.26845e-05 9.36716e-06 5.22452e-06 5.48071e-06 5.27635e-06 5.14621e-06 4.51649e-06 7.2661e-06 4.77086e-06 2.74775e-06 1.49683e-06 9.77966e-07 9.02911e-07 4.7347e-07 7.15787e-07 3.00072e-07 3.58496e-08
threshold=-0.004604408983141183 -0.4755482673645019 0.28437720239162451 1.3905907869338991 -0.050871439278125756 -0.15640587359666822 -0.013032136019319294 -0.82164779305458058 0.26817244291305548 0.38251720368862158 0.38251720368862158 0.28815434873104101 2.9999792575836186 -0.45045319199562067 -0.0037759890547022219 0.18808144330978396 -0.62016034126281727
decision_type=2 2 2 2 2 2 2 2 2 2 2 2 2 2 2 2 2
left_child=1 12 6 4 -4 11 8 -8 -3 -5 15 13 16 -2 -15 -7 -1
right_child=5 2 3 9 -6 10 7 -9 -10 -11 -12 -13 -14 14 -16 -17 -18
leaf_value=0 0 -1.6505778779620188e-07 0 3.4115428033211455e-07 -3.4012861103627705e-07 0 -1.4958986399532958e-07 1.2300110042267568e-07 4.9760791372000328e-08 -1.4501710585652942e-07 0 3.1988880509887627e-07 0 0 1.1785503827403305e-07 3.7403075974511521e-07 -5.3137175844800838e-07
leaf_weight=384 19376 152742 15009 9592 78297 2307 55432 116327 39391 2471 2569 11419 836 6377 42225 121319 23872
leaf_count=384 19376 152742 15009 9592 78297 2307 55432 116327 39391 2471 2569 11419 836 6377 42225 121319 23872
internal_value=0 -1.10081e-07 -8.47745e-08 -2.13977e-07 -2.72871e-07 2.7086e-07 -4.18664e-08 2.33832e-08 -1.10606e-07 7.57711e-08 3.58884e-07 1.05763e-07 -5.03649e-07 4.03718e-08 7.85898e-08 3.69212e-07 -5.26588e-07
internal_weight=699945 494353 469261 105369 93306 205592 363892 171759 192133 12063 126195 79397 25092 67978 48602 123626 24256
internal_count=699945 494353 469261 105369 93306 205592 363892 171759 192133 12063 126195 79397 25092 67978 48602 123626 24256
is_linear=0
shrinkage=0.02


Tree=106
num_leaves=22
num_cat=0
split_feature=5 4 2 5 2 2 2 5 2 4 4 2 4 2 2 4 2 3 2 2 2
split_gain=1.99464e-05 7.06952e-06 4.32808e-06 4.15213e-06 4.29036e-06 3.89577e-06 3.52094e-06 2.57665e-06 2.45576e-06 2.2649e-06 2.06328e-06 1.72914e-06 1.65062e-06 9.00884e-07 4.95707e-07 3.20988e-07 2.96896e-07 2.85033e-07 1.32837e-07 2.49135e-07 2.36604e-09
threshold=-1.3992488980293272 -0.1019337736070156 0.19769876450300219 1.3498364686965945 0.26084078848361975 0.31554193794727331 0.31525824964046484 1.7308012843132021 0.26432409882545477 -0.46092909574508661 -0.59741503000259388 0.3085837215185166 2.9999792575836186 0.19167646020650866 0.22717908769845965 -0.34680460393428797 0.38251720368862158 -1.6159074902534483 0.27134127914905554 0.19715227186679843 0.26989908516407018
decision_type=2 2 2 2 2 2 2 2 2 2 2 2 2 2 2 2 2 2 2 2 2
left_child=9 3 7 4 14 -6 11 -3 15 18 -10 -4 13 -11 -2 -5 -8 -15 19 -1 -21
right_child=1 2 6 8 5 -7 16 -9 10 12 -12 -13 -14 17 -16 -17 -18 -19 -20 20 -22
leaf_value=0 -2.8910349819367711e-08 -3.4679732385753958e-07 1.5659075711320031e-07 -5.2435949551286643e-08 -2.5364425747189187e-07 0 3.6837531129304931e-09 0 0 0 2.8528949347855979e-07 4.8977543521232278e-07 0 0 4.767964543488221e-08 4.5904789984239078e-08 -1.418741206269352e-07 -2.6123693715526626e-07 0 1.378936016150381e-07 0
leaf_weight=238 56198 11042 195089 18780 63043 16974 34089 2724 4528 3767 33109 13739 3700 1062 66559 36426 5877 121528 3035 8085 353
leaf_count=238 56198 11042 195089 18780 63043 16974 34089 2724 4528 3767 33109 13739 3700 1062 66559 36426 5877 121528 3035 8085 353
internal_value=0 5.55992e-08 1.31577e-07 -5.11661e-09 -6.20791e-08 -1.76673e-07 1.55028e-07 -1.46972e-07 9.77508e-08 -2.10019e-07 2.22868e-07 1.88089e-07 -2.34617e-07 -2.48762e-07 0 0 0 -2.58309e-07 0 7.82577e-08 1.34562e-07
internal_weight=699945 558177 262560 295617 202774 80017 248794 13766 92843 141768 37637 208828 130057 126357 122757 55206 39966 122590 11711 8676 8438
internal_count=699945 558177 262560 295617 202774 80017 248794 13766 92843 141768 37637 208828 130057 126357 122757 55206 39966 122590 11711 8676 8438
is_linear=0
shrinkage=0.02


Tree=107
num_leaves=22
num_cat=0
split_feature=1 1 2 4 1 4 1 0 2 2 4 1 4 1 1 4 1 4 4 1 1
split_gain=5.02799e-05 8.97259e-06 5.00517e-06 5.22933e-06 5.07804e-06 4.81531e-06 4.28243e-06 6.96768e-06 4.62568e-06 2.63517e-06 9.49374e-07 9.3573e-07 8.69159e-07 7.6362e-07 2.27224e-06 4.49857e-07 6.89693e-07 1.58507e-07 3.11293e-08 2.6742e-08 2.31114e-08
threshold=-0.004604408983141183 -0.4755482673645019 0.28437720239162451 1.3905907869338991 -0.050871439278125756 -0.15640587359666822 -0.013032136019319294 -0.82164779305458058 0.26817244291305548 0.38251720368862158 1.197090804576874 0.28815434873104101 2.9999792575836186 -0.0027240018825978036 0.010153800249099733 -0.45045319199562067 -0.0037759890547022219 1.3905907869338991 -0.62016034126281727 -0.0044848306570202104 -0.0032879544887691732
decision_type=2 2 2 2 2 2 2 2 2 2 2 2 2 2 2 2 2 2 2 2 2
left_child=1 12 6 4 -4 11 8 -8 -3 -5 13 15 18 20 -15 -2 -17 -12 -1 -19 -7
right_child=5 2 3 9 -6 10 7 -9 -10 -11 17 -13 -14 14 -16 16 -18 19 -20 -21 -22
leaf_value=0 0 -1.6120344798457106e-07 0 3.3349515364950275e-07 -3.3273846172603596e-07 5.6869735151455153e-08 -1.4617782319451312e-07 1.2061947460280648e-07 5.0210234536732399e-08 -1.3915639386240893e-07 0 3.1362224934460988e-07 0 5.7761191432885027e-07 2.4748032519731988e-07 0 1.1499927099773322e-07 0 -5.200705528500628e-07 8.1585080080027843e-08 0
leaf_weight=384 19376 152742 15009 9592 78297 12512 55432 116327 39391 2471 2321 11419 836 41367 52565 6377 42225 277 23872 14360 2793
leaf_count=384 19376 152742 15009 9592 78297 12512 55432 116327 39391 2471 2321 11419 836 41367 52565 6377 42225 277 23872 14360 2793
internal_value=0 -1.07445e-07 -8.25709e-08 -2.09084e-07 -2.66714e-07 2.64699e-07 -4.04415e-08 2.28714e-08 -1.0745e-07 7.08814e-08 3.50234e-07 1.03558e-07 -4.92921e-07 3.8077e-07 4.1416e-07 3.88498e-08 7.62456e-08 3.55925e-08 -5.1544e-07 7.61535e-08 4.51658e-08
internal_weight=699945 494353 469261 105369 93306 205592 363892 171759 192133 12063 126195 79397 25092 109237 93932 67978 48602 16958 24256 14637 15305
internal_count=699945 494353 469261 105369 93306 205592 363892 171759 192133 12063 126195 79397 25092 109237 93932 67978 48602 16958 24256 14637 15305
is_linear=0
shrinkage=0.02


Tree=108
num_leaves=18
num_cat=0
split_feature=1 1 2 4 1 4 1 0 2 2 1 4 4 4 4 4 0
split_gain=4.8484e-05 8.5973e-06 4.7846e-06 5.0021e-06 4.90742e-06 4.62148e-06 4.09526e-06 6.69622e-06 4.46354e-06 2.54438e-06 8.9569e-07 8.72488e-07 8.41413e-07 8.12532e-07 1.53768e-07 2.54823e-08 2.10519e-08
threshold=-0.004604408983141183 -0.4755482673645019 0.28437720239162451 1.3905907869338991 -0.050871439278125756 -0.15640587359666822 -0.013032136019319294 -0.82164779305458058 0.26817244291305548 0.38251720368862158 -0.0037759890547022219 1.197090804576874 2.9999792575836186 -0.45681309700012201 1.3905907869338991 -0.62016034126281727 -0.84292224049568165
decision_type=2 2 2 2 2 2 2 2 2 2 2 2 2 2 2 2 2
left_child=1 12 6 4 -4 10 8 -8 -3 -5 -2 -7 15 -12 -13 -1 -15
right_child=5 2 3 9 -6 11 7 -9 -10 -11 13 14 -14 16 -16 -17 -18
leaf_value=0 0 -1.5797938030486123e-07 0 3.2682532379058307e-07 -3.2608370418211532e-07 3.7388338589124045e-07 -1.4325427220665561e-07 1.1820708734742734e-07 4.9206032240646601e-08 -1.3637336633139394e-07 0 0 0 0 7.4552725247410953e-08 -5.0966918492699179e-07 1.7220879886932197e-07
leaf_weight=384 9019 152742 15009 9592 78297 109237 55432 116327 39391 2471 19040 2321 836 468 14637 23872 50870
leaf_count=384 9019 152742 15009 9592 78297 109237 55432 116327 39391 2471 19040 2321 836 468 14637 23872 50870
internal_value=0 -1.05328e-07 -8.08698e-08 -2.04681e-07 -2.61129e-07 2.60105e-07 -3.95228e-08 2.21811e-08 -1.05093e-07 6.61479e-08 1.01433e-07 3.44087e-07 -4.83025e-07 1.2922e-07 3.42108e-08 -5.05203e-07 1.70943e-07
internal_weight=699945 494353 469261 105369 93306 205592 363892 171759 192133 12063 79397 126195 25092 70378 16958 24256 51338
internal_count=699945 494353 469261 105369 93306 205592 363892 171759 192133 12063 79397 126195 25092 70378 16958 24256 51338
is_linear=0
shrinkage=0.02


Tree=109
num_leaves=25
num_cat=0
split_feature=1 1 1 2 1 2 4 2 4 1 1 3 2 4 3 1 2 2 2 2 4 4 2 3
split_gain=4.67197e-05 8.84475e-06 4.88402e-06 6.95345e-06 1.95088e-05 8.69617e-06 4.01454e-06 3.17227e-06 1.41292e-06 1.54988e-06 2.73263e-06 1.31634e-06 9.86613e-07 8.14633e-07 5.63684e-07 1.64068e-07 9.14946e-08 2.64226e-08 2.13437e-08 1.47708e-07 2.01466e-08 1.64247e-08 1.01835e-08 3.57447e-09
threshold=-0.0030996017158031459 -0.4755482673645019 -0.0066061720717698327 0.28929464519023901 -0.027171454392373558 0.2229886129498482 -0.32000666856765742 0.2490995451807976 1.197090804576874 0.010153800249099733 0.28815434873104101 -1.5763772726058958 0.19841020554304126 2.9999792575836186 -0.012303462717682121 0.24620272219181064 0.32685124874114996 0.27682664990425115 0.38251720368862158 0.3367739617824555 -0.62016034126281727 -0.33105926215648646 0.19615124166011813 -1.6128950715065
decision_type=2 2 2 2 2 2 2 2 2 2 2 2 2 2 2 2 2 2 2 2 2 2 2 2
left_child=1 13 3 5 -5 -3 15 12 9 11 -11 -8 -4 20 -9 17 21 22 19 -10 -1 -17 -2 -22
right_child=6 2 7 4 -6 -7 8 14 18 10 -12 -13 -14 -15 -16 16 -18 -19 -20 -21 23 -23 -24 -25
leaf_value=0 0 -2.356451388035087e-07 0 0 -7.7873728734690393e-07 0 0 0 0 7.8859239363673025e-08 4.3216884456474172e-07 5.0305308408836784e-07 2.0459792613121354e-07 0 -8.0074322340164775e-08 1.4512145933369029e-07 0 2.9001735089622649e-08 0 1.930144481099458e-07 0 0 -1.991914331610824e-08 -5.0236364797267027e-07
leaf_weight=384 370 88083 6003 25182 22198 228935 2165 42498 11714 45470 23840 54790 39407 836 47185 5881 464 8490 1190 1815 268 267 18906 23604
leaf_count=384 370 88083 6003 25182 22198 228935 2165 42498 11714 45470 23840 54790 39407 836 47185 5881 464 8490 1190 1815 268 267 18906 23604
internal_value=0 -9.24398e-08 -6.93016e-08 -1.08495e-07 -3.45572e-07 -6.67541e-08 2.84614e-07 2.16141e-08 3.34725e-07 3.59969e-07 2.29241e-07 4.8394e-07 1.6624e-07 -4.73327e-07 -2.93153e-08 2.09319e-08 1.10469e-07 0 0 2.51206e-08 -4.95171e-07 1.3812e-07 -1.33356e-08 -4.99476e-07
internal_weight=699945 524583 499491 364398 47380 317018 175362 135093 140984 126265 69310 56955 45410 25092 89683 34378 6612 27766 14719 13529 24256 6148 19276 23872
internal_count=699945 524583 499491 364398 47380 317018 175362 135093 140984 126265 69310 56955 45410 25092 89683 34378 6612 27766 14719 13529 24256 6148 19276 23872
is_linear=0
shrinkage=0.02


Tree=110
num_leaves=20
num_cat=0
split_feature=1 5 1 5 0 0 5 5 1 5 5 1 1 0 0 5 1 5 0
split_gain=4.46107e-05 1.289e-05 7.72129e-06 4.72846e-06 3.53405e-06 1.8631e-06 1.33227e-06 1.5447e-06 1.15969e-06 9.38545e-07 1.35258e-06 1.01708e-06 6.70514e-07 1.99288e-07 1.24006e-07 1.19646e-07 9.89976e-08 2.36394e-08 1.896e-08
threshold=-0.0034519844921305771 1.5261341333389284 -0.0073362695984542361 0.97702342271804821 -0.83550119400024403 1.2162267565727236 -2.4220364093780513 0.68347594141960155 -0.087453011423349367 0.70304545760154735 -1.8184449076652525 -0.0069361336063593617 -0.0023681028978899117 -0.76158341765403736 1.2925076484680178 1.702020049095154 -0.38251531124114985 -1.0147823095321653 1.2230691313743594
decision_type=2 2 2 2 2 2 2 2 2 2 2 2 2 2 2 2 2 2 2
left_child=1 2 3 4 -1 6 -2 12 -3 10 -4 -11 -8 -9 15 -10 -5 -7 -19
right_child=5 8 9 16 -6 17 7 13 14 11 -12 -13 -14 -15 -16 -17 -18 18 -20
leaf_value=0 0 0 -8.7353746211503565e-08 -9.826921027941445e-08 -2.40719956006731e-07 0 0 1.1695537090662922e-07 0 0 8.3973794047415173e-08 -1.37390498235205e-07 4.3968739842935584e-07 3.257030149350656e-07 0 1.7955098178270286e-07 7.9836560821961666e-09 0 3.7256466944511751e-08
leaf_weight=13698 2187 8128 15076 3826 244539 3882 3739 62221 20001 3092 73399 36589 63463 28649 544 58389 41592 4692 12276
leaf_count=13698 2187 8128 15076 3826 244539 3882 3739 62221 20001 3092 73399 36589 63463 28649 544 58389 41592 4692 12276
internal_value=4.25378e-09 -8.7158e-08 -1.34198e-07 -1.89159e-07 -2.22257e-07 2.77189e-07 3.02457e-07 3.10028e-07 1.23181e-07 0 3.21746e-08 -8.45738e-08 4.22585e-07 2.04778e-07 1.50375e-07 1.52979e-07 0 0 2.36065e-08
internal_weight=699982 518873 431811 303655 258237 181109 160259 158072 87062 128156 88475 39681 67202 90870 78934 78390 45418 20850 16968
internal_count=699982 518873 431811 303655 258237 181109 160259 158072 87062 128156 88475 39681 67202 90870 78934 78390 45418 20850 16968
is_linear=0
shrinkage=0.02


Tree=111
num_leaves=22
num_cat=0
split_feature=1 1 1 2 1 2 4 2 2 1 1 1 0 2 4 1 1 0 2 1 1
split_gain=4.29547e-05 9.34008e-06 4.33073e-06 6.22348e-06 1.78457e-05 8.76571e-06 4.2263e-06 2.74846e-06 1.00253e-06 9.77573e-07 3.48287e-06 1.78648e-06 1.87251e-06 1.06495e-06 9.06053e-07 4.30936e-07 3.60264e-07 1.16521e-07 2.73658e-08 6.70336e-08 5.03038e-09
threshold=-0.0034519844921305771 -0.4755482673645019 -0.0066061720717698327 0.28929464519023901 -0.019502669572830197 0.2229886129498482 -0.36604945361614222 0.2490995451807976 0.19841020554304126 0.010153800249099733 0.28815434873104101 -0.0012107486836612222 1.2162267565727236 0.35543212294578558 2.9999792575836186 0.15138724446296695 -0.0062420733738690606 1.2139123082160952 0.27682664990425115 0.24620272219181064 -0.0027240018825978036
decision_type=2 2 2 2 2 2 2 2 2 2 2 2 2 2 2 2 2 2 2 2 2
left_child=1 14 3 5 -5 -3 18 8 -4 11 15 17 -13 -12 -1 -11 -9 -8 19 20 -2
right_child=6 2 7 4 -6 -7 9 16 -10 10 13 12 -14 -15 -16 -17 -18 -19 -20 -21 -22
leaf_value=-4.9713710068733482e-07 0 -2.2804984157540744e-07 0 0 -7.9583272412874433e-07 0 8.3495356508032616e-08 1.1172761140064922e-08 2.049260987824608e-07 9.3953115437822279e-08 4.3434901226651911e-07 5.2127306260171685e-07 0 0 0 0 -4.693800853705178e-08 0 3.5618591427396846e-08 0 -4.3196790612909334e-08
leaf_weight=24315 1323 88157 5833 28270 19032 229161 12696 6950 37144 45130 27135 49308 4374 1241 862 8736 79149 3241 8628 3849 15448
leaf_count=24315 1323 88157 5833 28270 19032 229161 12696 6950 37144 45130 27135 49308 4374 1241 862 8736 79149 3241 8628 3849 15448
internal_value=4.35768e-09 -8.52845e-08 -6.14308e-08 -9.80414e-08 -3.22368e-07 -5.82986e-08 2.72223e-07 2.64939e-08 1.64208e-07 3.15452e-07 2.07063e-07 4.14765e-07 4.8542e-07 4.06689e-07 -4.73591e-07 6.4773e-08 -1.90182e-08 5.1276e-08 0 0 -3.99848e-08
internal_weight=699982 518873 493696 364620 47302 317318 181109 129076 42977 151861 82242 69619 53682 28376 25177 53866 86099 15937 29248 20620 16771
internal_count=699982 518873 493696 364620 47302 317318 181109 129076 42977 151861 82242 69619 53682 28376 25177 53866 86099 15937 29248 20620 16771
is_linear=0
shrinkage=0.02


Tree=112
num_leaves=25
num_cat=0
split_feature=4 2 2 2 2 4 2 3 2 2 0 4 2 2 4 4 0 2 2 4 3 2 0 4
split_gain=2.59667e-06 4.70839e-06 4.13136e-06 2.93076e-06 3.29165e-06 2.51614e-06 2.27902e-06 1.83067e-06 1.64953e-06 1.63317e-06 1.50194e-06 1.37042e-06 1.25558e-06 1.24345e-06 1.12316e-06 1.07311e-06 1.03332e-06 9.69989e-07 6.33501e-07 6.06677e-07 5.74719e-07 5.63484e-07 5.33422e-07 1.80718e-07
threshold=-0.1019337736070156 0.38251720368862158 0.23817130178213122 0.24565702676773074 0.34207031130790716 1.3905907869338991 0.35543212294578558 0.019835521467030052 0.19769876450300219 0.38847307860851293 -0.800277680158615 0.050793815404176719 0.27134127914905554 0.22986409813165667 -0.32528607547283167 -0.21025709807872769 1.1758224964141848 0.21337385475635531 0.1808944642543793 -0.47126354277133936 -0.011718319728970526 0.20794577896595004 1.235261917114258 -0.645799160003662
decision_type=2 2 2 2 2 2 2 2 2 2 2 2 2 2 2 2 2 2 2 2 2 2 2 2
left_child=3 2 8 13 7 6 -4 22 18 11 -6 -3 -7 14 20 19 -9 -16 -2 -15 -1 -10 -5 -12
right_child=1 9 5 4 10 12 -8 16 21 -11 23 -13 -14 15 17 -17 -18 -19 -20 -21 -22 -23 -24 -25
leaf_value=-1.4362492520503585e-07 0 0 1.0135857588382108e-07 -1.5903421329440528e-07 0 0 -1.4348908507724214e-07 1.302161408726146e-07 8.7482457668022241e-08 0 0 -7.6092914788400557e-07 4.2414730982665135e-07 0 1.1806333375455551e-07 0 -7.1578756651188577e-08 0 -2.3591060789102348e-07 1.957520634070819e-07 0 -9.3205011400344375e-09 0 2.8154073177784176e-07
leaf_weight=28301 1643 389 172430 132101 2230 8580 10312 14999 28548 3452 452 4305 18797 8681 34676 14026 31033 19417 16872 32972 20320 79542 3310 12594
leaf_count=28301 1643 389 172430 132101 2230 8580 10312 14999 28548 3452 452 4305 18797 8681 34676 14026 31033 19417 16872 32972 20320 79542 3310 12594
internal_value=4.38439e-09 4.58902e-08 6.25717e-08 -3.02922e-08 -8.44813e-08 1.18391e-07 7.65975e-08 -1.14901e-07 -1.42708e-08 -3.98138e-07 1.45907e-07 -6.43624e-07 3.24307e-07 2.4382e-08 0 1.03073e-07 0 4.19852e-08 -1.92429e-07 1.56546e-07 -8.53168e-08 0 -1.5198e-07 2.66417e-07
internal_weight=699982 344870 336724 355112 196719 210119 182742 181443 126605 8146 15276 4694 27377 158393 102714 55679 46032 54093 18515 41653 48621 108090 135411 13046
internal_count=699982 344870 336724 355112 196719 210119 182742 181443 126605 8146 15276 4694 27377 158393 102714 55679 46032 54093 18515 41653 48621 108090 135411 13046
is_linear=0
shrinkage=0.02


Tree=113
num_leaves=20
num_cat=0
split_feature=1 5 1 5 0 0 5 5 1 5 5 1 3 0 0 5 1 5 0
split_gain=4.14043e-05 1.22537e-05 7.23994e-06 4.51842e-06 3.37374e-06 1.72655e-06 1.28628e-06 1.45957e-06 1.11042e-06 8.89197e-07 1.31284e-06 9.98772e-07 6.53111e-07 1.84918e-07 1.21719e-07 8.39176e-08 8.25264e-08 1.8104e-08 1.69057e-08
threshold=-0.0034519844921305771 1.5261341333389284 -0.0073362695984542361 0.97702342271804821 -0.83550119400024403 1.2162267565727236 -2.4220364093780513 0.68347594141960155 -0.087453011423349367 0.70304545760154735 -1.8184449076652525 -0.0069361336063593617 -0.014413633383810518 -0.76158341765403736 1.2925076484680178 1.702020049095154 -0.38251531124114985 -1.0147823095321653 1.2230691313743594
decision_type=2 2 2 2 2 2 2 2 2 2 2 2 2 2 2 2 2 2 2
left_child=1 2 3 4 -1 6 -2 12 -3 10 -4 -11 -8 -9 15 -10 -5 -7 -19
right_child=5 8 9 16 -6 17 7 13 14 11 -12 -13 -14 -15 -16 -17 -18 18 -20
leaf_value=0 0 0 -8.5323449756883605e-08 -8.7797245641314192e-08 -2.333806397401821e-07 0 5.1055198317780404e-08 1.0959840861880376e-07 0 0 8.2829217106754619e-08 -1.3501677664349199e-07 4.6249221627506325e-07 3.1319405614085121e-07 0 1.7574817185060259e-07 9.1964105898915819e-09 0 3.3774914361633235e-08
leaf_weight=13698 2187 8128 15076 3826 244539 3882 13611 62221 20001 3092 73399 36589 53591 28649 544 58389 41592 4692 12276
leaf_count=13698 2187 8128 15076 3826 244539 3882 13611 62221 20001 3092 73399 36589 53591 28649 544 58389 41592 4692 12276
internal_value=4.17802e-09 -8.37791e-08 -1.29721e-07 -1.82939e-07 -2.15294e-07 2.67216e-07 2.91554e-07 2.99056e-07 1.21113e-07 0 3.1571e-08 -8.21041e-08 4.08922e-07 1.95797e-07 1.47668e-07 1.50261e-07 0 0 2.06586e-08
internal_weight=699982 518873 431811 303655 258237 181109 160259 158072 87062 128156 88475 39681 67202 90870 78934 78390 45418 20850 16968
internal_count=699982 518873 431811 303655 258237 181109 160259 158072 87062 128156 88475 39681 67202 90870 78934 78390 45418 20850 16968
is_linear=0
shrinkage=0.02


Tree=114
num_leaves=19
num_cat=0
split_feature=1 1 1 3 3 4 0 1 1 1 0 4 4 0 1 1 0 1
split_gain=3.99089e-05 8.87934e-06 3.97904e-06 4.64176e-06 1.23434e-05 3.97533e-06 3.09425e-06 9.35364e-07 3.35658e-06 1.68747e-06 1.74352e-06 8.71521e-07 7.89616e-07 1.34692e-06 3.98074e-07 2.34134e-07 1.05508e-07 1.44052e-08
threshold=-0.0034519844921305771 -0.4755482673645019 -0.0066061720717698327 -0.0061258319765329352 -0.013833564706146715 -0.36604945361614222 1.2033933997154238 0.010153800249099733 0.28815434873104101 -0.0012107486836612222 1.2162267565727236 2.9999792575836186 -0.1157933473587036 -0.77752143144607533 0.15138724446296695 -0.0054120214190334073 1.2139123082160952 0.24620272219181064
decision_type=2 2 2 2 2 2 2 2 2 2 2 2 2 2 2 2 2 2
left_child=1 11 3 4 -3 17 -5 9 14 16 -11 -1 15 -14 -9 -4 -7 -2
right_child=5 2 12 6 -6 7 -8 8 -10 10 -12 -13 13 -15 -16 -17 -18 -19
leaf_value=-4.8378663342054226e-07 0 0 0 1.675513765474465e-07 -2.7853343680833743e-07 7.6524379677260349e-08 -5.8515602001272758e-08 8.6854948426483633e-08 3.9299105499709578e-07 5.049784990519035e-07 0 0 1.7062625003682988e-07 0 0 -5.9413372409578265e-08 0 3.2328939216243562e-08
leaf_weight=24315 23735 136868 34881 36570 128862 12696 62320 45130 28376 49308 4374 862 32170 35494 8736 26531 3241 5513
leaf_count=24315 23735 136868 34881 36570 128862 12696 62320 45130 28376 49308 4374 862 32170 35494 8736 26531 3241 5513
internal_value=4.32723e-09 -8.1971e-08 -5.86088e-08 -9.37621e-08 -1.3799e-07 2.62613e-07 4.86067e-09 3.04498e-07 1.97903e-07 4.01692e-07 4.70355e-07 -4.60641e-07 2.51991e-08 7.66758e-08 5.80026e-08 0 4.49108e-08 0
internal_weight=699982 518873 493696 364620 265730 181109 98890 151861 82242 69619 53682 25177 129076 67664 53866 61412 15937 29248
internal_count=699982 518873 493696 364620 265730 181109 98890 151861 82242 69619 53682 25177 129076 67664 53866 61412 15937 29248
is_linear=0
shrinkage=0.02


Tree=115
num_leaves=23
num_cat=0
split_feature=1 5 1 4 4 4 5 5 4 4 5 5 1 4 4 1 4 5 5 0 5 4
split_gain=3.98497e-05 1.18511e-05 7.74623e-06 8.01838e-06 3.85329e-06 3.72264e-06 2.1645e-06 3.51958e-06 2.85542e-06 1.44426e-06 1.80069e-06 1.11975e-06 1.07241e-06 9.37661e-07 1.25568e-06 7.28538e-07 5.58183e-07 6.29449e-08 8.00767e-08 6.64816e-08 5.56776e-08 2.77874e-08
threshold=-0.0030996017158031459 1.4192795157432558 -0.0099295680411159975 -0.45045319199562067 -0.32000666856765742 2.9999792575836186 0.78050038218498241 -1.7966986894607542 0.57756355404853832 1.3905907869338991 -0.93507561087608326 -2.6566073894500728 -0.4755482673645019 -0.44133009016513819 0.7047223448753358 -0.0023681028978899117 -0.22003575414419171 -0.91478043794631947 1.8055209517478945 1.2191759943962099 2.1655551195144658 -0.46861021220684046
decision_type=2 2 2 2 2 2 2 2 2 2 2 2 2 2 2 2 2 2 2 2 2 2
left_child=1 2 3 21 17 -5 7 -6 16 10 -4 -11 -3 -14 -15 -9 -8 -2 19 -19 -10 -1
right_child=4 12 9 5 6 -7 8 15 20 11 -12 -13 13 14 -16 -17 -18 18 -20 -21 -22 -23
leaf_value=0 0 0 -1.3350266414281767e-07 -2.7638246696664442e-07 0 4.4282176371134225e-08 0 0 -4.3892396697679645e-08 0 0 2.7577842910664734e-07 0 1.7804406335366486e-07 0 4.9581804423399148e-07 2.8531139476888508e-07 6.6294594281318259e-08 0 0 0 2.6200050259036511e-08
leaf_weight=40827 5585 3912 52689 200453 8789 4269 11755 1233 11560 574 95238 10825 14148 71457 13730 55913 47965 19365 5832 3438 3879 16192
leaf_count=40827 5585 3912 52689 200453 8789 4269 11755 1233 11560 574 95238 10825 14148 71457 13730 55913 47965 19365 5832 3438 3879 16192
internal_value=0 -8.46886e-08 -1.33834e-07 -2.01469e-07 2.63575e-07 -2.59926e-07 3.11827e-07 4.27431e-07 1.83799e-07 -1.01712e-08 -3.84591e-08 1.8147e-07 9.63696e-08 1.182e-07 1.43856e-07 4.85213e-07 2.48276e-07 6.18201e-09 3.04128e-08 5.06573e-08 0 0
internal_weight=699628 524314 421067 261741 175314 204722 141094 65935 75159 159326 147927 11399 103247 99335 85187 57146 59720 34220 28635 22803 15439 57019
internal_count=699628 524314 421067 261741 175314 204722 141094 65935 75159 159326 147927 11399 103247 99335 85187 57146 59720 34220 28635 22803 15439 57019
is_linear=0
shrinkage=0.02


Tree=116
num_leaves=24
num_cat=0
split_feature=5 4 2 2 5 2 2 2 5 4 4 4 2 5 3 2 2 2 4 2 2 2 2
split_gain=1.67282e-05 5.78973e-06 3.9417e-06 3.34642e-06 3.05701e-06 3.6076e-06 3.61611e-06 2.49332e-06 2.32655e-06 1.96643e-06 1.7664e-06 1.50514e-06 1.16249e-06 8.46297e-07 7.10414e-07 5.67311e-07 5.56295e-07 1.65969e-07 1.47689e-07 4.23303e-08 1.90768e-07 1.14311e-08 5.68104e-09
threshold=-1.3992488980293272 -0.10474102199077605 0.19769876450300219 0.31525824964046484 1.3498364686965945 0.26070255041122442 0.34207031130790716 0.26432409882545477 1.7308012843132021 -0.46092909574508661 -0.59741503000259388 2.9999792575836186 0.3085837215185166 -2.9997932910919185 1.5499454140663149 0.38919854164123541 0.22717908769845965 0.38251720368862158 -0.31441785395145411 0.27134127914905554 0.19715227186679843 0.1808944642543793 0.26989908516407018
decision_type=2 2 2 2 2 2 2 2 2 2 2 2 2 2 2 2 2 2 2 2 2 2 2
left_child=9 4 8 12 5 16 -7 18 21 19 -9 13 -4 14 -11 -15 -2 -5 -6 20 -1 -3 -22
right_child=1 2 3 17 7 6 -8 10 -10 11 -12 -13 -14 15 -16 -17 -18 -19 -20 -21 22 -23 -24
leaf_value=0 -2.5122100687421596e-08 0 1.4565657792378567e-07 0 -3.9897993375998242e-08 -2.1457061783978498e-07 1.1310786022665894e-07 0 0 -6.6424806559113975e-07 2.692712371935858e-07 0 4.4144800951857131e-07 -1.9259735870295165e-07 0 0 5.3839867641644741e-08 -1.0610214288441858e-07 2.6714716651666912e-08 0 1.0901992587006463e-07 -3.4734192707576094e-07 0
leaf_weight=238 55496 1026 197040 34101 22596 72782 7912 4450 2740 6885 32635 3669 14020 118220 828 426 64704 5897 32376 3069 8036 10136 346
leaf_count=238 55496 1026 197040 34101 22596 72782 7912 4450 2740 6885 32635 3669 14020 118220 828 426 64704 5897 32376 3069 8036 10136 346
internal_value=0 5.19627e-08 1.20072e-07 1.42653e-07 -2.81174e-09 -5.29259e-08 -1.57657e-07 8.48256e-08 -1.43854e-07 -1.91275e-07 2.11552e-07 -2.14299e-07 1.74781e-07 -2.28084e-07 -5.9751e-07 -1.87211e-07 7.44438e-10 0 0 0 4.432e-08 -3.30374e-07 1.05469e-07
internal_weight=699628 557911 264960 251058 292951 200894 80694 92057 13902 141717 37085 130028 211060 126359 7713 118646 120200 39998 54972 11689 8620 11162 8382
internal_count=699628 557911 264960 251058 292951 200894 80694 92057 13902 141717 37085 130028 211060 126359 7713 118646 120200 39998 54972 11689 8620 11162 8382
is_linear=0
shrinkage=0.02


Tree=117
num_leaves=23
num_cat=0
split_feature=1 1 2 1 1 1 2 4 3 4 1 1 3 4 2 4 2 4 3 4 2 2
split_gain=3.80802e-05 8.3611e-06 4.16054e-06 5.51102e-06 7.3473e-06 3.69838e-06 4.28762e-06 3.66529e-06 3.16034e-06 1.31081e-06 1.05048e-06 2.68943e-06 1.23295e-06 9.73326e-07 6.03663e-07 4.33551e-07 9.34243e-08 4.20114e-08 2.83994e-08 1.41065e-08 7.48647e-09 1.46308e-07
threshold=-0.0030996017158031459 -0.38251531124114985 0.28437720239162451 -0.0059062461368739596 -0.019502669572830197 -0.013032136019319294 0.26817244291305548 -0.32000666856765742 -1.5873896479606626 1.197090804576874 0.010153800249099733 0.28815434873104101 -1.5763772726058958 2.9999792575836186 0.33400228619575506 -0.096251688897609697 0.26254323124885565 -0.59741503000259388 -1.5864857435226438 -0.62016034126281727 0.38251720368862158 0.24046728760004046
decision_type=2 2 2 2 2 2 2 2 2 2 2 2 2 2 2 2 2 2 2 2 2 2
left_child=1 13 5 4 -4 6 -3 16 -7 10 12 -12 -9 14 19 -5 -2 -18 -19 -1 21 -11
right_child=7 2 3 15 -6 8 -8 9 -10 20 11 -13 -14 -15 -16 -17 17 18 -20 -21 -22 -23
leaf_value=0 0 -1.4004542674698953e-07 0 -5.1786589128957944e-08 -4.4749180794733052e-07 3.600431093219435e-07 6.8009583023773192e-08 0 1.9502034940206187e-09 0 6.0251882819511045e-08 4.0408190390372182e-07 4.592449205740997e-07 0 0 7.2986460572278081e-08 0 0 7.5411026170263775e-08 -4.8491503710430366e-07 0 8.1165467149468532e-08
leaf_weight=402 19659 151075 30338 20832 41773 11435 39203 2143 179658 4270 45420 23832 54882 947 1773 22067 2517 360 11684 24811 1209 9338
leaf_count=402 19659 151075 30338 20832 41773 11435 39203 2143 179658 4270 45420 23832 54882 947 1773 22067 2517 360 11684 24811 1209 9338
internal_value=0 -8.26264e-08 -5.89724e-08 -1.67369e-07 -2.74311e-07 -2.10391e-08 -8.66689e-08 2.57811e-07 3.38448e-08 3.04912e-07 3.28683e-07 2.07456e-07 4.40831e-07 -4.31366e-07 -4.5501e-07 0 5.16075e-09 5.12738e-08 6.76289e-08 -4.80801e-07 0 1.48344e-08
internal_weight=699628 524314 496381 115010 72111 381371 190278 175314 191093 141094 126277 69252 57025 27933 26986 42899 34220 14561 12044 25213 14817 13608
internal_count=699628 524314 496381 115010 72111 381371 190278 175314 191093 141094 126277 69252 57025 27933 26986 42899 34220 14561 12044 25213 14817 13608
is_linear=0
shrinkage=0.02


Tree=118
num_leaves=24
num_cat=0
split_feature=5 4 2 2 5 2 2 2 5 4 4 4 2 5 3 2 2 2 4 2 2 2 2
split_gain=1.5908e-05 5.48153e-06 3.77896e-06 3.17342e-06 2.857e-06 3.42879e-06 3.53006e-06 2.38403e-06 2.26699e-06 1.87685e-06 1.70262e-06 1.46231e-06 1.18006e-06 7.74563e-07 6.80715e-07 5.53068e-07 5.47515e-07 1.53017e-07 1.31784e-07 4.01738e-08 1.87625e-07 5.68036e-09 2.79773e-09
threshold=-1.3992488980293272 -0.10474102199077605 0.19769876450300219 0.31525824964046484 1.3498364686965945 0.26070255041122442 0.34207031130790716 0.26432409882545477 1.7308012843132021 -0.46092909574508661 -0.59741503000259388 2.9999792575836186 0.21893128007650378 -2.9997932910919185 1.5499454140663149 0.38919854164123541 0.22717908769845965 0.38251720368862158 -0.31441785395145411 0.27134127914905554 0.19715227186679843 0.26989908516407018 0.1808944642543793
decision_type=2 2 2 2 2 2 2 2 2 2 2 2 2 2 2 2 2 2 2 2 2 2 2
left_child=9 4 8 12 5 16 -7 18 22 19 -9 13 -4 14 -11 -15 -2 -5 -6 20 -1 -22 -3
right_child=1 2 3 17 7 6 -8 10 -10 11 -12 -13 -14 15 -16 -17 -18 -19 -20 -21 21 -23 -24
leaf_value=0 -2.4253838797445195e-08 0 3.2334311940517816e-08 0 -3.8341171384726485e-08 -2.0970128861772577e-07 1.1446974727388264e-07 0 0 -6.4908679834588329e-07 2.6304348000483161e-07 0 2.0290121535321071e-07 -1.8753599565806318e-07 0 0 5.3687006306955778e-08 -1.0187794899208746e-07 2.4539274650575944e-08 0 1.0780319640484415e-07 0 -3.4126843039152431e-07
leaf_weight=238 55496 1026 51688 34101 22596 72782 7912 4450 2740 6885 32635 3669 159372 118220 828 426 64704 5897 32376 3069 8036 346 10136
leaf_count=238 55496 1026 51688 34101 22596 72782 7912 4450 2740 6885 32635 3669 159372 118220 828 426 64704 5897 32376 3069 8036 346 10136
internal_value=0 5.08686e-08 1.17125e-07 1.39331e-07 -2.23037e-09 -5.09175e-08 -1.53131e-07 8.22928e-08 -1.40025e-07 -1.86317e-07 2.06215e-07 -2.08826e-07 1.70606e-07 -2.22494e-07 -5.83767e-07 -1.82151e-07 1.06303e-09 0 0 0 4.31763e-08 1.04263e-07 -3.25052e-07
internal_weight=699628 557911 264960 251058 292951 200894 80694 92057 13902 141717 37085 130028 211060 126359 7713 118646 120200 39998 54972 11689 8620 8382 11162
internal_count=699628 557911 264960 251058 292951 200894 80694 92057 13902 141717 37085 130028 211060 126359 7713 118646 120200 39998 54972 11689 8620 8382 11162
is_linear=0
shrinkage=0.02


Tree=119
num_leaves=19
num_cat=0
split_feature=5 4 5 0 5 4 4 0 0 0 3 4 3 4 3 5 0 3
split_gain=1.53003e-05 5.26557e-06 2.72699e-06 1.87336e-06 1.68815e-06 1.4783e-06 1.56486e-06 1.07843e-06 1.42296e-06 7.34403e-07 3.60258e-07 4.0082e-07 3.20111e-07 2.87101e-07 2.16711e-07 1.35408e-06 2.71484e-07 1.17176e-07
threshold=-1.3992488980293272 -0.10474102199077605 1.3498364686965945 -0.83550119400024403 2.1655551195144658 2.9999792575836186 -0.46092909574508661 1.232986629009247 -0.74937453866004933 -0.82683151960372914 -1.5825695395469663 -0.59741503000259388 1.5666375756263735 0.7047223448753358 -0.015489713754504917 0.70304545760154735 1.332807779312134 -1.6159074902534483
decision_type=2 2 2 2 2 2 2 2 2 2 2 2 2 2 2 2 2 2
left_child=3 2 7 -1 14 6 -5 8 -2 -6 -4 -12 -8 -11 16 -16 -3 -9
right_child=1 4 10 5 9 -7 12 17 -10 13 11 -13 -14 -15 15 -17 -18 -19
leaf_value=0 -1.1424454008416274e-08 1.5994219709214505e-07 0 0 0 0 -2.4192531661078016e-07 0 -1.5331536003279047e-07 3.7029107389087457e-07 0 1.0581495148104334e-07 0 0 1.0221479170270874e-07 0 0 7.8872702617847562e-08
leaf_weight=4675 123664 51751 6567 11026 2695 3626 116594 1798 61225 21507 5097 80393 5796 7070 99906 81379 652 14207
leaf_count=4675 123664 51751 6567 11026 2695 3626 116594 1798 61225 21507 5097 80393 5796 7070 99906 81379 652 14207
internal_value=0 4.99282e-08 -1.97664e-09 -1.82679e-07 1.14865e-07 -1.99945e-07 -2.133e-07 -4.97001e-08 -6.92282e-08 2.85016e-07 8.04434e-08 9.3026e-08 -2.33902e-07 3.1492e-07 8.35367e-08 5.26314e-08 1.52286e-07 5.09272e-08
internal_weight=699628 557911 292951 141717 264960 137042 133416 200894 184889 31272 92057 85490 122390 28577 233688 181285 52403 16005
internal_count=699628 557911 292951 141717 264960 137042 133416 200894 184889 31272 92057 85490 122390 28577 233688 181285 52403 16005
is_linear=0
shrinkage=0.02


Tree=120
num_leaves=24
num_cat=0
split_feature=1 1 2 1 1 2 1 1 3 1 1 1 2 2 0 2 2 2 2 2 3 2 2
split_gain=3.43887e-05 6.12456e-06 4.74109e-06 5.18335e-06 1.33362e-05 4.08575e-06 9.55886e-06 6.26635e-06 2.13236e-06 1.62591e-06 4.14691e-06 3.08723e-06 4.8754e-06 1.82198e-06 9.48853e-07 4.96751e-07 4.83445e-07 2.86771e-07 2.46812e-07 1.74702e-07 6.83574e-08 7.21638e-08 1.3748e-08
threshold=-0.004604408983141183 -0.4755482673645019 0.27682664990425115 -0.022364044561982151 -0.0070691171567887059 0.2229886129498482 -0.016625771299004551 -0.0072754085995256892 0.019835521467030052 -0.0012107486836612222 0.0011714734719134869 0.28815434873104101 0.2573110312223435 0.31525824964046484 1.2214513421058657 0.33400228619575506 0.24565702676773074 0.38432554900646215 0.26515540480613714 0.30784957110881811 -1.5926101207733152 0.18808144330978396 0.2490995451807976
decision_type=2 2 2 2 2 2 2 2 2 2 2 2 2 2 2 2 2 2 2 2 2 2 2
left_child=1 15 5 8 -5 7 -7 -3 -4 16 14 12 -12 -13 17 -1 20 -11 22 -20 -2 -22 -18
right_child=9 2 3 4 -6 6 -8 -9 -10 10 11 13 -14 -15 -16 -17 18 -19 19 -21 21 -23 -24
leaf_value=-4.3437935573248767e-07 0 -2.5759395291267531e-07 -1.1588880221502603e-07 -6.278191966865794e-07 -4.6504081097304088e-08 -1.2048756312023412e-07 1.4044045424338836e-07 0 1.8276540753540283e-07 5.585451239669614e-07 -8.6780683232405578e-09 4.3404143921789887e-07 2.3656964530333075e-07 0 0 0 0 0 9.9446552667192149e-08 0 0 1.7284268739971653e-07 -7.8618908015104299e-08
leaf_weight=23447 301 63685 21374 28252 56041 95118 128658 58559 16941 25804 48174 29081 52608 4158 1319 1749 692 359 11211 9799 285 11295 10230
leaf_count=23447 301 63685 21374 28252 56041 95118 128658 58559 16941 25804 48174 29081 52608 4158 1319 1749 692 359 11211 9799 285 11295 10230
internal_value=0 -8.89613e-08 -6.74588e-08 -1.77183e-07 -2.65067e-07 -2.27992e-08 2.05931e-08 -1.18592e-07 0 2.19001e-07 2.53881e-07 1.83497e-07 9.94961e-08 3.78021e-07 5.24347e-07 -4.09514e-07 4.47785e-08 5.50734e-07 0 4.41711e-08 1.53851e-07 1.63238e-07 -7.27037e-08
internal_weight=699140 493824 468628 122608 84293 346020 223776 122244 38315 205316 161503 134021 100782 33239 27482 25196 43813 26163 31932 21010 11881 11580 10922
internal_count=699140 493824 468628 122608 84293 346020 223776 122244 38315 205316 161503 134021 100782 33239 27482 25196 43813 26163 31932 21010 11881 11580 10922
is_linear=0
shrinkage=0.02


Tree=121
num_leaves=21
num_cat=0
split_feature=1 1 3 0 0 3 4 1 1 4 1 4 1 0 4 1 0 1 4 4
split_gain=3.3142e-05 5.86435e-06 3.52293e-06 9.33273e-06 9.17013e-06 8.84344e-06 2.93981e-06 1.66276e-06 3.36778e-06 1.31064e-06 1.2632e-06 1.11122e-06 5.54532e-07 6.88315e-07 3.15946e-07 1.92205e-07 1.56037e-07 1.30165e-07 5.26507e-09 5.45146e-09
threshold=-0.004604408983141183 -0.4755482673645019 1.5450865626335146 -0.77513739466667164 -0.81697812676429737 -1.5641341209411619 -0.32000666856765742 -0.0012107486836612222 0.0011714734719134869 1.2617099285125735 0.0066744352225214252 2.9999792575836186 -0.013032136019319294 1.2925076484680178 -0.098992612212896333 0.24620272219181064 1.2139123082160952 -0.023908871226012703 -0.63389638066291798 0.62401452660560619
decision_type=2 2 2 2 2 2 2 2 2 2 2 2 2 2 2 2 2 2 2 2
left_child=1 11 3 4 -3 -5 15 14 9 -9 -10 18 17 -14 -8 -2 -16 -4 -1 -20
right_child=6 2 12 5 -6 -7 7 8 10 -11 -12 -13 13 -15 16 -17 -18 -19 19 -21
leaf_value=0 0 -1.1095817062727349e-07 4.2288419376362837e-08 0 1.3029791208214443e-07 -3.3330747787519496e-07 0 6.1288340249740064e-07 0 0 2.406364405751383e-07 0 1.6847831678665915e-07 0 1.2768426567478112e-07 1.1027217014646858e-07 0 -3.4880114481634172e-08 -4.6714684916030623e-07 0
leaf_weight=268 34911 159576 17915 52731 101692 94591 13337 22132 14188 1816 91871 836 24621 1040 15886 6554 4621 16462 20662 3430
leaf_count=268 34911 159576 17915 52731 101692 94591 13337 22132 14188 1816 91871 836 24621 1040 15886 6554 4621 16462 20662 3430
internal_value=0 -8.73532e-08 -6.61989e-08 -8.93385e-08 -9.40032e-09 -2.17529e-07 2.14976e-07 2.55087e-07 2.94253e-07 5.70308e-07 2.13062e-07 -4.01429e-07 5.79657e-08 1.28473e-07 4.55443e-08 8.23997e-09 9.7908e-08 0 -4.30026e-07 -4.32512e-07
internal_weight=699140 493824 468628 408590 261268 147322 205316 163851 130007 23948 106059 25196 60038 25661 33844 41465 20507 34377 24360 24092
internal_count=699140 493824 468628 408590 261268 147322 205316 163851 130007 23948 106059 25196 60038 25661 33844 41465 20507 34377 24360 24092
is_linear=0
shrinkage=0.02


Tree=122
num_leaves=24
num_cat=0
split_feature=1 5 1 2 2 1 5 5 5 1 3 2 2 5 1 1 2 2 1 1 1 3 1
split_gain=3.19658e-05 9.50346e-06 6.97906e-06 6.9957e-06 7.51397e-06 6.7535e-06 2.13935e-06 2.14517e-06 1.48984e-06 1.43177e-06 1.30618e-06 1.19467e-06 1.71946e-06 6.10509e-07 4.08109e-07 8.24459e-07 4.44501e-07 3.84438e-07 3.64672e-07 2.02204e-07 2.22251e-06 3.66634e-07 2.14355e-10
threshold=-0.004604408983141183 1.1322813630104067 -0.0073362695984542361 0.28929464519023901 0.22451655566692355 -0.028131793253123757 -1.7152880430221555 0.68347594141960155 1.9099624156951907 -0.003843197249807417 1.5487532019615176 0.22291945666074756 0.30128169059753424 2.1655551195144658 -0.0069361336063593617 -0.4755482673645019 0.20889038592576983 0.35104535520076757 -0.0030996017158031459 -0.0054909517057240001 -0.0059062461368739596 1.5297405123710635 -0.0068752968218177548
decision_type=2 2 2 2 2 2 2 2 2 2 2 2 2 2 2 2 2 2 2 2 2 2 2
left_child=1 2 3 4 -1 -5 -2 9 14 -8 -11 22 -13 18 15 -3 -16 -15 -9 20 -4 -21 -10
right_child=6 8 19 5 -6 -7 7 13 11 10 -12 12 -14 17 16 -17 -18 -19 -20 21 -22 -23 -24
leaf_value=-3.4082448073185468e-07 0 -1.0100657219826436e-07 0 -9.6878043104276227e-08 -5.5078115949949282e-08 -7.5680914160590047e-07 0 0 -4.2661467991923487e-09 3.8717870473951346e-07 0 2.8911691236545629e-07 0 3.1599625651678665e-07 0 7.8751416739253486e-08 -1.0971142579645745e-07 0 9.9312842087404026e-08 -1.0349380841621273e-07 2.7496014066759352e-07 0 0
leaf_weight=57754 14053 4321 60853 21654 172053 19149 6901 13277 4711 64846 4920 24923 5807 20114 6674 57436 22476 1660 79545 17119 12343 2220 4331
leaf_count=57754 14053 4321 60853 21654 172053 19149 6901 13277 4711 64846 4920 24923 5807 20114 6674 57436 22476 1660 79545 17119 12343 2220 4331
internal_value=0 -8.56804e-08 -1.39875e-07 -1.91236e-07 -1.35594e-07 -4.55603e-07 2.11233e-07 2.28849e-07 4.9616e-08 3.35423e-07 3.63107e-07 1.51896e-07 2.131e-07 1.40096e-07 0 3.37891e-08 -5.6403e-08 2.91854e-07 8.29504e-08 0 2.4566e-08 -4.35679e-08 0
internal_weight=699140 493824 363145 270610 229807 40803 205316 191263 130679 76667 69766 39772 30730 114596 90907 61757 29150 21774 92822 92535 73196 19339 9042
internal_count=699140 493824 363145 270610 229807 40803 205316 191263 130679 76667 69766 39772 30730 114596 90907 61757 29150 21774 92822 92535 73196 19339 9042
is_linear=0
shrinkage=0.02


Tree=123
num_leaves=24
num_cat=0
split_feature=5 5 4 2 2 0 4 0 0 2 2 2 5 4 2 5 5 2 5 2 2 2 4
split_gain=1.40183e-05 5.22281e-06 2.42506e-06 3.52686e-06 3.247e-06 2.21267e-06 3.27072e-06 2.48892e-06 2.68084e-06 1.95023e-06 1.68589e-06 2.5411e-06 1.11437e-06 9.23069e-07 9.47358e-07 7.57021e-07 7.06543e-07 8.96219e-07 4.17168e-07 2.65353e-07 8.6979e-07 1.94737e-07 1.24165e-07
threshold=-1.2630876898765562 2.1920609474182133 -0.1019337736070156 0.19769876450300219 0.31525824964046484 -0.77513739466667164 0.3086757510900498 -0.81532222032546986 -0.83550119400024403 0.35104535520076757 0.34207031130790716 0.24565702676773074 -1.4199540615081785 -0.59741503000259388 0.19167646020650866 1.7308012843132021 -2.9997932910919185 0.19769876450300219 2.0241403579711919 0.22291945666074756 0.20794577896595004 0.27847312390804296 -0.46092909574508661
decision_type=2 2 2 2 2 2 2 2 2 2 2 2 2 2 2 2 2 2 2 2 2 2 2
left_child=5 2 10 15 -5 6 7 8 -1 19 11 -2 13 -7 -15 -4 -8 -18 -12 20 -3 -9 -21
right_child=1 9 3 4 -6 12 16 21 -10 -11 18 -13 -14 14 -16 -17 17 -19 -20 22 -22 -23 -24
leaf_value=0 2.9074015574021034e-08 2.4136462431723473e-07 -2.7842083303458725e-07 1.4053682394398932e-07 -3.1359528838463369e-08 0 0 5.6150659231899057e-08 -2.7547331556940728e-07 0 2.4881805350449849e-07 -8.9027571768023382e-08 0 0 -3.2793206457279044e-07 0 0 2.4357952845297559e-07 0 0 0 -5.5195661108319455e-08 3.735877609284366e-07
leaf_weight=4316 127450 5972 10528 177535 35268 1033 1739 18106 46723 2549 11412 132786 9365 1750 54728 1294 856 15317 605 205 4078 6830 28695
leaf_count=4316 127450 5972 10528 177535 35268 1033 1739 18106 46723 2549 11412 132786 9365 1750 54728 1294 856 15317 605 205 4078 6830 28695
internal_value=0 5.03304e-08 2.77961e-08 7.7377e-08 1.0265e-07 -1.62469e-07 -6.82313e-08 -1.39463e-07 -2.20133e-07 2.71944e-07 -5.76501e-09 -2.35023e-08 -2.64863e-07 -2.98875e-07 -3.12246e-07 -2.08374e-07 1.22245e-07 1.84459e-07 2.11914e-07 3.14359e-07 0 0 3.69945e-07
internal_weight=699140 538377 496878 224625 212803 160763 93887 75975 51039 41499 272253 260236 66876 57511 56478 11822 17912 16173 12017 38950 10050 24936 28900
internal_count=699140 538377 496878 224625 212803 160763 93887 75975 51039 41499 272253 260236 66876 57511 56478 11822 17912 16173 12017 38950 10050 24936 28900
is_linear=0
shrinkage=0.02


Tree=124
num_leaves=21
num_cat=0
split_feature=1 1 3 3 1 3 0 1 3 4 1 1 1 4 4 4 0 1 4 1
split_gain=3.06506e-05 5.60107e-06 3.43863e-06 6.17831e-06 9.56059e-06 5.18611e-06 3.30039e-06 8.59287e-06 5.01574e-06 2.75746e-06 1.72777e-06 3.45639e-06 1.31155e-06 1.22943e-06 1.07659e-06 2.91146e-07 1.48126e-07 4.73562e-08 3.58466e-09 1.18309e-10
threshold=-0.004604408983141183 -0.4755482673645019 -0.0061258319765329352 -0.014214442577213047 -0.0084880236536264402 -1.5209892392158506 1.1998248696327212 -0.045517876744270318 1.5450865626335146 -0.36604945361614222 -0.0012107486836612222 0.0011714734719134869 0.0066744352225214252 1.2617099285125735 2.9999792575836186 -0.098992612212896333 1.2139123082160952 0.24620272219181064 -0.63389638066291798 -0.004267071606591343
decision_type=2 2 2 2 2 2 2 2 2 2 2 2 2 2 2 2 2 2 2 2
left_child=1 14 3 5 -5 -3 7 -4 -8 17 15 13 -13 -12 18 -11 -17 19 -1 -2
right_child=9 2 6 4 -6 -7 8 -9 -10 10 11 12 -14 -15 -16 16 -18 -19 -20 -21
leaf_value=0 0 -1.0712184551855954e-07 -5.5179693620280765e-08 -3.017708636626264e-07 -8.3803033569673038e-09 1.3076761183066765e-07 -2.9115720970505742e-07 4.8378767858902418e-07 4.1117066791148994e-08 0 5.879068717960574e-07 0 2.2726658960050886e-07 0 0 1.2049907235791586e-07 0 5.893819592067482e-08 -4.2168527142009415e-07 -1.3421982622957175e-09
leaf_weight=268 2003 78340 15960 104316 103259 68741 23634 19903 54475 15445 23050 15031 95742 1816 836 15886 4621 5453 24092 26269
leaf_count=268 2003 78340 15960 104316 103259 68741 23634 19903 54475 15445 23050 15031 95742 1816 836 15886 4621 5453 24092 26269
internal_value=0 -8.40229e-08 -6.32504e-08 -9.51562e-08 -1.65458e-07 0 1.84854e-08 1.88166e-07 -3.38166e-08 2.06721e-07 2.39918e-07 2.78402e-07 1.99764e-07 5.48284e-07 -3.90997e-07 3.90977e-08 9.14268e-08 0 -4.19289e-07 0
internal_weight=699140 493824 468628 354656 207575 147081 113972 35863 78109 205316 171591 135639 110773 24866 25196 35952 20507 33725 24360 28272
internal_count=699140 493824 468628 354656 207575 147081 113972 35863 78109 205316 171591 135639 110773 24866 25196 35952 20507 33725 24360 28272
is_linear=0
shrinkage=0.02


Tree=125
num_leaves=24
num_cat=0
split_feature=5 5 4 2 2 2 4 2 0 4 0 2 2 2 4 2 5 5 2 4 2 2 4
split_gain=1.28422e-05 4.65213e-06 2.68757e-06 3.2128e-06 2.76609e-06 2.10761e-06 1.86685e-06 4.64889e-06 3.98413e-06 2.98227e-06 1.94675e-06 1.81015e-06 1.49472e-06 1.70802e-06 1.46621e-06 9.87403e-07 1.0204e-06 9.46747e-07 8.55707e-07 3.66875e-07 9.85525e-08 7.72728e-07 2.95192e-07
threshold=-1.2630876898765562 2.2191196680068974 -0.1157933473587036 0.19769876450300219 0.31525824964046484 0.35104535520076757 0.2967591285705567 0.32685124874114996 -0.77294790744781483 2.9999792575836186 -0.83550119400024403 0.3367739617824555 0.34207031130790716 0.24565702676773074 -0.46092909574508661 0.27806970477104193 -1.8622773885726926 1.716461777687073 0.211702436208725 -0.645799160003662 0.22291945666074756 0.20733901858329776 0.7047223448753358
decision_type=2 2 2 2 2 2 2 2 2 2 2 2 2 2 2 2 2 2 2 2 2 2 2
left_child=6 2 12 17 -5 20 10 15 -9 -10 -1 14 13 -2 -12 18 -17 -4 -8 -14 21 -3 -22
right_child=1 5 3 4 -6 -7 7 8 9 -11 11 -13 19 -15 -16 16 -18 -19 -20 -21 22 -23 -24
leaf_value=0 1.4448555828205433e-08 2.4229248884181894e-07 -2.6527325972291531e-07 1.3555321834387647e-07 -1.3902589341755378e-08 0 2.1698018739640103e-07 0 -1.118128877699224e-06 0 0 0 0 -8.0184762131998329e-08 -2.5498172746726217e-07 5.2433144742719148e-07 0 0 -6.1867433964105728e-08 2.3387301613799066e-07 4.0772124339030707e-07 0 0
leaf_weight=4153 123984 5265 11184 187782 36258 2421 5974 1566 3566 632 14426 5352 533 128195 102027 3604 3399 1450 15942 10904 22757 4021 4549
leaf_count=4153 123984 5265 11184 187782 36258 2421 5974 1566 3566 632 14426 5352 533 128195 102027 3604 3399 1450 15942 10904 22757 4021 4549
internal_value=2.56409e-10 4.98383e-08 2.89012e-08 7.89232e-08 1.02439e-07 2.67063e-07 -1.53749e-07 0 -5.38554e-07 -8.81956e-07 -1.89938e-07 -2.09044e-07 -8.42175e-09 -2.57274e-08 -2.27871e-07 8.05706e-08 2.88453e-07 -1.79776e-07 0 1.98284e-07 3.14771e-07 0 3.66359e-07
internal_weight=699944 539303 500290 236674 224040 39013 160641 34683 5764 4198 125958 121805 263616 252179 116453 28919 7003 12634 21916 11437 36592 9286 27306
internal_count=699944 539303 500290 236674 224040 39013 160641 34683 5764 4198 125958 121805 263616 252179 116453 28919 7003 12634 21916 11437 36592 9286 27306
is_linear=0
shrinkage=0.02


Tree=126
num_leaves=23
num_cat=0
split_feature=1 5 1 0 0 1 0 0 0 1 3 1 1 3 5 1 1 3 5 1 5 0
split_gain=3.0127e-05 9.34142e-06 6.56398e-06 3.55586e-06 6.15103e-06 1.51436e-06 1.38979e-06 1.66861e-06 2.99219e-06 1.40782e-06 1.07511e-06 1.05341e-06 1.74872e-06 5.49015e-07 5.36765e-07 3.22015e-07 2.2286e-06 4.76556e-07 1.78335e-07 9.51451e-08 6.07198e-08 1.11051e-09
threshold=-0.004604408983141183 1.1322813630104067 -0.0073362695984542361 1.2230691313743594 -0.79700732231140126 -0.015338718891143797 1.2162267565727236 -0.78828692436218251 -0.82179114222526539 -0.0027240018825978036 -0.013333744835108517 -0.4755482673645019 -0.0070691171567887059 -1.529495060443878 2.9999673366546635 -0.0054909517057240001 -0.0057980886194854966 1.5297405123710635 1.8474886417388918 0.0076773650944232949 2.4992109537124638 1.235261917114258
decision_type=2 2 2 2 2 2 2 2 2 2 2 2 2 2 2 2 2 2 2 2 2 2
left_child=1 2 3 4 -1 -5 7 8 10 -9 -2 20 13 -13 -11 16 -4 -17 -14 -10 -3 -8
right_child=6 11 15 5 -6 -7 21 9 19 14 -12 12 18 -15 -16 17 -18 -19 -20 -21 -22 -23
leaf_value=-1.2163083355215289e-07 0 -1.2697439606653551e-07 0 -1.5860593491160111e-07 -3.7542025798051347e-07 8.7041034437843e-08 0 0 -2.4299317812330684e-09 3.848521727150631e-07 2.527500536135838e-07 0 -5.0487017202232898e-08 1.5513258558241503e-07 0 -1.2259899712501911e-07 3.3564738134864685e-07 0 3.3168628840300505e-09 3.7920634187746396e-08 0 7.5104075895289704e-09
leaf_weight=152568 5579 5416 64721 16756 77346 24317 14952 9744 20295 56243 63717 14886 27925 68244 751 17194 8454 2204 14043 26383 331 7875
leaf_count=152568 5579 5416 64721 16756 77346 24317 14952 9744 20295 56243 63717 14886 27925 68244 751 17194 8454 2204 14043 26383 331 7875
internal_value=2.90773e-10 -8.14299e-08 -1.35245e-07 -1.8501e-07 -2.15708e-07 0 2.06593e-07 2.25954e-07 1.45153e-07 3.364e-07 2.29202e-07 5.28125e-08 7.60374e-08 1.30824e-07 3.77349e-07 0 2.88706e-08 -5.91261e-08 0 0 -1.04727e-07 0
internal_weight=699944 494405 363560 270987 229914 41073 205539 182712 115974 66738 69296 130845 125098 83130 56994 92573 73175 19398 41968 46678 5747 22827
internal_count=699944 494405 363560 270987 229914 41073 205539 182712 115974 66738 69296 130845 125098 83130 56994 92573 73175 19398 41968 46678 5747 22827
is_linear=0
shrinkage=0.02


Tree=127
num_leaves=20
num_cat=0
split_feature=5 5 2 0 3 0 3 3 5 0 2 5 2 2 3 2 3 2 2
split_gain=1.1992e-05 4.37045e-06 2.04464e-06 1.79102e-06 1.53322e-06 1.96271e-06 1.89317e-06 1.7191e-06 1.69706e-06 1.60387e-06 1.09527e-06 6.57665e-07 1.77941e-06 7.1137e-07 6.67023e-07 6.55891e-07 4.49656e-07 1.18093e-07 7.22407e-07
threshold=-1.2630876898765562 2.2191196680068974 0.35104535520076757 -0.83550119400024403 -0.0061258319765329352 -0.77752143144607533 -0.010781649965792893 1.5400573015213015 -0.24259728938341138 -0.75703293085098255 0.26029770076274877 -2.5857044458389278 0.24565702676773074 0.19769876450300219 1.5704089999198916 0.23161481320858004 1.5674792528152468 0.22291945666074756 0.20733901858329776
decision_type=2 2 2 2 2 2 2 2 2 2 2 2 2 2 2 2 2 2 2
left_child=3 4 17 -1 6 8 9 -7 -6 -2 -8 13 15 -5 -14 -13 -15 18 -3
right_child=1 2 -4 11 5 7 10 -9 -10 -11 -12 12 14 16 -16 -17 -18 -19 -20
leaf_value=0 7.266721802651967e-08 2.3427060266335124e-07 0 0 0 -8.3128310070619838e-08 0 9.4194780981385197e-08 3.7122290552315573e-07 -1.1655198924942552e-08 -1.4319549012306331e-07 -6.639853616630929e-08 -1.9692615992806866e-07 -4.0536563880625598e-07 0 8.0042669798043792e-08 0 3.571384841110387e-07 0
leaf_weight=5253 180193 5265 2421 339 6035 23449 51668 65473 17457 113355 42660 40959 80074 17380 3091 12764 781 27306 4021
leaf_count=5253 180193 5265 2421 339 6035 23449 51668 65473 17457 113355 42660 40959 80074 17380 3091 12764 781 27306 4021
internal_value=2.93909e-10 4.82998e-08 2.59035e-07 -1.48421e-07 2.78688e-08 9.41807e-08 3.494e-09 2.49425e-08 2.71125e-07 3.32925e-08 -6.80361e-08 -1.65481e-07 -1.24644e-07 -3.59542e-07 -1.84744e-07 0 -3.83863e-07 3.06413e-07 0
internal_weight=699944 539303 39013 160641 500290 112414 387876 88922 23492 293548 94328 155388 136888 18500 83165 53723 18161 36592 9286
internal_count=699944 539303 39013 160641 500290 112414 387876 88922 23492 293548 94328 155388 136888 18500 83165 53723 18161 36592 9286
is_linear=0
shrinkage=0.02


Tree=128
num_leaves=25
num_cat=0
split_feature=1 1 2 2 1 1 4 4 1 2 4 1 1 2 4 2 2 2 2 2 4 4 1 1
split_gain=2.89367e-05 5.66731e-06 4.56609e-06 3.72537e-06 7.0411e-06 6.44802e-06 3.48002e-06 3.47699e-06 3.91113e-06 1.74811e-06 1.25984e-06 1.11138e-06 3.4688e-06 2.53614e-06 1.53568e-06 4.29754e-07 3.57919e-07 1.15517e-07 9.54514e-08 5.87041e-08 2.55733e-07 1.9942e-07 3.05639e-08 2.21856e-08
threshold=-0.004604408983141183 -0.32320049405097956 0.28437720239162451 0.2229886129498482 -0.045517876744270318 -0.0072754085995256892 -0.32000666856765742 1.3905907869338991 -0.050871439278125756 0.38251720368862158 0.55587914586067211 -0.0012107486836612222 0.0011714734719134869 0.25380052626132971 1.2617099285125735 0.24737173318862918 0.3372232466936112 0.18808144330978396 0.25916722416877752 0.26254323124885565 -0.60066604614257801 -0.41602167487144465 0.40004085004329687 -0.0027240018825978036
decision_type=2 2 2 2 2 2 2 2 2 2 2 2 2 2 2 2 2 2 2 2 2 2 2 2
left_child=1 10 3 5 -5 -3 19 8 -4 -9 16 15 14 -14 -13 17 -1 -8 -17 22 -21 -22 23 -2
right_child=6 2 7 4 -6 -7 11 9 -10 -11 -12 12 13 -15 -16 18 -18 -19 -20 20 21 -23 -24 -25
leaf_value=-4.3690776721510652e-07 0 -2.5487652061141156e-07 0 -2.4165744871906386e-07 7.1863260908172569e-08 8.8281034223093866e-09 0 2.683027113540292e-07 -2.8172391689412679e-07 -1.0496264577979075e-07 0 5.9940582657019388e-07 4.0070976314473893e-08 2.9894483220359798e-07 0 -8.2137488591591037e-08 0 1.8082830298427205e-07 2.3337603829506637e-08 0 1.6340266283110215e-07 0 0 -3.5336228472910902e-08
leaf_weight=23815 3317 62486 13873 31840 207166 58621 270 9439 77937 2398 5751 22224 48991 57368 1813 4039 1079 9335 20069 3621 7698 7453 2443 16898
leaf_count=23815 3317 62486 13873 31840 207166 58621 270 9439 77937 2398 5751 22224 48991 57368 1813 4039 1079 9335 20069 3621 7698 7453 2443 16898
internal_value=2.12868e-10 -7.98203e-08 -5.72122e-08 -1.72598e-08 2.17285e-08 -1.10718e-07 2.02456e-07 -1.76727e-07 -2.24355e-07 2.37242e-08 -3.56691e-07 2.44578e-07 2.79329e-07 1.98507e-07 5.53744e-07 5.08401e-08 -4.20551e-07 1.64223e-07 0 0 3.53678e-08 9.11118e-08 0 -2.45921e-08
internal_weight=699944 494405 463760 360113 239006 121107 205539 103647 91810 11837 30645 164109 130396 106359 24037 33713 24894 9605 24108 41430 18772 15151 22658 20215
internal_count=699944 494405 463760 360113 239006 121107 205539 103647 91810 11837 30645 164109 130396 106359 24037 33713 24894 9605 24108 41430 18772 15151 22658 20215
is_linear=0
shrinkage=0.02


Tree=129
num_leaves=22
num_cat=0
split_feature=1 1 4 3 3 0 3 0 1 3 4 1 4 4 0 1 1 1 4 1 1
split_gain=2.79328e-05 5.44453e-06 3.40284e-06 3.13839e-06 6.39181e-06 9.165e-06 5.29124e-06 2.82816e-06 6.12857e-06 4.25171e-06 1.19421e-06 7.79087e-07 8.7076e-07 6.65993e-07 3.57001e-07 1.99254e-07 9.30169e-07 7.52335e-07 5.26565e-08 2.40164e-08 5.18676e-09
threshold=-0.004604408983141183 -0.32320049405097956 -0.10740698501467703 -0.0061258319765329352 -0.014311873354017733 -0.74753293395042408 -1.5209892392158506 1.1758224964141848 -0.045517876744270318 1.5450865626335146 0.55587914586067211 -0.0035901319934055205 -0.45045319199562067 1.197090804576874 1.2166550755500796 0.010153800249099733 -0.0012107486836612222 0.28815434873104101 1.3905907869338991 -0.0045543808955699197 -0.0044848306570202104
decision_type=2 2 2 2 2 2 2 2 2 2 2 2 2 2 2 2 2 2 2 2 2
left_child=1 10 11 4 6 -6 -3 8 -5 -9 -1 19 -13 15 -14 16 -4 -17 -15 -2 -20
right_child=2 3 13 7 5 -7 -8 9 -10 -11 -12 12 14 18 -16 17 -18 -19 20 -21 -22
leaf_value=-4.1219208612396516e-07 0 -9.5491473655054544e-08 1.0023240766411317e-07 0 -1.1172394638823511e-07 -7.0342414261799166e-07 1.4529573796597536e-07 -2.5189791677153365e-07 4.6146884235432145e-07 4.9877726712907057e-08 0 0 1.5803815614209064e-07 0 0 2.4911332526417468e-08 5.1015036868164729e-07 3.16888409580776e-07 0 -3.0067449258736816e-08 4.0392735285852128e-08
leaf_weight=24894 1406 77603 17725 13520 193514 13055 66764 24938 16977 57389 5751 19763 54478 2400 6936 30004 31291 16191 280 10626 14439
leaf_count=24894 1406 77603 17725 13520 193514 13055 66764 24938 16977 57389 5751 19763 54478 2400 6936 30004 31291 16191 280 10626 14439
internal_value=3.09354e-10 -7.82711e-08 1.99058e-07 -5.60094e-08 -8.69484e-08 -1.58801e-07 2.00949e-09 2.24988e-08 1.95357e-07 -1.72412e-08 -3.499e-07 7.73664e-08 1.03497e-07 2.8223e-07 1.40819e-07 3.11077e-07 4.02721e-07 1.70542e-07 4.95997e-09 0 3.82045e-08
internal_weight=699944 494405 205539 463760 350936 206569 144367 112824 30497 82327 30645 93209 81177 112330 61414 95211 49016 46195 17119 12032 14719
internal_count=699944 494405 205539 463760 350936 206569 144367 112824 30497 82327 30645 93209 81177 112330 61414 95211 49016 46195 17119 12032 14719
is_linear=0
shrinkage=0.02


Tree=130
num_leaves=24
num_cat=0
split_feature=5 5 0 2 0 0 3 2 3 0 3 2 3 2 2 3 0 2 2 0 0 2 3
split_gain=1.07312e-05 4.28628e-06 2.69522e-06 1.86593e-06 1.70971e-06 1.48494e-06 2.36395e-06 1.29634e-06 1.35325e-06 1.70247e-06 1.11893e-06 8.98996e-07 6.76336e-07 5.53532e-07 5.02017e-07 4.6882e-07 3.70434e-07 3.39812e-07 5.8015e-07 2.92813e-07 2.47035e-07 3.60855e-07 3.5092e-08
threshold=-1.3992488980293272 2.2191196680068974 -0.79249149560928334 0.35104535520076757 -0.81532222032546986 -0.82328352332115162 -0.015489713754504917 0.19769876450300219 1.5400573015213015 -0.75703293085098255 1.5442298650741579 0.19167646020650866 -1.6159074902534483 0.1808944642543793 0.31593863666057592 -0.014565916266292332 -0.82431402802467335 0.35104535520076757 0.23448041081428531 1.2144819498062136 -0.82380205392837513 0.22291945666074756 1.632378935813904
decision_type=2 2 2 2 2 2 2 2 2 2 2 2 2 2 2 2 2 2 2 2 2 2 2
left_child=2 7 4 20 5 16 -7 13 9 -9 11 -4 -13 -2 -10 -15 -1 18 -6 -12 -3 -22 -21
right_child=1 3 10 -5 17 6 -8 8 14 -11 19 12 -14 15 -16 -17 -18 -19 -20 22 21 -23 -24
leaf_value=-5.832489316034113e-08 0 0 0 0 0 0 -3.430765348308489e-07 4.6894225200801851e-08 1.4246698267031195e-07 -3.3695790621385407e-08 0 0 -3.4785474147649804e-07 0 0 -2.0683002670728174e-07 9.3795897612790272e-08 0 1.61146982619525e-07 -1.1291100223148811e-07 0 3.8181877638255763e-07 0
leaf_weight=25009 2824 6424 1430 2384 5818 5082 19483 299735 61003 134307 4929 1151 42752 3713 2752 15107 7172 1080 16693 10288 6188 24044 570
leaf_count=25009 2824 6424 1430 2384 5818 5082 19483 299735 61003 134307 4929 1151 42752 3713 2752 15107 7172 1080 16693 10288 6188 24044 570
internal_value=3.12742e-09 4.53134e-08 -1.49287e-07 2.53851e-07 -4.10324e-08 -1.15243e-07 -2.3422e-07 2.57899e-08 3.54818e-08 1.73491e-08 -2.58855e-07 -3.16565e-07 -3.34168e-07 -1.04712e-07 1.27558e-07 -1.56124e-07 0 5.26953e-08 9.45946e-08 0 2.98317e-07 3.33424e-07 -1.0386e-07
internal_weight=699938 558481 141457 39040 80337 56746 24565 519441 497797 434042 61120 45333 43903 21644 63755 18820 32181 23591 22511 15787 36656 30232 10858
internal_count=699938 558481 141457 39040 80337 56746 24565 519441 497797 434042 61120 45333 43903 21644 63755 18820 32181 23591 22511 15787 36656 30232 10858
is_linear=0
shrinkage=0.02


Tree=131
num_leaves=28
num_cat=0
split_feature=1 2 1 2 1 4 1 1 0 4 4 1 1 1 4 4 1 1 1 0 2 2 1 0 4 0 0
split_gain=2.73334e-05 5.82879e-06 8.93112e-06 7.71484e-06 6.9735e-06 5.52449e-06 4.05809e-06 5.47558e-06 3.90604e-06 3.33085e-06 2.05214e-06 1.95994e-06 2.81976e-06 2.43434e-06 1.70679e-06 1.65841e-06 1.5247e-06 1.28955e-06 1.00064e-06 9.58669e-07 8.46703e-07 5.18901e-07 9.61785e-08 3.06219e-07 9.27463e-08 1.9625e-08 1.57894e-08
threshold=-0.0059062461368739596 0.28437720239162451 -0.045517876744270318 0.2229886129498482 -0.0072754085995256892 -0.32000666856765742 -0.027171454392373558 -0.0064125496428459874 -0.83293744921684254 1.3905907869338991 1.0385937094688418 -0.0012107486836612222 0.0021756297210231428 0.0066744352225214252 -0.45045319199562067 1.2617099285125735 -0.0062844837084412566 -0.0049823408480733624 -0.097352094948291765 1.2114755511283877 0.24308220297098163 0.29508076608181005 0.24620272219181064 -0.800277680158615 1.3905907869338991 -0.82991966605186451 -0.75925898551940907
decision_type=2 2 2 2 2 2 2 2 2 2 2 2 2 2 2 2 2 2 2 2 2 2 2 2 2 2 2
left_child=1 2 10 4 -4 22 18 9 -5 -8 14 17 15 -14 -1 -13 -9 19 24 -7 -19 -20 23 25 -3 -2 -25
right_child=5 6 3 8 -6 11 7 16 -10 -11 -12 12 13 -15 -16 -17 -18 20 21 -21 -22 -23 -24 26 -26 -27 -28
leaf_value=0 0 -1.9151544351276989e-07 -3.1010446285113199e-07 4.5140559963636486e-07 0 2.760048234227343e-07 -6.5908683177182526e-07 1.2279390068159896e-07 3.8513612954723762e-08 0 0 5.5218195009629244e-07 0 2.270631738808344e-07 -3.4238396602586533e-07 0 -1.8907347193797655e-07 1.9455393549507131e-07 -1.3713573698838332e-08 0 -1.6709520976220511e-08 1.146625462445683e-07 5.5433958238549093e-08 3.0631627085820005e-08 0 -7.8974091551819468e-08 0
leaf_weight=10169 625 12343 50301 11427 54424 18965 23279 4476 183435 1980 5235 25991 10020 91904 50409 2125 15347 8671 4471 6358 37496 15723 6440 6731 2385 23893 15315
leaf_count=10169 625 12343 50301 11427 54424 18965 23279 4476 183435 1980 5235 25991 10020 91904 50409 2125 15347 8671 4471 6358 37496 15723 6440 6731 2385 23893 15315
internal_value=3.02844e-09 -8.85177e-08 -4.77541e-08 0 -1.39836e-07 1.71081e-07 -2.49697e-07 -3.82506e-07 7.29901e-08 -5.89574e-07 -2.58733e-07 2.18933e-07 2.75892e-07 1.92186e-07 -2.93732e-07 5.08199e-07 -1.77617e-08 8.73481e-08 -2.09781e-08 2.04717e-07 0 0 0 -2.003e-08 -1.67987e-07 -7.58798e-08 0
internal_weight=699938 445404 365400 299587 104725 254534 80004 45082 194862 25259 65813 201530 130040 101924 60578 28116 19823 71490 34922 25323 46167 20194 53004 46564 14728 24518 22046
internal_count=699938 445404 365400 299587 104725 254534 80004 45082 194862 25259 65813 201530 130040 101924 60578 28116 19823 71490 34922 25323 46167 20194 53004 46564 14728 24518 22046
is_linear=0
shrinkage=0.02


Tree=132
num_leaves=28
num_cat=0
split_feature=1 5 4 4 5 5 1 4 4 4 2 2 2 2 4 2 2 2 2 4 2 1 1 5 5 4 5
split_gain=2.63111e-05 9.55977e-06 7.09827e-06 5.30539e-06 4.12264e-06 5.97329e-06 3.72665e-06 3.50615e-06 2.72803e-06 1.89217e-06 1.41872e-06 1.3975e-06 1.7419e-06 1.00077e-06 8.38322e-07 7.33247e-07 6.48294e-07 6.2705e-07 5.67809e-07 5.48977e-07 2.79951e-07 2.71417e-07 9.09135e-08 4.71864e-07 4.4008e-08 1.09907e-08 3.66823e-09
threshold=-0.0059062461368739596 0.97702342271804821 -0.45045319199562067 -0.32000666856765742 0.68347594141960155 -1.7752075791358946 -0.0072754085995256892 0.46454431116580969 2.9999792575836186 -0.15640587359666822 0.23263124376535418 0.31525824964046484 0.21893128007650378 0.18808144330978396 -0.13537574559450147 0.24308220297098163 0.2490995451807976 0.20794577896595004 0.3085837215185166 -0.60379907488822926 0.19715227186679843 -0.0061261767987161866 0.24620272219181064 1.1322813630104067 1.8622004985809328 0.11541626974940301 -1.6598051786422727
decision_type=2 2 2 2 2 2 2 2 2 2 2 2 2 2 2 2 2 2 2 2 2 2 2 2 2 2 2
left_child=1 2 15 22 5 25 8 14 -4 10 17 12 -11 -7 -6 20 -9 -3 -12 -17 -1 -8 23 -2 26 -5 -24
right_child=3 9 6 4 7 13 21 16 -10 11 18 -13 -14 -15 -16 19 -18 -19 -20 -21 -22 -23 24 -25 -26 -27 -28
leaf_value=0 -9.1773440373511042e-08 0 -2.4683430360311746e-07 -2.1791228139566535e-08 8.2495441045126207e-09 0 0 0 0 0 8.5784224356287377e-08 0 2.3617059691865506e-07 4.0188599236820853e-07 2.3479415864603777e-07 0 -1.3605350001347782e-07 -2.2776106356354977e-07 0 -9.9170366624165422e-08 1.1197464153793076e-07 -1.2425283010326961e-07 0 0 0 0 8.2724195879111977e-08
leaf_weight=1014 24471 7802 202251 9258 30954 1355 35342 7968 3975 17546 35653 7545 40906 78654 49028 9471 17652 15118 6477 23101 32171 7032 235 22093 641 6661 5564
leaf_count=1014 24471 7802 202251 9258 30954 1355 35342 7968 3975 17546 35653 7545 40906 78654 49028 9471 17652 15118 6477 23101 32171 7032 235 22093 641 6661 5564
internal_value=2.99305e-09 -8.67686e-08 -1.4823e-07 1.67923e-07 2.14813e-07 3.21478e-07 -1.97945e-07 9.89798e-08 -2.3337e-07 4.54042e-08 -4.27455e-09 1.24674e-07 1.64662e-07 3.9214e-07 1.72124e-07 9.3069e-09 -5.13032e-08 -1.52557e-07 2.89237e-08 -1.52782e-08 9.37058e-08 0 0 -1.9308e-08 5.43253e-08 0 7.94541e-08
internal_weight=699938 445404 314357 254534 201530 95928 248600 105602 206226 131047 65050 65997 58452 80009 79982 65757 25620 22920 42130 32572 33185 42374 53004 46564 6440 15919 5799
internal_count=699938 445404 314357 254534 201530 95928 248600 105602 206226 131047 65050 65997 58452 80009 79982 65757 25620 22920 42130 32572 33185 42374 53004 46564 6440 15919 5799
is_linear=0
shrinkage=0.02


Tree=133
num_leaves=23
num_cat=0
split_feature=1 1 4 0 0 0 1 0 3 3 1 1 1 4 1 0 4 1 1 0 0 0
split_gain=2.53168e-05 5.35358e-06 5.0865e-06 4.26955e-06 1.2262e-05 7.73317e-06 1.12272e-05 5.6453e-06 4.66432e-06 4.04044e-06 1.87766e-06 2.68726e-06 2.33195e-06 1.57949e-06 1.25299e-06 9.21478e-07 5.22577e-07 1.36635e-07 8.4218e-08 2.89807e-07 1.89001e-08 1.57193e-08
threshold=-0.0059062461368739596 -0.4755482673645019 -0.32000666856765742 -0.77513739466667164 -0.73402133584022511 -0.81735354661941517 -0.014041732531040905 -0.74753293395042408 -0.0061258319765329352 1.5472643971443178 -0.0012107486836612222 0.0021756297210231428 0.0066744352225214252 1.2617099285125735 -0.0049823408480733624 1.2114755511283877 2.9999792575836186 -0.0047595705837011329 0.24620272219181064 -0.800277680158615 -0.82991966605186451 -0.75925898551940907
decision_type=2 2 2 2 2 2 2 2 2 2 2 2 2 2 2 2 2 2 2 2 2 2
left_child=1 16 18 5 7 8 -7 -5 -3 -6 14 13 -13 -12 15 -4 -1 -16 19 20 -2 -21
right_child=2 3 10 4 9 6 -8 -9 -10 -11 11 12 -14 -15 17 -17 -18 -19 -20 21 -22 -23
leaf_value=-4.0279792114009788e-07 0 -1.5924710473687703e-07 2.6643287471337362e-07 -1.7431393167162052e-07 -1.2812186253315958e-07 -5.0615294403396028e-08 3.589522416412654e-07 -9.5913463359335464e-07 1.1098435192047174e-07 7.1428475497500883e-08 5.3643780147540727e-07 0 2.184870958414899e-07 0 -5.6022760326173397e-08 0 0 2.9842911660574611e-08 5.2895885068654296e-08 3.0563553608696155e-08 -7.6314450760261127e-08 0
leaf_weight=24263 625 115989 18965 19595 104731 45779 47329 10362 23784 52717 25991 10020 91904 2125 6022 6358 855 40145 6440 6731 23893 15315
leaf_count=24263 625 115989 18965 19595 104731 45779 47329 10362 23784 52717 25991 10020 91904 2125 6022 6358 855 40145 6440 6731 23893 15315
internal_value=3.02794e-09 -8.49631e-08 1.64859e-07 -6.22592e-08 -1.33439e-07 0 1.36097e-07 -5.12545e-07 -9.89551e-08 -4.86055e-08 2.10766e-07 2.66375e-07 1.84098e-07 4.93503e-07 8.16391e-08 1.96489e-07 -3.85229e-07 0 0 -1.83434e-08 -7.32604e-08 0
internal_weight=699938 445404 254534 420286 187405 232881 93108 29957 139773 157448 201530 130040 101924 28116 71490 25323 25118 46167 53004 46564 24518 22046
internal_count=699938 445404 254534 420286 187405 232881 93108 29957 139773 157448 201530 130040 101924 28116 71490 25323 25118 46167 53004 46564 24518 22046
is_linear=0
shrinkage=0.02


Tree=134
num_leaves=25
num_cat=0
split_feature=1 1 4 0 0 0 1 0 3 3 1 1 1 4 1 0 4 1 1 0 3 0 0 4
split_gain=2.44009e-05 5.12111e-06 4.88415e-06 4.18158e-06 1.19419e-05 7.35445e-06 1.07027e-05 5.47165e-06 4.45579e-06 3.85144e-06 1.76631e-06 2.53776e-06 2.26333e-06 1.52019e-06 1.20251e-06 8.86474e-07 7.70658e-07 1.31224e-07 7.9523e-08 2.79496e-07 2.2382e-08 1.83468e-08 1.50968e-08 3.61293e-09
threshold=-0.0059062461368739596 -0.38251531124114985 -0.32000666856765742 -0.77513739466667164 -0.73402133584022511 -0.81735354661941517 -0.014041732531040905 -0.74753293395042408 -0.0061258319765329352 1.5472643971443178 -0.0012107486836612222 0.0021756297210231428 0.0066744352225214252 1.2617099285125735 -0.0049823408480733624 1.2114755511283877 1.0385937094688418 -0.0047595705837011329 0.24620272219181064 -0.800277680158615 1.585928797721863 -0.82991966605186451 -0.75925898551940907 -0.62016034126281727
decision_type=2 2 2 2 2 2 2 2 2 2 2 2 2 2 2 2 2 2 2 2 2 2 2 2
left_child=1 16 18 5 7 8 -7 -5 -3 -6 14 13 -13 -12 15 -4 20 -16 19 21 23 -2 -21 -1
right_child=2 3 10 4 9 6 -8 -9 -10 -11 11 12 -14 -15 17 -17 -18 -19 -20 22 -22 -23 -24 -25
leaf_value=0 0 -1.5485907202989404e-07 2.6110424582170287e-07 -1.6967132683691792e-07 -1.2483498519772363e-07 -4.806257356388967e-08 3.5177321116028778e-07 -9.4909566088337297e-07 1.0933542173341551e-07 7.0389780425706695e-08 5.2570908607890782e-07 0 2.1411735909253424e-07 0 -5.4902328786433467e-08 0 0 2.9246054369081051e-08 5.1837983250628395e-08 2.99522970151804e-08 0 -7.4788167559741598e-08 0 -4.0843646955000494e-07
leaf_weight=438 625 115109 18965 19425 103987 45269 47329 10265 23708 52438 25991 10020 91904 2125 6022 6358 3426 40145 6440 6731 269 23893 15315 23741
leaf_count=438 625 115109 18965 19425 103987 45269 47329 10265 23708 52438 25991 10020 91904 2125 6022 6358 3426 40145 6440 6731 269 23893 15315 23741
internal_value=2.89309e-09 -8.34391e-08 1.61822e-07 -6.00885e-08 -1.30718e-07 0 1.34704e-07 -5.06514e-07 -9.53309e-08 -4.66046e-08 2.06803e-07 2.61142e-07 1.80158e-07 4.83585e-07 7.99847e-08 1.92498e-07 -3.6146e-07 0 0 -1.76486e-08 -4.01959e-07 -7.17731e-08 0 -4.04646e-07
internal_weight=699938 445404 254534 417530 186115 231415 92598 29690 138817 156425 201530 130040 101924 28116 71490 25323 27874 46167 53004 46564 24448 24518 22046 24179
internal_count=699938 445404 254534 417530 186115 231415 92598 29690 138817 156425 201530 130040 101924 28116 71490 25323 27874 46167 53004 46564 24448 24518 22046 24179
is_linear=0
shrinkage=0.02


Tree=135
num_leaves=21
num_cat=0
split_feature=5 4 2 2 5 5 2 2 2 2 4 4 4 2 2 3 2 2 2 2
split_gain=9.4613e-06 4.10295e-06 3.17622e-06 2.79305e-06 2.12007e-06 1.6619e-06 3.05557e-06 2.63491e-06 2.38205e-06 1.76657e-06 1.62122e-06 1.3073e-06 1.40549e-06 6.95479e-07 4.92821e-07 3.45854e-07 3.10181e-07 2.27186e-07 4.66787e-08 1.87922e-07
threshold=-1.3992488980293272 -0.1157933473587036 0.19769876450300219 0.35543212294578558 1.7308012843132021 1.3498364686965945 0.24565702676773074 0.31554193794727331 0.26432409882545477 0.22717908769845965 -0.59741503000259388 2.9999792575836186 -0.46092909574508661 0.19167646020650866 0.38169445097446447 1.5666375756263735 0.21893128007650378 0.22832852602005008 0.27134127914905554 0.19715227186679843
decision_type=2 2 2 2 2 2 2 2 2 2 2 2 2 2 2 2 2 2 2 2
left_child=11 5 4 16 -3 6 9 -8 17 -2 -10 12 18 -14 -5 -15 -4 -7 19 -1
right_child=1 2 3 14 -6 8 7 -9 10 -11 -12 -13 13 15 -16 -17 -18 -19 -20 -21
leaf_value=0 -1.9185543415277825e-08 -3.0369128787705476e-07 3.4562500512276112e-08 -1.7100939313574999e-07 0 1.1354217601526266e-08 -1.7150399719340866e-07 2.608761628549025e-08 0 1.3826098026218653e-07 2.465252973066352e-07 0 0 -1.8906426445233911e-07 0 0 1.6232118012823486e-07 -5.4730714288305832e-08 0 1.0589014851105279e-07
leaf_weight=243 54056 11758 53258 8179 2880 24266 86012 16205 4474 39063 31953 3665 3824 116913 10181 5813 187325 29293 3082 8369
leaf_count=243 54056 11758 53258 8179 2880 24266 86012 16205 4474 39063 31953 3665 3824 116913 10181 5813 187325 29293 3082 8369
internal_value=5.11938e-09 4.48738e-08 1.0055e-07 1.21142e-07 -1.27082e-07 -1.50148e-09 -4.07752e-08 -1.20613e-07 6.15256e-08 2.53848e-08 1.88436e-07 -1.37358e-07 -1.52152e-07 -1.72429e-07 -4.78643e-08 -1.81452e-07 1.42352e-07 0 0 4.65624e-08
internal_weight=700812 558903 273581 258943 14638 285322 195336 102217 89986 93119 36427 141909 138244 126550 18360 122726 240583 53559 11694 8612
internal_count=700812 558903 273581 258943 14638 285322 195336 102217 89986 93119 36427 141909 138244 126550 18360 122726 240583 53559 11694 8612
is_linear=0
shrinkage=0.02


Tree=136
num_leaves=19
num_cat=0
split_feature=1 1 2 1 1 1 0 2 0 1 1 2 2 2 2 1 2 2
split_gain=2.24726e-05 4.44032e-06 3.91751e-06 3.08883e-06 7.32602e-06 2.62707e-06 5.76094e-06 3.47393e-06 1.19774e-06 1.13818e-06 2.69337e-06 1.90435e-06 5.79813e-07 4.79976e-07 3.76993e-07 3.64668e-07 9.55096e-08 7.5857e-08
threshold=-0.004604408983141183 -0.4755482673645019 0.28437720239162451 -0.050871439278125756 -0.0064125496428459874 -0.013032136019319294 -0.82164779305458058 0.26817244291305548 1.2162267565727236 -0.0012107486836612222 0.0011714734719134869 0.23817130178213122 0.24737173318862918 0.26515540480613714 0.38559050858020788 -0.081132266670465455 0.18808144330978396 0.3372232466936112
decision_type=2 2 2 2 2 2 2 2 2 2 2 2 2 2 2 2 2 2
left_child=1 17 5 15 -5 7 -7 -3 9 12 14 -12 16 -14 -11 -4 -2 -1
right_child=8 2 3 4 -6 6 -8 -9 -10 10 11 -13 13 -15 -16 -17 -18 -19
leaf_value=-3.5083145299471113e-07 0 -1.1342315691943495e-07 0 -4.326060153376456e-07 -1.4142235395721482e-08 -1.0817090108881225e-07 1.2896038444968389e-07 7.4411799949496555e-08 0 4.815037240267074e-07 1.2491671642254779e-09 2.2829547746492167e-07 -1.2647788762758872e-07 4.4022269557014397e-08 0 1.3577051391273243e-07 1.7196826967344246e-07 0
leaf_weight=23527 272 152766 9552 35768 52102 55640 116619 39693 22760 25231 41722 75633 9664 19297 359 7913 10753 1541
leaf_count=23527 272 152766 9552 35768 52102 55640 116619 39693 22760 25231 41722 75633 9664 19297 359 7913 10753 1541
internal_value=5.0439e-09 -6.49945e-08 -4.61753e-08 -1.55237e-07 -2.07242e-07 -9.19333e-09 4.07561e-08 -6.4292e-08 1.83357e-07 2.01052e-07 2.33622e-07 1.64618e-07 3.46012e-08 0 4.71912e-07 0 1.59306e-07 -3.38092e-07
internal_weight=700812 495121 470053 105335 87870 364718 172259 192459 205691 182931 142945 117355 39986 28961 25590 17465 11025 25068
internal_count=700812 495121 470053 105335 87870 364718 172259 192459 205691 182931 142945 117355 39986 28961 25590 17465 11025 25068
is_linear=0
shrinkage=0.02


Tree=137
num_leaves=20
num_cat=0
split_feature=1 1 2 4 1 1 2 3 2 4 2 4 2 1 4 2 3 1 2
split_gain=2.17258e-05 4.25541e-06 3.7736e-06 3.79371e-06 3.41004e-06 2.50429e-06 3.34894e-06 2.78777e-06 2.04085e-06 1.99448e-06 1.67497e-06 1.75451e-06 1.04495e-06 9.21552e-07 5.33491e-07 3.74932e-07 3.42153e-07 4.98991e-07 1.06764e-08
threshold=-0.004604408983141183 -0.4755482673645019 0.28437720239162451 1.3905907869338991 -0.050871439278125756 -0.013032136019319294 0.26817244291305548 -1.5873896479606626 0.38251720368862158 -0.1157933473587036 0.35543212294578558 0.83452183008193981 0.26515540480613714 0.28815434873104101 2.9999792575836186 0.3372232466936112 -0.014413633383810518 -0.0035901319934055205 0.19841020554304126
decision_type=2 2 2 2 2 2 2 2 2 2 2 2 2 2 2 2 2 2 2
left_child=1 14 5 4 -4 6 -3 -7 -5 13 11 12 -11 16 15 -1 -2 -18 -13
right_child=9 2 3 8 -6 7 -8 -9 -10 10 -12 18 -14 -15 -16 -17 17 -19 -20
leaf_value=-3.6942957655432636e-07 0 -1.1115469488525735e-07 0 3.0755992009119576e-07 -2.5895521291215933e-07 3.5283897576171859e-07 7.2923565553526828e-08 5.7398716105755894e-09 0 1.7471982988445778e-07 0 0 4.5213899502860105e-07 2.5515792863012117e-07 0 0 0 8.5219477054105659e-08 1.4506348446532411e-08
leaf_weight=22848 18196 152766 15181 9496 78214 11096 39693 161163 2444 51780 6726 704 35161 13052 858 1362 9595 50183 20294
leaf_count=22848 18196 152766 15181 9496 78214 11096 39693 161163 2444 51780 6726 704 35161 13052 858 1362 9595 50183 20294
internal_value=4.98109e-09 -6.38335e-08 -4.53035e-08 -1.52363e-07 -2.03846e-07 -8.89979e-09 -6.27983e-08 3.97087e-08 8.28336e-08 1.80349e-07 2.46705e-07 2.66201e-07 3.09919e-07 7.47882e-08 -3.31507e-07 -3.50151e-07 1.89464e-08 5.2514e-08 0
internal_weight=700812 495121 470053 105335 93395 364718 192459 172259 11940 205691 114665 107939 86941 91026 25068 24210 77974 59778 20998
internal_count=700812 495121 470053 105335 93395 364718 192459 172259 11940 205691 114665 107939 86941 91026 25068 24210 77974 59778 20998
is_linear=0
shrinkage=0.02


Tree=138
num_leaves=23
num_cat=0
split_feature=1 5 1 2 1 2 2 2 1 5 5 3 3 1 1 1 3 5 2 1 3 3
split_gain=2.09165e-05 6.50369e-06 5.71237e-06 4.63778e-06 6.62983e-06 6.6009e-06 1.1977e-06 1.50618e-06 1.50806e-06 1.12382e-06 2.45009e-06 1.43384e-06 1.40574e-06 9.37208e-07 3.6141e-07 8.69619e-07 2.72599e-07 2.41194e-07 1.4637e-07 1.39142e-07 9.9756e-08 9.39833e-08
threshold=-0.004604408983141183 1.1172599792480471 -0.0073362695984542361 0.28929464519023901 -0.027171454392373558 0.21033938229084018 0.31525824964046484 0.23817130178213122 -0.0061261767987161866 -1.7152880430221555 0.68347594141960155 -0.014413633383810518 1.5487532019615176 -0.013139832764863966 -0.0051632986869662991 -0.0059062461368739596 1.5297405123710635 0.81552043557167064 0.35543212294578558 -0.0052821983117610207 -1.4920567274093626 -0.014565916266292332
decision_type=2 2 2 2 2 2 2 2 2 2 2 2 2 2 2 2 2 2 2 2 2 2
left_child=1 2 3 5 -5 -1 7 13 -9 -2 11 20 -13 -3 15 -4 -16 -12 -19 21 -11 -8
right_child=9 6 14 4 -6 -7 19 8 -10 10 17 12 -14 -15 16 -17 -18 18 -20 -21 -22 -23
leaf_value=-3.9524621600101833e-07 0 -1.0390747623858399e-07 0 -3.1768716009448706e-08 -6.6405662310608866e-07 -5.3992830689446125e-08 0 1.9346161835388783e-07 0 5.7804180327310237e-08 0 3.8019845863147386e-07 0 6.7280208189276107e-08 -1.1219137803074146e-07 1.5691287645036397e-07 0 1.1436232366059031e-07 0 0 0 -1.0653769313863739e-07
leaf_weight=30201 13950 20861 60469 21826 18918 199014 752 51483 11342 11942 5272 54138 5033 33060 10155 19504 1855 103228 6449 2916 5679 12765
leaf_count=30201 13950 20861 60469 21826 18918 199014 752 51483 11342 11942 5272 54138 5033 33060 10155 19504 1855 103228 6449 2916 5679 12765
internal_value=5.04313e-09 -6.24189e-08 -1.08193e-07 -1.55351e-07 -3.74436e-07 -1.07681e-07 4.69641e-08 7.85963e-08 1.45151e-07 1.77155e-07 1.89767e-07 2.95155e-07 3.50361e-07 0 8.46621e-09 4.06848e-08 -3.95451e-08 1.01963e-07 1.08517e-07 -5.6056e-08 0 -8.90935e-08
internal_weight=700812 495121 361942 269959 40744 229215 133179 116746 62825 205691 191741 76792 59171 53921 91983 79973 12010 114949 109677 16433 17621 13517
internal_count=700812 495121 361942 269959 40744 229215 133179 116746 62825 205691 191741 76792 59171 53921 91983 79973 12010 114949 109677 16433 17621 13517
is_linear=0
shrinkage=0.02


Tree=139
num_leaves=25
num_cat=0
split_feature=4 2 2 2 2 4 4 2 0 2 2 2 0 0 2 0 3 4 3 2 2 4 3 4
split_gain=1.56565e-06 5.64922e-06 4.34886e-06 2.76458e-06 3.56542e-06 2.48788e-06 2.74507e-06 2.82297e-06 1.98644e-06 1.50467e-06 1.45334e-06 2.44579e-06 1.0351e-06 1.12618e-06 8.31983e-07 8.2658e-07 6.71297e-07 3.76447e-07 3.19122e-07 1.89073e-07 4.74551e-06 1.58237e-06 1.73143e-07 1.2777e-07
threshold=-0.036353329196572297 0.35543212294578558 0.19841020554304126 0.34416165947914129 0.24565702676773074 0.94587191939353954 0.046626728028059013 0.38847307860851293 -0.800277680158615 0.22986409813165667 0.34017753601074224 0.32023353874683386 -0.82767733931541432 1.2316147685050967 0.20733901858329776 1.2041571736335757 -0.025368917733430859 0.0098589248955249804 -0.011978255584836004 0.38251720368862158 0.38169445097446447 1.6552135944366457 0.019835521467030052 -0.645799160003662
decision_type=2 2 2 2 2 2 2 2 2 2 2 2 2 2 2 2 2 2 2 2 2 2 2 2
left_child=3 2 15 4 9 6 -3 -8 -5 14 11 -4 22 -14 -1 17 -11 -2 -12 20 -7 -21 -6 -10
right_child=1 5 10 8 12 19 7 -9 23 16 18 -13 13 -15 -16 -17 -18 -19 -20 21 -22 -23 -24 -25
leaf_value=4.3316144321804349e-08 0 0 1.043692520264889e-07 0 0 0 -7.7801513600386285e-07 0 0 0 6.8451672152098387e-07 -1.2527601936312729e-07 -1.1947716532199523e-07 0 -5.7230105729959846e-08 0 1.4239314922839426e-07 -3.4760805829666738e-07 0 0 1.0505262863432864e-06 -4.6162405217212039e-07 9.0990640673907541e-08 3.4805927486546372e-07
leaf_weight=48185 1803 1478 230262 2408 11546 4552 7525 1210 398 14764 3182 12485 180295 14294 74061 4555 48469 9673 1125 1363 1723 3309 8365 13782
leaf_count=48185 1803 1478 230262 2408 11546 4552 7525 1210 398 14764 3182 12485 180295 14294 74061 4555 48469 9673 1125 1363 1723 3309 8365 13782
internal_value=4.82286e-09 4.31357e-08 7.43917e-08 -1.65188e-08 -3.14472e-08 -2.50955e-07 -4.77411e-07 -6.2625e-07 2.22871e-07 2.46336e-08 1.00753e-07 8.4319e-08 -8.92644e-08 -1.04457e-07 -1.23793e-09 -2.07103e-07 1.06279e-07 -2.9787e-07 5.62618e-07 0 2.33385e-08 -1.24321e-07 0 3.37847e-07
internal_weight=700812 284245 263085 416567 399979 21160 10213 8735 16588 185479 247054 242747 214500 194589 122246 16031 63233 11476 4307 10947 6275 4672 19911 14180
internal_count=700812 284245 263085 416567 399979 21160 10213 8735 16588 185479 247054 242747 214500 194589 122246 16031 63233 11476 4307 10947 6275 4672 19911 14180
is_linear=0
shrinkage=0.02


Tree=140
num_leaves=25
num_cat=0
split_feature=1 5 1 3 3 1 1 5 5 3 3 0 0 5 0 1 1 3 0 0 3 1 5 1
split_gain=2.08804e-05 6.86764e-06 5.33119e-06 2.96742e-06 4.63798e-06 1.13103e-06 1.55279e-06 1.11074e-06 2.39041e-06 1.24301e-06 1.37005e-06 6.52313e-07 5.08805e-07 3.30446e-07 3.22923e-07 2.87843e-07 1.92104e-06 3.28055e-07 2.24016e-07 1.99455e-07 1.94514e-07 1.18898e-07 6.11385e-08 4.70852e-08
threshold=-0.004604408983141183 1.1172599792480471 -0.0073362695984542361 1.5472643971443178 -0.014565916266292332 -0.0070691171567887059 -0.4755482673645019 -1.7152880430221555 0.68347594141960155 -0.014413633383810518 1.5562921166419985 -0.76158341765403736 1.2110747098922732 1.6734748482704165 1.2162267565727236 -0.0054909517057240001 -0.0059062461368739596 1.5297405123710635 -0.82190400362014759 -0.80501374602317799 -1.529495060443878 -0.0066428727004677049 2.4006228446960454 -0.015338718891143797
decision_type=2 2 2 2 2 2 2 2 2 2 2 2 2 2 2 2 2 2 2 2 2 2 2 2
left_child=1 2 3 4 -1 6 22 -2 9 19 -11 18 -13 14 -7 16 -4 -17 -10 -9 -8 -15 -3 -5
right_child=7 5 15 23 -6 13 20 8 11 10 -12 12 -14 21 -16 17 -18 -19 -20 -21 -22 -23 -24 -25
leaf_value=-4.4717544124849961e-08 0 -1.0334995832846874e-07 0 -2.2214020205861465e-09 -2.5965954960846992e-07 -1.095843016548482e-07 0 0 5.7473529034661847e-08 3.6958514185084784e-07 0 3.34616953198694e-07 3.9052956266060234e-08 0 0 -9.7391387919645696e-08 2.6397487034012749e-07 0 0 7.9221716368414448e-08 1.4210881448676427e-07 5.3559445698213496e-08 0 3.4374419176154072e-08
leaf_weight=91091 14029 5341 60039 18522 143989 21771 15158 4910 38306 54559 4414 13264 30605 2865 1332 17093 12236 2218 32427 12712 68887 16579 478 15862
leaf_count=91091 14029 5341 60039 18522 143989 21771 15158 4910 38306 54559 4414 13264 30605 2865 1332 17093 12236 2218 32427 12712 68887 16579 478 15862
internal_value=2.26628e-10 -6.73925e-08 -1.14285e-07 -1.59418e-07 -1.8488e-07 4.5367e-08 8.98108e-08 1.7256e-07 1.85164e-07 2.89223e-07 3.42165e-07 9.81637e-08 1.74009e-07 -1.49645e-09 -7.56661e-08 0 3.4138e-08 -4.00063e-08 2.28486e-08 0 1.25008e-07 0 -7.48413e-08 0
internal_weight=698687 493461 361050 269464 235080 132411 89864 205226 191197 76595 58973 114602 43869 42547 23103 91586 72275 19311 70733 17622 84045 19444 5819 34384
internal_count=698687 493461 361050 269464 235080 132411 89864 205226 191197 76595 58973 114602 43869 42547 23103 91586 72275 19311 70733 17622 84045 19444 5819 34384
is_linear=0
shrinkage=0.02


Tree=141
num_leaves=21
num_cat=0
split_feature=1 1 4 0 0 1 4 4 4 1 1 1 1 0 0 3 1 4 0 0
split_gain=2.01726e-05 4.59329e-06 2.68518e-06 3.28491e-06 7.13625e-06 3.59358e-06 2.32696e-06 1.55938e-06 1.17958e-06 9.64699e-07 1.49835e-06 1.2296e-06 9.40035e-07 2.37721e-07 3.38009e-07 1.27491e-07 2.48134e-07 6.54468e-08 1.18896e-08 3.58269e-08
threshold=-0.004604408983141183 -0.32320049405097956 1.3905907869338991 1.2293903827667239 -0.75925898551940907 -0.013372395653277634 -0.13262820988893506 1.197090804576874 0.62401452660560619 0.010153800249099733 -0.0027240018825978036 0.28815434873104101 0.28815434873104101 -0.82431402802467335 1.2104542851448061 -0.014413633383810518 -0.0035901319934055205 -0.62016034126281727 -0.76371872425079335 1.2104542851448061
decision_type=2 2 2 2 2 2 2 2 2 2 2 2 2 2 2 2 2 2 2 2
left_child=1 8 3 4 -3 -5 12 9 17 10 -8 -11 15 -4 -15 -2 -17 -1 -9 -20
right_child=6 2 13 5 -6 -7 7 18 -10 11 -12 -13 -14 14 -16 16 -18 -19 19 -21
leaf_value=0 0 -1.0971782308313394e-08 0 -2.1226023248750103e-08 -2.000115301393609e-07 2.7962705511137693e-07 1.7294952935124194e-09 0 0 0 4.3729013766428664e-07 2.6909233753877594e-07 2.307795193525262e-07 2.0669631838269682e-07 0 0 5.63536023667332e-08 -3.7765952635325206e-07 8.135023634949071e-08 0
leaf_weight=471 17228 256040 3816 23635 135771 21963 14084 10193 5274 32180 38769 17421 12111 15695 5966 9046 47312 24830 2884 3998
leaf_count=471 17228 256040 3816 23635 135771 21963 14084 10193 5274 32180 38769 17421 12111 15695 5966 9046 47312 24830 2884 3998
internal_value=3.0237e-10 -6.61096e-08 -4.53159e-08 -6.01844e-08 -8.15827e-08 7.98235e-08 1.69734e-07 2.34523e-07 -3.15498e-07 2.65058e-07 3.59065e-07 1.24565e-07 5.60279e-08 1.31455e-07 1.57209e-07 8.74544e-11 3.00811e-08 -3.72742e-07 0 2.62877e-08
internal_weight=698687 493461 462886 437409 391811 45598 205226 119529 30575 102454 52853 49601 85697 25477 21661 73586 56358 25301 17075 6882
internal_count=698687 493461 462886 437409 391811 45598 205226 119529 30575 102454 52853 49601 85697 25477 21661 73586 56358 25301 17075 6882
is_linear=0
shrinkage=0.02


Tree=142
num_leaves=26
num_cat=0
split_feature=4 2 2 4 4 2 2 2 2 2 0 2 0 0 2 4 0 0 2 2 4 4 4 3 3
split_gain=1.47341e-06 4.53605e-06 3.75901e-06 2.49949e-06 2.79372e-06 3.58416e-06 2.3532e-06 3.92206e-06 1.7786e-06 3.02795e-06 1.64642e-06 1.2807e-06 1.11627e-06 1.04656e-06 7.66618e-07 5.7454e-07 3.03952e-07 2.4334e-07 1.95283e-07 5.52906e-06 1.64912e-06 1.89416e-07 1.56278e-07 1.27247e-07 1.23243e-07
threshold=-0.046104146167635911 0.35543212294578558 0.19841020554304126 0.98864674568176281 0.046626728028059013 0.38847307860851293 0.34416165947914129 0.24565702676773074 0.34017753601074224 0.31830170750617987 -0.800277680158615 0.22986409813165667 -0.82767733931541432 1.2316147685050967 0.20733901858329776 -0.21025709807872769 1.2086292505264284 -0.75925898551940907 0.38251720368862158 0.38169445097446447 1.6552135944366457 -0.030255105346441265 -0.645799160003662 0.019835521467030052 -1.5524864196777342
decision_type=2 2 2 2 2 2 2 2 2 2 2 2 2 2 2 2 2 2 2 2 2 2 2 2 2
left_child=6 2 16 4 -3 -6 7 11 9 -4 -8 14 23 -14 -1 -13 21 -10 19 -5 -20 -2 -12 -9 -24
right_child=1 3 8 18 5 -7 10 12 17 -11 22 15 13 -15 -16 -17 -18 -19 20 -21 -22 -23 24 -25 -26
leaf_value=4.4801166446822815e-08 0 0 9.6537984674268821e-08 0 -7.774560816888793e-07 0 0 0 0 -1.5704622240056567e-07 0 1.4275896706688072e-07 -1.2656722862655364e-07 0 -5.4199228037143203e-08 0 0 8.2412476566549973e-07 0 1.1362110183594873e-06 -4.6654771345837958e-07 -2.3478661384710777e-07 0 7.8550917553484246e-08 3.2837837499204945e-07
leaf_weight=47159 894 1627 234728 4267 7645 1289 2340 11411 2180 14912 393 41620 175929 13841 72166 20203 1111 2229 1310 1734 3265 14563 603 8249 13019
leaf_count=47159 894 1627 234728 4267 7645 1289 2340 11411 2180 14912 393 41620 175929 13841 72166 20203 1111 2229 1310 1734 3265 14563 603 8249 13019
internal_value=3.91025e-10 3.73415e-08 6.52225e-08 -2.24997e-07 -4.42704e-07 -5.97293e-07 -2.11861e-08 -3.54351e-08 8.98153e-08 7.33788e-08 1.9681e-07 2.42046e-08 -9.65707e-08 -1.1245e-07 0 1.00014e-07 -1.91161e-07 5.6683e-07 0 6.7147e-08 -1.05638e-07 -2.16875e-07 3.0363e-07 0 3.15341e-07
internal_weight=698687 291754 270617 21137 10561 8934 406933 390578 254049 249640 16355 181148 209430 189770 119325 61823 16568 4409 10576 6001 4575 15457 14015 19660 13622
internal_count=698687 291754 270617 21137 10561 8934 406933 390578 254049 249640 16355 181148 209430 189770 119325 61823 16568 4409 10576 6001 4575 15457 14015 19660 13622
is_linear=0
shrinkage=0.02


Tree=143
num_leaves=31
num_cat=0
split_feature=1 5 1 4 4 4 4 1 1 4 1 1 1 1 4 4 5 4 1 1 4 1 0 0 5 5 1 0 5 5
split_gain=1.95156e-05 6.54383e-06 5.11693e-06 5.69146e-06 3.28149e-06 2.18532e-06 1.52311e-06 1.09346e-06 1.48985e-06 1.00999e-06 8.95904e-07 8.7813e-07 1.37422e-06 1.16273e-06 3.4792e-07 6.19213e-07 3.12955e-07 2.86248e-07 2.80225e-07 1.84316e-06 4.67988e-07 2.1877e-07 1.18406e-07 6.22351e-07 8.51371e-08 2.27127e-07 7.02901e-08 6.62471e-08 5.56368e-08 2.68223e-08
threshold=-0.004604408983141183 1.1172599792480471 -0.0073362695984542361 -0.45045319199562067 1.3905907869338991 -0.13262820988893506 1.197090804576874 -0.0070691171567887059 -0.4755482673645019 -0.45045319199562067 0.28815434873104101 0.010153800249099733 -0.0027240018825978036 0.28815434873104101 0.27219337224960333 -0.23360067605972287 1.7745229601860049 -0.46861021220684046 -0.0054909517057240001 -0.0059062461368739596 1.9138938784599306 -0.0053387673106044522 -0.82025796175003041 -0.80501374602317799 0.66410374641418468 -1.5292184352874754 0.010153800249099733 -0.76371872425079335 2.4006228446960454 -1.9065061211585996
decision_type=2 2 2 2 2 2 2 2 2 2 2 2 2 2 2 2 2 2 2 2 2 2 2 2 2 2 2 2 2 2
left_child=1 2 3 17 -5 10 11 8 28 -10 22 12 -7 -13 15 -9 29 -1 19 -4 -20 -16 26 -24 25 -8 -2 -26 -3 -12
right_child=5 7 18 4 -6 6 24 14 9 -11 16 13 -14 -15 21 -17 -18 -19 20 -21 -22 -23 23 -25 27 -27 -28 -29 -30 -31
leaf_value=0 6.7771978354544426e-08 -9.520546982056132e-08 0 -2.2419545081113648e-07 0 1.2425866272795854e-09 0 -4.1238508933407555e-08 0 1.5933104671932274e-07 0 0 4.2816848358312697e-07 2.6311556522920997e-07 -1.4891306239905979e-07 1.1815752798444756e-07 0 8.8963258346631105e-08 -1.0793671346616383e-07 2.5941120719987664e-07 0 0 -1.310741001580854e-07 2.0529045543985525e-08 -6.7726500480757909e-08 1.5286687484237004e-07 0 0 0 2.8550908033383593e-07
leaf_weight=42784 16434 5341 60039 200194 12019 14084 2124 14078 17888 66157 308 32180 38769 17421 10222 16026 2490 14467 18294 12236 1017 2221 13649 34271 5777 5345 9232 3829 478 9313
leaf_count=42784 16434 5341 60039 200194 12019 14084 2124 14078 17888 66157 308 32180 38769 17421 10222 16026 2490 14467 18294 12236 1017 2221 13649 34271 5777 5345 9232 3829 478 9313
internal_value=3.89918e-10 -6.48821e-08 -1.10725e-07 -1.54993e-07 -2.03056e-07 1.6708e-07 2.30276e-07 4.50164e-08 8.86178e-08 1.23192e-07 5.55971e-08 2.60406e-07 3.52244e-07 1.22223e-07 -6.79196e-11 0 2.2685e-07 0 0 3.45256e-08 -3.66485e-08 -1.05756e-07 2.32422e-10 0 0 6.75235e-08 4.29591e-08 0 -6.70455e-08 2.7891e-07
internal_weight=698687 493461 361050 269464 212213 205226 119529 132411 89864 84045 85697 102454 52853 49601 42547 30104 12111 57251 91586 72275 19311 12443 73586 47920 17075 7469 25666 9606 5819 9621
internal_count=698687 493461 361050 269464 212213 205226 119529 132411 89864 84045 85697 102454 52853 49601 42547 30104 12111 57251 91586 72275 19311 12443 73586 47920 17075 7469 25666 9606 5819 9621
is_linear=0
shrinkage=0.02


Tree=144
num_leaves=18
num_cat=0
split_feature=1 1 2 1 1 2 1 1 3 0 0 1 0 2 2 3 2
split_gain=1.89027e-05 4.3462e-06 3.75967e-06 4.44974e-06 1.04479e-05 2.82225e-06 7.57308e-06 5.01349e-06 1.1967e-06 9.56739e-07 1.73297e-06 1.98847e-06 1.68482e-06 1.20987e-06 8.77031e-07 2.51057e-07 1.18701e-07
threshold=-0.004604408983141183 -0.32320049405097956 0.27682664990425115 -0.019502669572830197 -0.010131907183676956 0.2229886129498482 -0.016625771299004551 -0.0067127428483217946 0.019835521467030052 1.2162267565727236 -0.76371872425079335 -0.0027240018825978036 -0.82179114222526539 0.276648759841919 0.18808144330978396 -1.5946172475814817 0.33400228619575506
decision_type=2 2 2 2 2 2 2 2 2 2 2 2 2 2 2 2 2
left_child=1 16 5 8 -5 7 -7 -3 -4 10 12 -12 14 -14 -2 -13 -1
right_child=9 2 3 4 -6 6 -8 -9 -10 -11 11 15 13 -15 -16 -17 -18
leaf_value=-3.2049617695460872e-07 0 -1.8493434891501626e-07 -5.0074444663167285e-08 -6.4545103467358489e-07 -6.2965387166329077e-08 -9.2382041798249067e-08 1.3845674447283471e-07 6.1932890177419151e-08 1.5935872316072444e-07 0 0 0 -7.5157017297466693e-08 1.0427893709178857e-07 1.9383859579867211e-07 3.5566515458983209e-07 0
leaf_weight=28382 1173 80326 21463 19380 62967 93061 128968 39991 16730 22596 9308 451 24267 31899 68040 47492 2193
leaf_count=28382 1173 80326 21463 19380 62967 93061 128968 39991 16730 22596 9308 451 24267 31899 68040 47492 2193
internal_value=6.26327e-10 -6.35619e-08 -4.32099e-08 -1.40056e-07 -2.24339e-07 -3.26851e-09 3.26954e-08 -8.62578e-08 0 1.64711e-07 1.80504e-07 2.98811e-07 1.10531e-07 0 1.78516e-07 3.51017e-07 -3.06264e-07
internal_weight=698687 493461 462886 120540 82347 342346 222029 120317 38193 205226 182630 57251 125379 56166 69213 47943 30575
internal_count=698687 493461 462886 120540 82347 342346 222029 120317 38193 205226 182630 57251 125379 56166 69213 47943 30575
is_linear=0
shrinkage=0.02


Tree=145
num_leaves=23
num_cat=0
split_feature=5 5 2 4 2 4 4 5 2 2 2 2 0 4 5 2 2 2 2 4 0 5
split_gain=8.26608e-06 3.99712e-06 2.03686e-06 3.25944e-06 2.68081e-06 1.83284e-06 1.71327e-06 1.9394e-06 1.72976e-06 1.56453e-06 1.41544e-06 1.14143e-06 1.05084e-06 1.01174e-06 9.76633e-07 7.38786e-07 6.29246e-07 2.28431e-07 4.91656e-07 2.46527e-07 2.27993e-09 1.068e-10
threshold=-1.8409551382064817 2.2191196680068974 0.19769876450300219 -0.1019337736070156 0.31525824964046484 -0.055623149499297135 0.2967591285705567 -2.9997932910919185 0.19715227186679843 0.34207031130790716 0.35104535520076757 0.34207031130790716 -0.83550119400024403 -0.48366990685462946 1.702020049095154 0.21137990057468417 0.19715227186679843 0.22291945666074756 0.20733901858329776 0.7047223448753358 -0.77294790744781483 -1.1702011227607725
decision_type=2 2 2 2 2 2 2 2 2 2 2 2 2 2 2 2 2 2 2 2 2 2
left_child=6 2 5 9 -5 21 8 15 -1 -4 17 16 -10 -14 -7 -8 -9 18 -3 -19 -13 -2
right_child=1 10 3 4 -6 14 7 11 12 -11 -12 20 13 -15 -16 -17 -18 19 -20 -21 -22 -23
leaf_value=0 0 1.9315676035349053e-07 -2.7570443466888591e-08 1.1323367443960061e-07 -3.3700320185678933e-08 -3.9558279937071248e-07 0 0 0 1.8249120321303716e-07 0 0 0 -3.0639718928842918e-07 0 -6.4045992414596892e-07 2.2069190599384856e-07 3.5371731959422298e-07 0 0 -2.3993832163479535e-08 2.0394199011254329e-09
leaf_weight=2241 2993 5271 295837 207220 40515 10823 730 594 1696 13379 2410 301 1384 52225 1222 2499 15490 22757 4006 4470 1584 10271
leaf_count=2241 2993 5271 295837 207220 40515 10823 730 594 1696 13379 2410 301 1384 52225 1222 2499 15490 22757 4006 4470 1584 10271
internal_value=4.32101e-09 3.15646e-08 1.47466e-08 2.58266e-08 8.11307e-08 -1.50055e-07 -1.85192e-07 0 -2.42566e-07 -1.20136e-08 2.31812e-07 5.06907e-08 -2.71539e-07 -2.89666e-07 -3.28903e-07 -4.75333e-07 1.76797e-07 2.69804e-07 0 3.17731e-07 0 0
internal_weight=699918 621174 582260 556951 247735 25309 78744 21198 57546 309216 38914 17969 55305 53609 12045 3229 16084 36504 9277 27227 1885 13264
internal_count=699918 621174 582260 556951 247735 25309 78744 21198 57546 309216 38914 17969 55305 53609 12045 3229 16084 36504 9277 27227 1885 13264
is_linear=0
shrinkage=0.02


Tree=146
num_leaves=27
num_cat=0
split_feature=1 2 1 0 1 1 0 1 1 1 2 2 2 2 3 1 2 3 0 0 0 0 0 0 2 0
split_gain=1.80712e-05 5.05869e-06 8.06796e-06 7.18163e-06 6.03909e-06 6.19799e-06 5.00991e-06 1.88017e-06 1.94278e-06 2.53481e-06 3.74462e-06 1.71724e-06 1.62081e-06 1.22801e-06 1.20446e-06 1.1929e-06 1.1518e-06 1.0638e-06 1.01735e-06 6.47946e-07 4.61299e-07 1.53422e-08 7.76984e-08 4.46387e-08 1.48863e-08 1.27135e-09
threshold=-0.0059062461368739596 0.28929464519023901 -0.045517876744270318 -0.83550119400024403 -0.021067881956696507 -0.0088331205770373327 -0.82164779305458058 0.54579138755798351 0.036303956061601646 -0.0012107486836612222 0.28651750087738043 0.3372232466936112 0.2490995451807976 0.21978401392698291 0.05360574088990689 -0.0061261767987161866 0.31525824964046484 0.049615744501352317 1.2119465470314028 1.2293903827667239 -0.73982456326484669 -0.76371872425079335 1.2162267565727236 -0.83994200825691212 0.18808144330978396 1.2101288437843325
decision_type=2 2 2 2 2 2 2 2 2 2 2 2 2 2 2 2 2 2 2 2 2 2 2 2 2 2
left_child=1 2 13 17 14 11 -5 8 9 12 -11 -6 -2 25 20 -7 24 -4 -16 -15 -3 23 -23 -10 -9 -1
right_child=7 4 3 6 5 15 -8 16 21 10 -12 -13 -14 19 18 -17 -18 -19 -20 -21 -22 22 -24 -25 -26 -27
leaf_value=-6.1389035135504785e-09 2.0703397778753798e-07 -1.459084195456011e-07 5.6567945210406545e-07 -1.5461254790917907e-07 -8.2066900894804052e-07 0 3.3253576859833162e-08 0 0 9.1137279426616135e-08 4.3747778723423912e-07 0 0 -3.1534068356389578e-07 3.2861779489330475e-07 -2.5531870414707133e-07 0 0 0 0 0 5.2014459754778978e-08 0 -2.6623694481586497e-08 4.1795400057930496e-07 0
leaf_weight=13494 18475 20129 10271 74447 13776 13702 218430 277 903 61426 28735 4128 74470 44033 5970 8658 2559 565 3292 4788 4754 12746 6435 29044 19622 4789
leaf_count=13494 18475 20129 10271 74447 13776 13702 218430 277 903 61426 28735 4128 74470 44033 5970 8658 2559 565 3292 4788 4754 12746 6435 29044 19622 4789
internal_value=4.12185e-09 -6.97656e-08 -3.31223e-08 4.35027e-09 -2.25499e-07 -3.92385e-07 -7.67173e-09 1.41137e-07 1.11059e-07 1.41023e-07 2.23702e-07 -6.92712e-07 3.93029e-08 -2.32528e-07 0 -6.24625e-08 3.63107e-07 5.13848e-07 1.60223e-07 -2.9048e-07 -9.90274e-08 0 1.33241e-08 -9.55061e-09 4.14674e-07 0
internal_weight=699918 445226 370817 303713 74409 40264 292877 254692 232234 183106 90161 17904 92945 67104 34145 22360 22458 10836 9262 48821 24883 49128 19181 29947 19899 18283
internal_count=699918 445226 370817 303713 74409 40264 292877 254692 232234 183106 90161 17904 92945 67104 34145 22360 22458 10836 9262 48821 24883 49128 19181 29947 19899 18283
is_linear=0
shrinkage=0.02


Tree=147
num_leaves=23
num_cat=0
split_feature=5 5 2 4 2 4 4 5 2 2 2 2 5 4 2 2 3 2 2 4 5 5
split_gain=7.82939e-06 3.78927e-06 1.94452e-06 3.12698e-06 2.58666e-06 1.75668e-06 1.59317e-06 1.83755e-06 1.67515e-06 1.50391e-06 1.37781e-06 1.10831e-06 9.48081e-07 8.80547e-07 7.08374e-07 6.17356e-07 4.45187e-07 2.21747e-07 4.6609e-07 2.22315e-07 9.25534e-11 9.22108e-11
threshold=-1.8409551382064817 2.2191196680068974 0.19769876450300219 -0.1019337736070156 0.31525824964046484 -0.055623149499297135 0.2967591285705567 -2.9997932910919185 0.19715227186679843 0.34416165947914129 0.35104535520076757 0.34207031130790716 1.702020049095154 -0.48366990685462946 0.21137990057468417 0.19715227186679843 1.5666375756263735 0.22291945666074756 0.20733901858329776 0.7047223448753358 -1.1702011227607725 -2.6566073894500728
decision_type=2 2 2 2 2 2 2 2 2 2 2 2 2 2 2 2 2 2 2 2 2 2
left_child=6 2 5 9 -5 20 8 14 -1 -4 17 15 -7 -10 -8 -9 -15 18 -3 -19 -2 -13
right_child=1 10 3 4 -6 12 7 11 13 -11 -12 21 -14 16 -16 -17 -18 19 -20 -21 -22 -23
leaf_value=0 0 1.8806771287099773e-07 -2.6942336335547905e-08 1.108664941230844e-07 -3.30035695504894e-08 -3.8768969870709338e-07 0 0 0 1.8594279995342841e-07 0 0 0 -2.9362786458278725e-07 -6.2524575533371788e-07 2.1733322808634835e-07 0 3.451042455441601e-07 0 0 1.8985310864838936e-09 -4.6826865930616353e-09
leaf_weight=2241 2993 5271 296779 207220 40515 10823 730 594 1465 12437 2410 203 1222 51014 2499 15490 2826 22757 4006 4470 10271 1682
leaf_count=2241 2993 5271 296779 207220 40515 10823 730 594 1465 12437 2410 203 1222 51014 2499 15490 2826 22757 4006 4470 10271 1682
internal_value=4.03073e-09 3.06212e-08 1.41515e-08 2.5053e-08 7.92646e-08 -1.46723e-07 -1.8033e-07 0 -2.35737e-07 -1.19118e-08 2.25657e-07 4.79933e-08 -3.21823e-07 -2.64461e-07 -4.63471e-07 1.73598e-07 -2.79972e-07 2.63402e-07 0 3.10287e-07 0 0
internal_weight=699918 621174 582260 556951 247735 25309 78744 21198 57546 309216 38914 17969 12045 55305 3229 16084 53840 36504 9277 27227 13264 1885
internal_count=699918 621174 582260 556951 247735 25309 78744 21198 57546 309216 38914 17969 12045 55305 3229 16084 53840 36504 9277 27227 13264 1885
is_linear=0
shrinkage=0.02


Tree=148
num_leaves=28
num_cat=0
split_feature=1 5 4 4 5 5 4 3 3 4 5 1 1 3 1 3 3 1 1 1 5 1 1 5 1 5 5
split_gain=1.73455e-05 7.30679e-06 5.40878e-06 3.59558e-06 3.70886e-06 5.66303e-06 3.49855e-06 3.59005e-06 1.92665e-06 1.46118e-06 1.36922e-06 6.30523e-07 6.13766e-07 4.23017e-07 2.36977e-07 1.98061e-07 4.99169e-07 1.90444e-07 1.69752e-07 1.69253e-07 1.08391e-07 1.06387e-07 3.59968e-08 3.5495e-07 4.37921e-08 2.2333e-08 5.77876e-10
threshold=-0.0059062461368739596 0.99326771497726452 -0.45045319199562067 -0.32000666856765742 0.68347594141960155 -1.7966986894607542 1.3905907869338991 -0.015089721418917177 -0.014311873354017733 -0.15640587359666822 2.1655551195144658 -0.4755482673645019 -0.0062844837084412566 -0.018717817962169644 -0.4755482673645019 0.019835521467030052 -0.022610324434936043 -0.0053387673106044522 -0.0030996017158031459 -0.006835649022832512 0.48133535683155065 -0.0062610872555524102 0.24620272219181064 1.1466934084892275 -0.0055666223634034387 1.8055209517478945 -1.7152880430221555
decision_type=2 2 2 2 2 2 2 2 2 2 2 2 2 2 2 2 2 2 2 2 2 2 2 2 2 2 2
left_child=1 2 13 22 5 -5 7 -4 -7 15 18 -11 -13 20 -15 16 -3 -12 -6 -17 -1 -8 23 24 -2 26 -24
right_child=3 9 6 4 10 8 21 -9 -10 11 17 12 -14 14 -16 19 -18 -19 -20 -21 -22 -23 25 -25 -26 -27 -28
leaf_value=-5.5404700363406333e-08 0 0 -3.0745017983947807e-08 0 0 6.7628096066479759e-11 6.5724183281158878e-08 -2.4157246889137757e-07 4.0206447367056858e-07 0 0 1.5824636975114489e-07 0 0 7.7138955053970023e-08 6.8644882401869077e-08 -9.4994584713476072e-08 2.2591110075002079e-07 3.3939436862159398e-08 0 0 0 0 0 -8.5964695815610415e-08 0 5.1909972375295851e-08
leaf_weight=14261 2084 15751 69335 15519 22699 16328 13803 164963 63870 3993 1394 54876 6107 1341 46013 16138 29981 21825 59893 2094 4572 1998 203 21810 22763 796 5508
leaf_count=14261 2084 15751 69335 15519 22699 16328 13803 164963 63870 3993 1394 54876 6107 1341 46013 16138 29981 21825 59893 2094 4572 1998 203 21810 22763 796 5508
internal_value=3.81818e-09 -6.85141e-08 -1.22169e-07 1.38115e-07 1.76761e-07 2.75958e-07 -1.65786e-07 -1.87719e-07 3.45158e-07 4.75893e-08 6.81259e-08 1.16144e-07 1.36045e-07 1.24264e-08 6.14831e-08 0 -3.9369e-08 2.11402e-07 3.63118e-09 2.13922e-08 -4.72632e-09 3.28681e-08 0 -1.36715e-08 -7.78789e-08 2.95397e-08 5.05805e-08
internal_weight=699918 445226 316286 254692 201528 95717 250099 234298 80198 128940 105811 64976 60983 66187 47354 63964 45732 23219 82592 18232 18833 15801 53164 46657 24847 6507 5711
internal_count=699918 445226 316286 254692 201528 95717 250099 234298 80198 128940 105811 64976 60983 66187 47354 63964 45732 23219 82592 18232 18833 15801 53164 46657 24847 6507 5711
is_linear=0
shrinkage=0.02


Tree=149
num_leaves=26
num_cat=0
split_feature=1 2 1 2 1 1 1 4 4 4 4 4 2 3 1 1 1 1 3 3 2 3 1 1 1
split_gain=1.67085e-05 4.85434e-06 7.73593e-06 5.86579e-06 5.83198e-06 5.81147e-06 5.88874e-06 3.44787e-06 3.28832e-06 2.63247e-06 2.04622e-06 1.36276e-06 1.16247e-06 1.12226e-06 7.11728e-07 1.81903e-06 1.73879e-06 3.27277e-06 1.02888e-06 8.56546e-07 5.74095e-07 4.23454e-07 3.91072e-07 3.25715e-08 7.34953e-09
threshold=-0.0059062461368739596 0.28929464519023901 -0.045517876744270318 0.2229886129498482 -0.0072754085995256892 -0.021067881956696507 -0.0088331205770373327 -0.32000666856765742 1.3905907869338991 0.14801909029483798 1.141527056694031 0.20245481282472613 0.21978401392698291 0.05360574088990689 -0.0012107486836612222 -0.0049823408480733624 0.010153800249099733 0.28815434873104101 1.5562921166419985 1.525096654891968 0.24737173318862918 -0.014789561741054056 -0.081132266670465455 0.24620272219181064 -0.003843197249807417
decision_type=2 2 2 2 2 2 2 2 2 2 2 2 2 2 2 2 2 2 2 2 2 2 2 2 2
left_child=1 2 10 4 -4 13 8 23 -7 -5 12 -8 -1 21 15 19 18 -18 -16 -9 -17 -3 -15 24 -2
right_child=7 5 3 9 -6 6 11 14 -10 -11 -12 -13 -14 22 16 20 17 -19 -20 -21 -22 -23 -24 -25 -26
leaf_value=0 -2.6355165212442106e-08 0 -2.6668952600624257e-07 3.1030430842240109e-08 6.5634157896325911e-10 -7.5688199999476548e-07 0 2.5574689258730385e-07 0 2.6129459030945682e-07 0 -2.4816196949540222e-07 -3.2310211133638236e-07 0 3.5085522501180181e-07 1.2779378896285934e-07 0 2.895318080415095e-07 0 0 -4.1814271306413127e-08 -1.3945878367031814e-07 2.4440954844394871e-07 2.8660877168797816e-08 0
leaf_weight=16845 15294 4704 50085 169938 54172 16592 12244 21778 1312 29518 4972 10116 45287 2863 49672 10215 51442 27437 1604 3455 35925 20179 6399 6507 31363
leaf_count=16845 15294 4704 50085 169938 54172 16592 12244 21778 1312 29518 4972 10116 45287 2863 49672 10215 51442 27437 1604 3455 35925 20179 6399 6507 31363
internal_value=3.82957e-09 -6.71048e-08 -3.11157e-08 5.48069e-09 -1.08593e-07 -2.19578e-07 -3.83191e-07 1.35682e-07 -6.76332e-07 7.51352e-08 -2.26555e-07 -5.90206e-08 -2.61931e-07 0 1.73521e-07 7.04458e-08 2.14679e-07 1.12082e-07 3.335e-07 2.07057e-07 0 -9.46836e-08 1.56147e-07 0 -1.28327e-08
internal_weight=699918 445226 370817 303713 104257 74409 40264 254692 17904 199456 67104 22360 62132 34145 201528 71373 130155 78879 51276 25233 46140 24883 9262 53164 46657
internal_count=699918 445226 370817 303713 104257 74409 40264 254692 17904 199456 67104 22360 62132 34145 201528 71373 130155 78879 51276 25233 46140 24883 9262 53164 46657
is_linear=0
shrinkage=0.02


Tree=150
num_leaves=30
num_cat=0
split_feature=1 5 4 1 4 4 5 4 5 5 4 0 5 0 1 1 1 5 4 5 0 4 5 1 0 5 1 0 1
split_gain=1.68513e-05 7.27018e-06 4.52652e-06 4.06146e-06 3.50687e-06 3.35774e-06 3.15126e-06 3.90529e-06 3.60456e-06 1.48795e-06 1.44435e-06 8.43317e-07 7.16657e-07 7.14992e-07 5.98851e-07 5.27209e-07 4.02126e-07 3.67043e-07 1.57811e-07 1.49552e-07 3.654e-07 1.3476e-07 8.27832e-08 7.61006e-08 3.6863e-08 2.12899e-08 1.40136e-08 5.17724e-08 3.44733e-08
threshold=-0.0059062461368739596 1.1017863750457766 -0.45045319199562067 -0.0099295680411159975 -0.21400392800569532 1.3905907869338991 0.68347594141960155 0.12807027995586398 -1.4199540615081785 1.1760298609733584 -0.15640587359666822 -0.76158341765403736 -0.93507561087608326 1.2147662043571474 -1.1745486259460447 0.28815434873104101 -0.0061261767987161866 1.7902358174324038 -0.46861021220684046 1.5261341333389284 -0.800277680158615 -0.63389638066291798 1.8055209517478945 -0.0120183820836246 -0.81052660942077626 -1.8184449076652525 -0.0070691171567887059 1.2162267565727236 -0.013139832764863966
decision_type=2 2 2 2 2 2 2 2 2 2 2 2 2 2 2 2 2 2 2 2 2 2 2 2 2 2 2 2 2
left_child=1 2 18 5 15 -4 8 9 24 -8 26 -9 -5 -10 -12 19 -16 25 21 20 -2 -1 -21 -20 -6 -17 28 -28 -3
right_child=4 10 3 12 6 -7 7 11 13 -11 14 -13 -14 -15 16 17 -18 -19 23 22 -22 -23 -24 -25 -26 -27 27 -29 -30
leaf_value=2.2963712095259447e-08 -8.651767601311261e-08 0 -2.3220930960409344e-07 -8.9865449252533905e-08 3.6889996313406823e-08 0 0 -1.2855735129140533e-07 3.9933324143337882e-07 2.5846763853106051e-07 0 0 2.8009014243184913e-08 0 1.5315759088500538e-07 0 0 0 8.2565356035695629e-08 5.6642964787100656e-08 0 -3.1926266915392155e-08 0 0 0 2.2465577093529212e-07 -5.1686398187912239e-08 0 3.0788111077204389e-08
leaf_weight=6438 27321 31762 178859 31937 10835 10818 10489 24267 52993 37344 1621 15717 36641 9096 55417 227 2971 1643 13725 10780 21728 49553 12990 837 11911 7256 9850 573 14547
leaf_count=6438 27321 31762 178859 31937 10835 10818 10489 24267 52993 37344 1621 15717 36641 9096 55417 227 2971 1643 13725 10780 21728 49553 12990 837 11911 7256 9850 573 14547
internal_value=0 -7.15309e-08 -1.21651e-07 -1.60788e-07 1.32367e-07 -2.09201e-07 1.84287e-07 6.7594e-08 2.81506e-07 1.99282e-07 5.25026e-08 -3.99251e-08 0 3.62628e-07 1.22434e-07 0 1.39674e-07 1.52012e-07 0 0 -3.449e-08 0 7.87429e-09 6.58394e-08 0 2.18635e-07 0 -2.31903e-08 0
internal_weight=700146 445549 328808 258255 254597 189677 172652 87817 84835 47833 116741 39984 68578 62089 60009 81945 58388 9126 70553 72819 49049 55991 23770 14562 22746 7483 56732 10423 46309
internal_count=700146 445549 328808 258255 254597 189677 172652 87817 84835 47833 116741 39984 68578 62089 60009 81945 58388 9126 70553 72819 49049 55991 23770 14562 22746 7483 56732 10423 46309
is_linear=0
shrinkage=0.02


Tree=151
num_leaves=25
num_cat=0
split_feature=1 2 1 2 1 3 4 4 2 4 4 4 3 2 2 2 1 2 2 2 4 4 2 3
split_gain=1.62348e-05 3.99385e-06 7.43185e-06 6.51007e-06 5.8513e-06 5.61279e-06 3.36088e-06 2.96019e-06 3.99811e-06 2.3384e-06 2.03158e-06 1.16485e-06 1.02246e-06 9.75195e-07 6.01761e-07 5.81841e-07 5.02721e-07 3.77034e-07 3.30357e-07 7.57639e-07 3.58691e-07 3.158e-07 1.80991e-07 1.16365e-08
threshold=-0.0059062461368739596 0.28929464519023901 -0.045517876744270318 0.2229886129498482 -0.0072754085995256892 0.033326631411910064 -0.21400392800569532 1.3905907869338991 0.38847307860851293 -0.046104146167635911 1.141527056694031 -0.45475889742374415 0.16808518767356875 0.29508076608181005 0.38618315756320959 0.38251720368862158 0.28815434873104101 0.19769876450300219 0.31554193794727331 0.22861430048942569 -0.60703358054161061 -0.098992612212896333 0.3085837215185166 1.6045107245445254
decision_type=2 2 2 2 2 2 2 2 2 2 2 2 2 2 2 2 2 2 2 2 2 2 2 2
left_child=1 2 10 4 -4 7 16 8 -3 -5 11 -1 13 -7 17 -9 18 -8 19 -2 -20 -19 -18 -14
right_child=6 5 3 9 -6 12 14 15 -10 -11 -12 -13 23 -15 -16 -17 22 21 20 -21 -22 -23 -24 -25
leaf_value=0 0 -4.1177760599262499e-07 -2.7800304459789266e-07 1.0539963767323097e-08 0 0 0 1.4781518572194528e-07 0 1.7877835485874646e-07 0 -3.024996058848524e-07 -2.9468241467573215e-08 3.6570769402585516e-07 0 -2.1500530677133143e-07 1.8817879037783227e-07 4.1482285399369651e-08 0 -9.2430338379755916e-08 1.4004273609679501e-07 2.1887860635741906e-07 0 0
leaf_weight=10202 15822 48946 50420 138040 54071 1327 7628 6016 2216 61568 4918 51846 5360 6077 1972 2191 7723 35407 2034 45106 9857 127645 1403 2351
leaf_count=10202 15822 48946 50420 138040 54071 1327 7628 6016 2216 61568 4918 51846 5360 6077 1972 2191 7723 35407 2034 45106 9857 127645 1403 2351
internal_value=0 -6.99486e-08 -3.64469e-08 0 -1.22039e-07 -2.09996e-07 1.3017e-07 -3.04812e-07 -3.61881e-07 7.24519e-08 -2.27492e-07 -2.62586e-07 3.01099e-08 2.38931e-07 1.81033e-07 0 0 1.85908e-07 0 -3.67534e-08 6.47412e-08 1.92623e-07 1.4844e-07 0
internal_weight=700146 445549 371065 304099 104491 74484 254597 59369 51162 199608 66966 62048 15115 7404 172652 8207 81945 170680 72819 60928 11891 163052 9126 7711
internal_count=700146 445549 371065 304099 104491 74484 254597 59369 51162 199608 66966 62048 15115 7404 172652 8207 81945 170680 72819 60928 11891 163052 9126 7711
is_linear=0
shrinkage=0.02


Tree=152
num_leaves=25
num_cat=0
split_feature=4 2 2 4 2 2 3 2 2 4 0 2 2 2 4 2 4 4 2 4 0 2 4 3
split_gain=1.29808e-06 3.47189e-06 2.89007e-06 2.56252e-06 2.29689e-06 2.98921e-06 2.07694e-06 1.61361e-06 1.5319e-06 1.2373e-06 1.11877e-06 1.03813e-06 1.00131e-06 9.50644e-07 8.53317e-07 8.16805e-07 6.57705e-07 6.53401e-07 5.40739e-07 5.19296e-07 4.66484e-07 4.47913e-07 2.47473e-07 3.70702e-09
threshold=-0.1019337736070156 0.38251720368862158 0.23817130178213122 1.3905907869338991 0.24565702676773074 0.36034122109413153 0.019835521467030052 0.27682664990425115 0.38847307860851293 0.046626728028059013 1.1758224964141848 0.19769876450300219 0.22986409813165667 0.27183881402015692 -0.32528607547283167 0.21337385475635531 -0.21025709807872769 -0.46861021220684046 0.23335106670856479 -0.030255105346441265 1.235261917114258 0.20733901858329776 -0.645799160003662 -1.5825695395469663
decision_type=2 2 2 2 2 2 2 2 2 2 2 2 2 2 2 2 2 2 2 2 2 2 2 2
left_child=4 2 11 7 12 6 20 -4 9 -3 -8 19 14 -5 21 -16 17 -14 -13 -2 -6 -1 -7 -24
right_child=1 8 3 13 5 22 10 -9 -10 -11 -12 18 16 -15 15 -17 -18 -19 -20 -21 -22 -23 23 -25
leaf_value=0 0 0 1.1019706217865257e-07 0 -1.4380104376392861e-07 0 1.5578036780261191e-07 0 0 -6.9611551939840021e-07 -4.8972481409783927e-08 1.9625554127704732e-08 0 3.8186620712652626e-07 1.0912672425873652e-07 0 0 1.803182340326029e-07 -1.444136377273471e-07 -2.1660618156336418e-07 0 -1.1990622724508008e-07 0 2.268796063906823e-07
leaf_weight=18510 4412 383 94333 8582 136291 272 15353 88317 3475 4361 31241 99476 10100 18706 34515 19619 14014 31275 8534 14073 3632 30338 221 10113
leaf_count=18510 4412 383 94333 8582 136291 272 15353 88317 3475 4361 31241 99476 10100 18706 34515 19619 14014 31275 8534 14073 3632 30338 221 10113
internal_value=1.60133e-10 3.05044e-08 4.57396e-08 9.31744e-08 -2.36327e-08 -7.21225e-08 -9.82636e-08 5.23251e-08 -3.49786e-07 -5.84065e-07 0 -1.71748e-08 2.40936e-08 2.93303e-07 0 3.94633e-08 9.42914e-08 1.35132e-07 0 -1.5647e-07 -1.37144e-07 -7.25371e-08 1.99019e-07 2.24121e-07
internal_weight=700146 344652 336433 209938 355494 197123 186517 182650 8219 4744 46594 126495 158371 27288 102982 54134 55389 41375 108010 18485 139923 48848 10606 10334
internal_count=700146 344652 336433 209938 355494 197123 186517 182650 8219 4744 46594 126495 158371 27288 102982 54134 55389 41375 108010 18485 139923 48848 10606 10334
is_linear=0
shrinkage=0.02


Tree=153
num_leaves=30
num_cat=0
split_feature=1 3 3 0 0 1 3 1 0 1 3 1 1 1 1 1 4 4 4 4 0 1 4 1 3 3 4 0 3
split_gain=1.57404e-05 4.2168e-06 8.17901e-06 7.13079e-06 9.87562e-06 4.7914e-06 7.91683e-06 2.91292e-06 2.90456e-06 5.53756e-06 4.40003e-06 2.63152e-06 2.81391e-06 1.3119e-06 1.21543e-06 1.21265e-06 1.16307e-06 1.19883e-06 1.04026e-06 6.75055e-07 5.35623e-07 7.10677e-07 1.00725e-06 3.18727e-07 3.15478e-07 1.59256e-06 2.01378e-07 1.22309e-07 1.97511e-08
threshold=-0.0066061720717698327 0.0078098736703395852 -0.014214442577213047 -0.74753293395042408 -0.81854501366615284 -0.016949015669524666 -1.529495060443878 -0.0012107486836612222 1.1998248696327212 -0.045517876744270318 1.5472643971443178 0.0011714734719134869 0.28815434873104101 -0.018277906812727448 0.042436886578798301 -0.013372395653277634 -0.3987483531236648 1.197090804576874 0.20245481282472613 -0.23723077774047849 -0.7417098581790923 -0.0054909517057240001 0.20245481282472613 -0.053514508530497544 1.5355476140975954 -1.5623992681503294 -0.77973544597625721 1.2925076484680178 -0.012103545013815163
decision_type=2 2 2 2 2 2 2 2 2 2 2 2 2 2 2 2 2 2 2 2 2 2 2 2 2 2 2 2 2
left_child=1 2 5 4 -4 18 -7 20 9 23 13 16 14 -10 -13 -12 -9 -18 -1 -5 21 22 -2 -3 25 -22 -11 -26 -23
right_child=7 8 3 19 -6 6 -8 11 10 26 15 12 -14 -15 -16 -17 17 -19 -20 -21 24 28 -24 -25 27 -27 -28 -29 -30
leaf_value=-1.7723332717325448e-07 1.7675986755431617e-07 0 -3.2549432231998591e-07 0 0 -6.0133689783180822e-08 3.191587690317317e-07 0 0 0 0 9.6236797296112668e-08 2.8473653161206385e-07 -4.4926863921267016e-07 -1.850650781516059e-08 1.7260291457041076e-07 4.6263245744889186e-07 0 0 -9.837904232695785e-07 3.8110564741960875e-08 2.0257358651372091e-08 0 -1.4922715115852344e-07 6.867508204334407e-08 -1.6964485896748783e-07 4.7237796606388453e-07 0 -4.1283565093088128e-09
leaf_weight=51640 32642 9192 78616 957 66181 39239 36671 2044 10073 2229 27956 65149 33150 11505 35606 18285 23618 1882 10089 6486 9301 17912 16967 5725 13095 25604 15140 921 32271
leaf_count=51640 32642 9192 78616 957 66181 39239 36671 2044 10073 2229 27956 65149 33150 11505 35606 18285 23618 1882 10089 6486 9301 17912 16967 5725 13095 25604 15140 921 32271
internal_value=1.1729e-10 -8.15543e-08 -1.21261e-07 -2.22459e-07 -1.739e-07 0 9.67501e-08 1.09256e-07 1.34472e-08 1.83133e-07 -3.78436e-08 1.71509e-07 1.12392e-07 -2.88617e-07 3.58374e-08 3.59268e-08 3.86293e-07 4.23589e-07 -1.39775e-07 -8.98401e-07 2.82225e-08 5.77402e-08 1.1152e-07 0 0 -5.69869e-08 4.35738e-07 3.02629e-08 0
internal_weight=700146 389984 289879 152240 144797 137639 75910 310162 100105 32286 67819 161449 133905 21578 100755 46241 27544 25500 61729 7443 148713 99792 49609 14917 48921 34905 17369 14016 50183
internal_count=700146 389984 289879 152240 144797 137639 75910 310162 100105 32286 67819 161449 133905 21578 100755 46241 27544 25500 61729 7443 148713 99792 49609 14917 48921 34905 17369 14016 50183
is_linear=0
shrinkage=0.02


Tree=154
num_leaves=30
num_cat=0
split_feature=1 3 3 1 0 0 0 0 1 3 1 2 1 1 2 2 2 2 2 2 1 1 2 3 3 3 3 2 0
split_gain=1.52052e-05 4.05164e-06 7.87018e-06 5.31257e-06 8.00453e-06 4.47037e-06 9.77061e-06 2.78848e-06 5.34298e-06 4.24852e-06 2.77634e-06 2.66721e-06 2.48765e-06 2.69549e-06 4.58441e-06 2.46732e-06 2.34487e-06 2.11376e-06 1.26677e-06 1.25545e-06 1.22995e-06 1.16984e-06 9.14757e-07 7.00372e-07 7.07335e-07 6.077e-07 4.48167e-07 1.66457e-07 1.20859e-07
threshold=-0.0066061720717698327 0.0078098736703395852 -0.013833564706146715 -0.016949015669524666 -0.74753293395042408 -0.74753293395042408 -0.82164779305458058 1.1998248696327212 -0.045517876744270318 1.5472643971443178 -0.0012107486836612222 0.2490995451807976 0.0011714734719134869 0.28815434873104101 0.29508076608181005 0.26354132592678076 0.26658503711223608 0.19532891362905505 0.29508076608181005 0.31525824964046484 -0.018277906812727448 -0.013372395653277634 0.19841020554304126 -0.011021239217370747 1.5297405123710635 -0.012522681150585411 1.5600675344467165 0.38432554900646215 -0.7417098581790923
decision_type=2 2 2 2 2 2 2 2 2 2 2 2 2 2 2 2 2 2 2 2 2 2 2 2 2 2 2 2 2
left_child=1 2 3 16 -5 6 -4 8 18 20 11 22 26 14 -14 -10 -1 -7 -3 -15 -9 -11 -2 28 -25 -24 27 -12 -13
right_child=10 7 5 4 -6 17 -8 9 15 21 12 23 13 19 -16 -17 -18 -19 -20 -21 -22 -23 25 24 -26 -27 -28 -29 -30
leaf_value=-2.3170650894837961e-07 0 -2.0632854014114681e-07 -3.4990055142026357e-07 3.0630485476090723e-07 -6.6393765056576348e-08 0 0 0 0 0 3.9697745340184532e-07 3.2464943095014596e-08 -2.5222046736685595e-08 3.2629780577535213e-07 2.6044467326873765e-07 5.2633540743733778e-07 0 -1.0124760059859482e-06 1.1715371473966947e-07 0 -4.4028334216422605e-07 1.6915087537464979e-07 0 -1.4163127009632218e-07 0 2.5524750769696727e-07 0 0 0
leaf_weight=43796 6763 10468 69333 39829 40060 965 70344 10073 2348 27956 26581 45868 72611 28960 28144 15021 20371 5181 4449 4190 11505 18285 18520 29453 7864 27065 573 390 13180
leaf_count=43796 6763 10468 69333 39829 40060 965 70344 10073 2348 27956 26581 45868 72611 28960 28144 15021 20371 5181 4449 4190 11505 18285 18520 29453 7864 27065 573 390 13180
internal_value=7.75103e-11 -8.01443e-08 -1.19068e-07 0 9.43822e-08 -2.23094e-07 -1.81084e-07 1.25911e-08 1.79232e-07 -3.725e-08 1.07393e-07 2.78312e-08 1.68291e-07 1.10144e-07 3.47236e-08 4.27503e-07 -1.48413e-07 -8.52401e-07 0 2.79042e-07 -2.83826e-07 3.45618e-08 1.48497e-07 -1.69632e-08 -9.08313e-08 1.82619e-07 3.78359e-07 3.90952e-07 0
internal_weight=700146 389984 289879 144056 79889 145823 139677 100105 32286 67819 310162 148713 161449 133905 100755 17369 64167 6146 14917 33150 21578 46241 52348 96365 37317 45585 27544 26971 59048
internal_count=700146 389984 289879 144056 79889 145823 139677 100105 32286 67819 310162 148713 161449 133905 100755 17369 64167 6146 14917 33150 21578 46241 52348 96365 37317 45585 27544 26971 59048
is_linear=0
shrinkage=0.02


Tree=155
num_leaves=21
num_cat=0
split_feature=1 1 2 1 1 2 1 1 2 2 1 1 2 1 3 2 1 2 1 3
split_gain=1.43199e-05 3.56306e-06 3.0178e-06 4.72232e-06 9.00672e-06 2.61757e-06 6.15629e-06 4.4078e-06 1.62975e-06 2.45816e-06 3.81023e-06 3.24264e-06 1.96822e-06 1.15287e-06 1.13552e-06 7.69904e-07 5.31492e-07 3.49587e-07 3.00016e-08 2.89819e-09
threshold=-0.004604408983141183 -0.27149467170238489 0.27682664990425115 -0.019502669572830197 -0.010131907183676956 0.2229886129498482 -0.015338718891143797 -0.0067667609546333543 0.26515540480613714 0.24565702676773074 0.00062449972028844069 0.33824791014194494 0.22861430048942569 -0.0041419148910790673 0.033326631411910064 0.2573110312223435 0.47703766822814947 0.38618315756320959 -0.0020056387875229116 1.6045107245445254
decision_type=2 2 2 2 2 2 2 2 2 2 2 2 2 2 2 2 2 2 2 2
left_child=1 19 5 14 -5 7 -7 -3 9 10 12 -12 -2 -10 -4 16 -11 -15 -17 -1
right_child=8 2 3 4 -6 6 -8 -9 13 15 11 -13 -14 17 -16 18 -18 -19 -20 -21
leaf_value=-2.6530503156935846e-07 4.5881929476176199e-07 -1.7678735747988911e-07 -1.9170775137152387e-09 -6.0039288630487239e-07 -5.7516477386894462e-08 -6.4988930938603268e-08 1.399105030616413e-07 4.9839518878336301e-08 0 -2.0743908943106638e-07 -3.5462236528643638e-08 3.1341286606623826e-07 0 2.5798210168943642e-07 1.6783670690702878e-07 0 0 0 2.7126919991790394e-08 0
leaf_weight=33215 18076 77370 20695 19547 62947 101962 118420 42611 11523 12683 43320 12685 5878 74515 16667 6908 1830 1983 16308 247
leaf_count=33215 18076 77370 20695 19547 62947 101962 118420 42611 11523 12683 43320 12685 5878 74515 16667 6908 1830 1983 16308 247
internal_value=7.13838e-10 -5.48004e-08 -3.52252e-08 -1.21802e-07 -2.10396e-07 0 3.60365e-08 -7.9632e-08 1.43665e-07 6.76941e-08 1.36845e-07 7.84653e-09 3.54952e-07 2.22519e-07 2.02793e-08 -2.58481e-08 -1.51514e-07 2.51001e-07 0 -2.64259e-07
internal_weight=699390 493681 460219 119856 82494 340363 220382 119981 205709 117688 79959 56005 23954 88021 37362 37729 14513 76498 23216 33462
internal_count=699390 493681 460219 119856 82494 340363 220382 119981 205709 117688 79959 56005 23954 88021 37362 37729 14513 76498 23216 33462
is_linear=0
shrinkage=0.02


Tree=156
num_leaves=21
num_cat=0
split_feature=1 1 2 1 1 2 1 1 4 2 4 2 1 4 2 1 2 2 2 4
split_gain=1.37999e-05 3.40798e-06 2.91529e-06 4.54883e-06 8.60877e-06 2.49129e-06 5.91954e-06 4.24883e-06 1.68486e-06 1.12264e-06 1.46327e-06 1.69379e-06 9.38195e-07 8.47605e-07 6.06752e-07 8.6765e-07 5.34063e-07 2.83853e-07 2.55404e-07 4.46405e-08
threshold=-0.004604408983141183 -0.27149467170238489 0.27682664990425115 -0.019502669572830197 -0.010131907183676956 0.2229886129498482 -0.015338718891143797 -0.0067667609546333543 -0.10474102199077605 0.35543212294578558 0.83452183008193981 0.26515540480613714 0.54579138755798351 0.48712770640850073 0.28651750087738043 -0.0041419148910790673 0.21337385475635531 0.30967703461647039 0.29508076608181005 -0.58989599347114552
decision_type=2 2 2 2 2 2 2 2 2 2 2 2 2 2 2 2 2 2 2 2
left_child=1 13 5 18 -5 7 -7 -3 12 10 11 -10 14 19 16 -16 -2 -14 -4 -1
right_child=8 2 3 4 -6 6 -8 -9 9 -11 -12 -13 17 -15 15 -17 -18 -19 -20 -21
leaf_value=0 4.2937230407578797e-08 -1.7325161495619223e-07 0 -5.8838509134550842e-07 -5.6366149649688837e-08 -6.3689153307332188e-08 1.3711229452554432e-07 4.88427309592319e-08 1.1774489412216166e-07 0 0 4.0460654622967969e-07 2.984110144518825e-07 0 0 1.7647187698626337e-07 -6.3771911244178957e-08 0 7.0784586586144022e-08 -3.1798137490519399e-07
leaf_weight=971 15803 77370 14336 19547 62947 101962 118420 42611 49727 6586 21032 34025 7888 6763 4924 18922 45572 1230 23026 25728
leaf_count=971 15803 77370 14336 19547 62947 101962 118420 42611 49727 6586 21032 34025 7888 6763 4924 18922 45572 1230 23026 25728
internal_value=5.78157e-10 -5.38677e-08 -3.46076e-08 -1.197e-07 -2.06673e-07 0 3.51343e-08 -7.7706e-08 1.40965e-07 2.02074e-07 2.18371e-07 2.58165e-07 4.76247e-08 -2.58992e-07 2.06104e-09 1.00785e-07 -3.70962e-09 2.54135e-07 1.88031e-08 -3.11072e-07
internal_weight=699390 493681 460219 119856 82494 340363 220382 119981 205709 111370 104784 83752 94339 33462 85221 23846 61375 9118 37362 26699
internal_count=699390 493681 460219 119856 82494 340363 220382 119981 205709 111370 104784 83752 94339 33462 85221 23846 61375 9118 37362 26699
is_linear=0
shrinkage=0.02


Tree=157
num_leaves=25
num_cat=0
split_feature=5 5 4 4 0 5 0 0 0 0 3 3 0 3 3 5 4 4 3 4 3 0 5 0
split_gain=5.83366e-06 2.26449e-06 2.5486e-06 2.21231e-06 1.44451e-06 1.09312e-06 9.79806e-07 9.54254e-07 2.18756e-06 8.72012e-07 6.47679e-07 1.93565e-06 1.37201e-06 6.26625e-07 5.36927e-07 4.80427e-07 4.2921e-07 4.04428e-07 2.29027e-07 2.42657e-07 1.64793e-07 1.63188e-07 3.05544e-08 1.39315e-10
threshold=-1.2837833166122434 -2.9997932910919185 0.38512225449085241 -0.1019337736070156 -0.83550119400024403 1.3498364686965945 -0.77294790744781483 -0.81697812676429737 -0.8027336299419402 -0.794795662164688 -0.011336569208651779 1.5450865626335146 -0.74937453866004933 -0.0061258319765329352 1.5499454140663149 2.1149928569793706 -0.12404925376176833 -0.46092909574508661 -1.5825695395469663 -0.59741503000259388 -0.013068731408566235 -0.7417098581790923 1.9796719551086428 -0.85490083694457997
decision_type=2 2 2 2 2 2 2 2 2 2 2 2 2 2 2 2 2 2 2 2 2 2 2 2
left_child=1 14 4 5 23 10 20 13 -9 -10 12 -12 -2 22 16 -15 -1 -6 -7 -20 -4 -8 -5 -3
right_child=3 2 6 7 17 18 21 8 9 -11 11 -13 -14 15 -16 -17 -18 -19 19 -21 -22 -23 -24 -25
leaf_value=0 5.3847672503153911e-08 0 0 -1.2871072262703506e-08 0 0 -1.2611442311651779e-07 2.9975746564269339e-07 -5.5462739250440595e-08 7.7421458300972349e-08 -1.4412259941483732e-07 1.3665684424703623e-08 -9.356157497665267e-08 2.3547068350381853e-07 0 0 -5.9687529984315515e-07 -1.5099164189286386e-07 0 7.4046846670760797e-08 2.2617556284815214e-07 0 0 6.3018928746196997e-09
leaf_weight=923 70666 319 3160 73774 14327 6699 4104 26161 5316 128460 58286 24954 39286 8003 809 1107 6317 104202 5051 80963 11123 8632 12741 4007
leaf_count=923 70666 319 3160 73774 14327 6699 4104 26161 5316 128460 58286 24954 39286 8003 809 1107 6317 104202 5051 80963 11123 8632 12741 4007
internal_value=5.80829e-10 -1.03331e-07 -6.96905e-08 3.45811e-08 -1.15403e-07 0 6.41434e-08 7.74361e-08 1.09372e-07 5.71905e-08 -3.06938e-08 -7.27934e-08 0 3.10621e-09 -4.81236e-07 1.66177e-07 -5.35845e-07 -1.36667e-07 5.24693e-08 6.3502e-08 1.87677e-07 0 0 4.88917e-09
internal_weight=699390 157923 149874 541467 122855 285905 27019 255562 159937 133776 193192 83240 109952 95625 8049 9110 7240 118529 92713 86014 14283 12736 86515 4326
internal_count=699390 157923 149874 541467 122855 285905 27019 255562 159937 133776 193192 83240 109952 95625 8049 9110 7240 118529 92713 86014 14283 12736 86515 4326
is_linear=0
shrinkage=0.02


Tree=158
num_leaves=24
num_cat=0
split_feature=1 5 1 2 1 2 2 2 0 2 1 1 2 2 2 5 1 0 5 2 1 2 1
split_gain=1.3271e-05 5.50645e-06 3.2635e-06 2.79258e-06 6.95263e-06 5.02047e-06 1.79114e-06 2.86067e-06 2.38446e-06 1.70913e-06 1.89387e-06 2.12278e-06 5.97453e-06 9.47007e-07 1.39594e-06 9.09169e-07 5.9395e-07 5.16695e-07 3.68084e-07 2.45447e-07 2.36642e-07 1.71488e-07 5.17968e-10
threshold=-0.0035901319934055205 1.4460223913192751 -0.0099295680411159975 0.20991390198469165 -0.014478975906968115 0.28437720239162451 0.2490995451807976 0.22911778092384341 -0.81697812676429737 0.26515540480613714 0.47703766822814947 0.00062449972028844069 0.22861430048942569 0.31525824964046484 0.23817130178213122 1.5134204626083376 -0.4755482673645019 -0.82240936160087574 -2.5857044458389278 0.38618315756320959 -0.013139832764863966 0.26413430273532873 -0.0045543808955699197
decision_type=2 2 2 2 2 2 2 2 2 2 2 2 2 2 2 2 2 2 2 2 2 2 2
left_child=1 2 3 4 -1 -5 7 -4 -8 10 11 12 -2 14 20 21 -16 -13 -11 -20 -3 -12 -15
right_child=9 13 6 5 -6 -7 8 -9 -10 18 15 17 -14 22 16 -17 -18 -19 19 -21 -22 -23 -24
leaf_value=-2.7624823012031803e-08 4.3953018328109561e-07 -5.146197332916588e-08 0 -3.381494283801111e-08 -8.8448108159133715e-07 -2.8522628821437737e-07 -2.3706841405577882e-07 4.120304079499022e-07 0 0 4.2113994039776325e-07 0 -4.6165561713512927e-08 -4.4414268057977745e-09 0 0 1.9486172147652875e-07 -7.602822929916634e-08 2.4862903853505422e-07 0 5.0072392875140325e-08 0 0
leaf_weight=19013 16538 13437 63992 190360 7719 46383 24635 8423 59011 611 9540 24017 10888 10503 1955 4649 46226 42072 72945 1931 23560 247 735
leaf_count=19013 16538 13437 63992 190360 7719 46383 24635 8423 59011 611 9540 24017 10888 10503 1955 4649 46226 42072 72945 1931 23560 247 735
internal_value=6.09076e-10 -4.84386e-08 -8.21699e-08 -1.25322e-07 -3.49865e-07 -9.15199e-08 0 6.2813e-08 -7.17609e-08 1.49467e-07 6.92672e-08 1.29708e-08 1.73788e-07 7.75934e-08 1.06124e-07 2.95406e-07 1.77481e-07 -2.35042e-08 2.37663e-07 2.42716e-07 0 4.07276e-07 0
internal_weight=699390 515952 419536 263475 26732 236743 156061 72415 83646 183438 107951 93515 27426 96416 85178 14436 48181 66089 75487 74876 36997 9787 11238
internal_count=699390 515952 419536 263475 26732 236743 156061 72415 83646 183438 107951 93515 27426 96416 85178 14436 48181 66089 75487 74876 36997 9787 11238
is_linear=0
shrinkage=0.02


Tree=159
num_leaves=27
num_cat=0
split_feature=1 5 1 2 2 1 2 2 1 1 2 1 2 2 1 2 1 1 5 5 5 2 2 1 3 1
split_gain=1.28137e-05 4.59949e-06 3.13747e-06 3.95845e-06 5.56608e-06 5.08271e-06 1.37485e-06 2.27619e-06 3.53486e-06 2.97094e-06 1.80478e-06 1.03135e-06 8.92564e-07 1.22414e-06 1.20394e-06 7.43808e-07 7.32045e-07 5.02652e-07 3.95598e-07 6.05277e-07 3.64164e-07 2.59486e-07 2.33639e-07 1.24862e-07 1.15054e-07 2.70258e-08
threshold=-0.004604408983141183 1.1615763306617739 -0.0072754085995256892 0.28929464519023901 0.21033938229084018 -0.019502669572830197 0.26515540480613714 0.24565702676773074 0.00062449972028844069 0.33824791014194494 0.22861430048942569 -0.0041419148910790673 0.31525824964046484 0.23817130178213122 -0.0061261767987161866 0.2573110312223435 -0.013139832764863966 0.47703766822814947 0.76048725843429577 -0.93507561087608326 -2.5857044458389278 0.21137990057468417 0.38618315756320959 -0.0052821983117610207 -0.014413633383810518 -0.0020056387875229116
decision_type=2 2 2 2 2 2 2 2 2 2 2 2 2 2 2 2 2 2 2 2 2 2 2 2 2 2
left_child=1 2 3 4 -1 -5 7 8 10 -10 -2 -8 13 16 -15 17 -3 -9 19 -4 -13 -20 -22 24 -14 -17
right_child=6 12 18 5 -6 -7 11 15 9 -11 -12 20 23 14 -16 25 -18 -19 21 -21 22 -23 -24 -25 -26 -27
leaf_value=-3.3615009196639081e-07 4.39854213636421e-07 -9.6727869368149416e-08 0 -4.3400392510113361e-08 -3.0524908852492929e-08 -6.1160982489678698e-07 0 -2.029855525986052e-07 -3.4914113247547083e-08 2.9939036397660498e-07 0 0 0 1.7608680663725742e-07 0 0 5.8739778050602606e-08 0 0 8.6252755713061276e-08 2.4727668994588935e-07 -1.4082108106154874e-07 0 0 -9.963156924912585e-08 2.5746441476383105e-08
leaf_weight=31246 18076 19730 35240 24640 202750 16794 11523 12683 43320 12685 5878 613 738 49236 10851 6908 31364 1830 4979 41640 73926 9801 1959 2812 11860 16308
leaf_count=31246 18076 19730 35240 24640 202750 16794 11523 12683 43320 12685 5878 613 738 49236 10851 6908 31364 1830 4979 41640 73926 9801 1959 2812 11860 16308
internal_value=4.43734e-10 -5.19163e-08 -8.96488e-08 -1.23564e-07 -7.9883e-08 -3.21977e-07 1.35825e-07 6.36195e-08 1.30552e-07 5.09443e-09 3.40381e-07 2.09645e-07 4.17019e-08 7.06793e-08 1.31881e-07 -2.52211e-08 0 -1.48842e-07 0 2.96687e-08 2.36567e-07 -7.82791e-08 2.41528e-07 -3.75795e-08 -7.54448e-08 0
internal_weight=699390 493681 367090 275430 233996 41434 205709 117688 79959 56005 23954 88021 126591 111181 60087 37729 51094 14513 91660 76880 76498 14780 75885 15410 12598 23216
internal_count=699390 493681 367090 275430 233996 41434 205709 117688 79959 56005 23954 88021 126591 111181 60087 37729 51094 14513 91660 76880 76498 14780 75885 15410 12598 23216
is_linear=0
shrinkage=0.02


Tree=160
num_leaves=22
num_cat=0
split_feature=1 1 2 1 1 1 1 2 1 1 2 3 2 4 4 4 2 3 4 2 4
split_gain=1.17155e-05 4.18025e-06 2.53747e-06 2.86775e-06 5.0526e-06 1.8447e-06 2.5642e-06 3.37425e-06 1.79065e-06 1.7813e-06 3.77912e-06 2.3303e-06 1.39679e-06 1.04659e-06 8.32045e-07 4.74584e-07 4.64995e-07 3.807e-07 2.30481e-07 2.2453e-07 2.64959e-08
threshold=-0.0012107486836612222 -0.4755482673645019 0.28437720239162451 -0.0059062461368739596 -0.019502669572830197 0.0011714734719134869 0.28815434873104101 0.29089196026325231 0.042436886578798301 -0.013032136019319294 0.26817244291305548 -1.5873896479606626 0.31525824964046484 -0.4068105667829513 1.2617099285125735 2.9999792575836186 0.25380052626132971 1.5600675344467165 -0.096251688897609697 0.33400228619575506 1.197090804576874
decision_type=2 2 2 2 2 2 2 2 2 2 2 2 2 2 2 2 2 2 2 2 2
left_child=1 15 9 4 -4 13 7 16 -9 10 -3 -11 20 -2 17 19 -7 -15 -5 -1 -8
right_child=5 2 3 18 -6 6 12 8 -10 11 -12 -13 -14 14 -16 -17 -18 -19 -20 -21 -22
leaf_value=-3.3852978212307617e-07 0 -9.7811500554442583e-08 0 -2.7293858526944259e-08 -3.2918090514940866e-07 -7.1247381233468547e-08 3.2749533547825424e-07 3.1968544856324692e-07 0 3.1962790973390603e-07 1.0610746946031649e-07 1.1362308076334996e-08 0 4.161530410359963e-07 0 0 0 0 5.5881230950322014e-08 0 0
leaf_weight=22622 1915 152617 30891 22770 41921 46355 26257 20321 9184 11992 39679 188322 4254 23364 1824 842 24886 378 24091 1600 2716
leaf_count=22622 1915 152617 30891 22770 41921 46355 26257 20321 9184 11992 39679 188322 4254 23364 1824 842 24886 378 24091 1600 2716
internal_value=0 -4.31446e-08 -2.64888e-08 -1.07168e-07 -1.86093e-07 1.51095e-07 9.77953e-08 2.44334e-08 2.14737e-07 0 -4.53335e-08 3.98014e-08 2.6004e-07 3.38161e-07 3.7322e-07 -3.03775e-07 -2.63086e-08 4.04984e-07 0 -3.21441e-07 3.1118e-07
internal_weight=698801 537347 512283 119673 72812 161454 133973 100746 29505 392610 192296 200314 33227 27481 25566 25064 71241 23742 46861 24222 28973
internal_count=698801 537347 512283 119673 72812 161454 133973 100746 29505 392610 192296 200314 33227 27481 25566 25064 71241 23742 46861 24222 28973
is_linear=0
shrinkage=0.02


Tree=161
num_leaves=22
num_cat=0
split_feature=1 1 2 1 1 1 1 2 1 1 0 2 2 4 4 0 0 4 0 2 4
split_gain=1.12846e-05 4.01209e-06 2.44536e-06 2.75226e-06 4.85707e-06 1.72728e-06 2.4494e-06 3.23534e-06 1.72311e-06 1.70972e-06 3.96137e-06 3.63833e-06 1.35314e-06 1.01276e-06 8.01444e-07 6.02481e-07 5.01488e-07 4.61137e-07 4.29763e-07 2.11614e-07 1.27306e-08
threshold=-0.0012107486836612222 -0.4755482673645019 0.28437720239162451 -0.0059062461368739596 -0.019502669572830197 0.0011714734719134869 0.28815434873104101 0.29089196026325231 0.042436886578798301 -0.013032136019319294 -0.82164779305458058 0.26817244291305548 0.31525824964046484 -0.4068105667829513 1.2617099285125735 -0.82240936160087574 -0.7987534999847411 2.9999792575836186 1.2191759943962099 0.33400228619575506 1.197090804576874
decision_type=2 2 2 2 2 2 2 2 2 2 2 2 2 2 2 2 2 2 2 2 2
left_child=1 17 9 4 -4 13 7 15 -9 11 -11 -3 20 -2 18 -7 -5 19 -15 -1 -8
right_child=5 2 3 16 -6 6 12 8 -10 10 -12 -13 -14 14 -16 -17 -18 -19 -20 -21 -22
leaf_value=-3.3175921584255951e-07 0 -9.585527205260706e-08 0 -5.5467075938747687e-08 -3.2259730226831177e-07 0 3.2094545427703335e-07 3.1329177049418595e-07 0 -6.7252063526170225e-08 1.095437936313895e-07 1.039853253846784e-07 0 4.1492389543615014e-07 0 -7.9111988161865439e-08 7.2515532443461316e-08 0 0 0 0
leaf_weight=22622 1915 152617 30891 21002 41921 25403 26257 20321 9184 68383 131931 39679 4254 22711 1824 45838 25859 842 1031 1600 2716
leaf_count=22622 1915 152617 30891 21002 41921 25403 26257 20321 9184 68383 131931 39679 4254 22711 1824 45838 25859 842 1031 1600 2716
internal_value=0 -4.21963e-08 -2.57931e-08 -1.04983e-07 -1.82303e-07 1.4843e-07 9.60349e-08 2.37994e-08 2.10333e-07 0 3.92051e-08 -4.42188e-08 2.54864e-07 3.31085e-07 3.65613e-07 -2.53814e-08 0 -2.97664e-07 3.96794e-07 -3.15118e-07 3.05245e-07
internal_weight=698801 537347 512283 119673 72812 161454 133973 100746 29505 392610 200314 192296 33227 27481 25566 71241 46861 25064 23742 24222 28973
internal_count=698801 537347 512283 119673 72812 161454 133973 100746 29505 392610 200314 192296 33227 27481 25566 71241 46861 25064 23742 24222 28973
is_linear=0
shrinkage=0.02


Tree=162
num_leaves=19
num_cat=0
split_feature=1 1 2 1 1 4 1 1 1 0 2 0 4 2 0 4 2 1
split_gain=1.08939e-05 3.84422e-06 2.34659e-06 2.64137e-06 4.67678e-06 1.63141e-06 1.80821e-06 2.69178e-06 1.6257e-06 3.81216e-06 3.5029e-06 1.1502e-06 1.03161e-06 9.27656e-07 4.81629e-07 4.48116e-07 1.99289e-07 2.7709e-08
threshold=-0.0012107486836612222 -0.4755482673645019 0.28437720239162451 -0.0059062461368739596 -0.027171454392373558 -0.36604945361614222 0.010153800249099733 0.28815434873104101 -0.013032136019319294 -0.82164779305458058 0.26817244291305548 1.2162267565727236 1.197090804576874 0.31525824964046484 -0.7987534999847411 2.9999792575836186 0.33400228619575506 0.036303956061601646
decision_type=2 2 2 2 2 2 2 2 2 2 2 2 2 2 2 2 2 2
left_child=1 15 8 4 -4 -2 11 17 10 -10 -3 12 -7 -9 -5 16 -1 -8
right_child=5 2 3 14 -6 6 7 13 9 -11 -12 -13 -14 -15 -16 -17 -18 -19
leaf_value=-3.2512406063723189e-07 0 -9.393816827811111e-08 0 -5.4357739484501207e-08 -3.0419591115293924e-07 3.3826449146660679e-07 8.773492090166624e-09 2.796332140946862e-07 -6.5907023598608745e-08 1.0735291946165788e-07 1.0190562585800068e-07 0 0 0 7.1065229597431295e-08 0 0 -1.7310516976812893e-08
leaf_weight=22622 25908 152617 27500 21002 45312 45421 22310 24746 68383 131931 39679 4315 3838 3659 25859 842 1600 31257
leaf_count=22622 25908 152617 27500 21002 45312 45421 22310 24746 68383 131931 39679 4315 3838 3659 25859 842 1600 31257
internal_value=0 -4.14159e-08 -2.52675e-08 -1.02841e-07 -1.78588e-07 1.4588e-07 1.73674e-07 7.70971e-08 0 3.82213e-08 -4.31264e-08 2.84112e-07 3.11658e-07 2.34646e-07 0 -2.91676e-07 -3.08921e-07 0
internal_weight=698801 537347 512283 119673 72812 161454 135546 81972 392610 200314 192296 53574 49259 28405 46861 25064 24222 53567
internal_count=698801 537347 512283 119673 72812 161454 135546 81972 392610 200314 192296 53574 49259 28405 46861 25064 24222 53567
is_linear=0
shrinkage=0.02


Tree=163
num_leaves=24
num_cat=0
split_feature=5 5 0 4 0 0 3 5 3 3 4 0 0 0 0 5 3 4 5 0 0 3 0
split_gain=5.82123e-06 2.38293e-06 1.74358e-06 2.52095e-06 1.89316e-06 2.0475e-06 1.49951e-06 1.25478e-06 1.23729e-06 2.22867e-06 1.61638e-06 5.24001e-06 1.40117e-06 8.51444e-07 8.32738e-07 7.35389e-07 4.91994e-07 4.57562e-07 3.35435e-07 2.68882e-07 7.68446e-08 5.29027e-08 9.82347e-09
threshold=-1.2630876898765562 2.2191196680068974 -0.77513739466667164 0.2967591285705567 -0.81532222032546986 -0.83550119400024403 1.5442298650741579 -2.8448511362075801 -0.0061258319765329352 -0.010781649965792893 0.077253796160221114 1.2122257947921755 -0.75703293085098255 1.2210358381271365 -0.81292775273323048 -2.9997932910919185 -1.5737095475196836 0.94587191939353954 1.3638594746589663 -0.82380205392837513 1.2144819498062136 1.6045107245445254 -0.79249149560928334
decision_type=2 2 2 2 2 2 2 2 2 2 2 2 2 2 2 2 2 2 2 2 2 2 2
left_child=2 8 3 4 5 -1 7 13 9 12 18 -12 -2 -4 -11 -5 -9 19 -10 -3 -8 -21 -6
right_child=1 17 6 15 22 -7 20 16 10 14 11 -13 -14 -15 -16 -17 -18 -19 -20 21 -22 -23 -24
leaf_value=0 6.4710598576853737e-08 0 -1.0064705896835983e-06 0 1.3029938460410241e-08 -2.1815671677913739e-07 1.1139016067703323e-08 0 0 -1.1022300507364843e-07 5.1916215983070733e-07 0 -1.4617093881117006e-08 0 0 2.0944214679486237e-07 -2.0138736301459392e-07 0 7.4687701585177027e-08 2.4776736306386508e-07 -4.9122340263720522e-08 0 0
leaf_weight=4231 180394 5077 2614 1788 23144 46210 5529 11665 59956 82760 12544 15085 113142 647 11044 16511 33882 5464 24644 27956 12454 277 1783
leaf_count=4231 180394 5077 2614 1788 23144 46210 5529 11665 59956 82760 12544 15085 113142 647 11044 16511 33882 5464 24644 27956 12454 277 1783
internal_value=0 3.33318e-08 -1.03846e-07 -2.18511e-08 -9.09168e-08 -1.65419e-07 -1.88891e-07 -2.47214e-07 1.71438e-08 0 7.56186e-08 2.15659e-07 2.73207e-08 -8.41173e-07 -8.46627e-08 1.53313e-07 -1.60777e-07 1.90319e-07 6.24271e-09 2.18306e-07 0 2.45024e-07 0
internal_weight=698801 538343 160458 93667 75368 50441 66791 48808 499569 387340 112229 27629 293536 3261 93804 18299 45547 38774 84600 33310 17983 28233 24927
internal_count=698801 538343 160458 93667 75368 50441 66791 48808 499569 387340 112229 27629 293536 3261 93804 18299 45547 38774 84600 33310 17983 28233 24927
is_linear=0
shrinkage=0.02


Tree=164
num_leaves=29
num_cat=0
split_feature=1 5 3 0 0 3 1 1 1 5 5 1 1 1 0 3 1 5 3 5 5 3 5 0 0 5 1 0
split_gain=1.0532e-05 5.73117e-06 2.60835e-06 3.51429e-06 5.22632e-06 4.8857e-06 2.22891e-06 1.57002e-06 2.28333e-06 2.07871e-06 1.7267e-06 1.03649e-06 9.91174e-07 1.06053e-06 6.67678e-07 4.62932e-07 4.02994e-07 4.18267e-07 3.7182e-07 3.09562e-07 6.07176e-07 2.89244e-07 1.59311e-07 9.02905e-08 7.51204e-08 6.77295e-08 5.95842e-08 3.41583e-08
threshold=-0.0066061720717698327 0.99326771497726452 1.5472643971443178 -0.79048040509223927 -0.81697812676429737 -1.5763772726058958 -0.0012107486836612222 0.0011714734719134869 0.28815434873104101 0.88717454671859752 1.3498364686965945 0.036303956061601646 -0.4755482673645019 -0.0070691171567887059 -0.82328352332115162 1.5600675344467165 -0.015338718891143797 -1.5464369058609007 -0.013165763579308985 1.9445440769195559 0.70304545760154735 -1.529495060443878 0.86988162994384777 1.2140682935714724 1.2139123082160952 2.4992109537124638 -0.0027240018825978036 1.2305384278297427
decision_type=2 2 2 2 2 2 2 2 2 2 2 2 2 2 2 2 2 2 2 2 2 2 2 2 2 2 2 2
left_child=1 2 3 4 -1 -5 14 10 11 -10 15 -9 25 21 18 -8 23 -18 -2 20 -16 -14 -20 -4 -15 27 -21 -3
right_child=6 12 16 5 -6 -7 7 8 9 -11 -12 -13 13 24 19 -17 17 -19 22 26 -22 -23 -24 -25 -26 -27 -28 -29
leaf_value=-1.6319484955125159e-07 0 -1.376538661827483e-07 0 0 5.4631516529080423e-08 -3.5900840789829462e-07 4.7930428267960797e-07 8.3364195423198185e-08 4.1546367900868473e-07 0 0 -2.6923676858568242e-08 0 -6.7551691456549633e-08 0 0 0 1.5933773774017195e-07 1.7288172569456957e-07 1.0180301391233401e-07 -7.8656424826511896e-08 1.1776255004246151e-07 0 -5.464221186306315e-08 0 0 0 0
leaf_weight=99540 2984 5733 5586 27081 60943 58340 15972 62309 16389 16838 11116 38437 17157 7038 57601 393 4231 12939 17395 11084 44555 77064 12754 12096 527 339 1844 516
leaf_count=99540 2984 5733 5586 27081 60943 58340 15972 62309 16389 16838 11116 38437 17157 7038 57601 393 4231 12939 17395 11084 44555 77064 12754 12096 527 339 1844 516
internal_value=0 -6.7408e-08 -1.17229e-07 -1.41185e-07 -6.80135e-08 -2.55241e-07 8.88504e-08 1.42876e-07 9.18558e-08 2.45183e-07 3.18826e-07 2.14349e-08 4.32043e-08 7.22196e-08 1.65063e-08 4.61411e-07 0 9.68931e-08 9.63294e-08 0 -1.79144e-08 1.00572e-07 1.23008e-07 0 -1.65349e-08 -1.01505e-07 8.39169e-08 -1.23278e-07
internal_weight=698801 389130 280756 245904 160483 85421 309671 161454 133973 33227 27481 100746 108374 101786 148217 16365 34852 17170 33133 115084 102156 94221 30149 17682 7565 6588 12928 6249
internal_count=698801 389130 280756 245904 160483 85421 309671 161454 133973 33227 27481 100746 108374 101786 148217 16365 34852 17170 33133 115084 102156 94221 30149 17682 7565 6588 12928 6249
is_linear=0
shrinkage=0.02


Tree=165
num_leaves=31
num_cat=0
split_feature=1 5 2 1 2 1 1 5 5 3 5 2 2 2 1 2 2 3 2 1 1 3 2 2 1 1 2 3 2 1
split_gain=1.12071e-05 5.47079e-06 2.75557e-06 4.34149e-06 2.9466e-06 4.8761e-06 2.25215e-06 1.57731e-06 2.98828e-06 2.33177e-06 2.04954e-06 1.53603e-06 1.39885e-06 1.43242e-06 1.95643e-06 1.0625e-06 1.00876e-06 8.74396e-07 7.02625e-07 4.38973e-07 9.8845e-07 3.43032e-07 3.23183e-07 2.85704e-07 5.26193e-07 3.23474e-07 2.69406e-07 2.20237e-07 1.40315e-07 1.21154e-08
threshold=-0.0066061720717698327 0.97702342271804821 0.28929464519023901 -0.028131793253123757 0.21033938229084018 -0.045517876744270318 -0.0067667609546333543 0.70304545760154735 -1.8184449076652525 -0.01401675585657358 2.1655551195144658 0.19769876450300219 0.23817130178213122 0.25395394861698156 -0.017436144873499867 0.3687931895256043 0.35104535520076757 0.019835521467030052 0.2490995451807976 -0.013139832764863966 -0.0074535734020173541 -0.0089661153033375723 0.28713957965373998 0.25011841207742697 -0.0053387673106044522 -0.006189157022163271 0.20794577896595004 -0.0091680325567722303 0.20435421913862231 0.24620272219181064
decision_type=2 2 2 2 2 2 2 2 2 2 2 2 2 2 2 2 2 2 2 2 2 2 2 2 2 2 2 2 2 2
left_child=1 2 4 27 6 -6 -1 8 18 29 23 -11 19 14 -14 -5 21 -15 28 26 -21 -12 -20 25 -25 -9 -3 -4 -2 -10
right_child=7 12 3 15 5 -7 -8 10 9 11 16 -13 13 17 -16 -17 -18 -19 22 20 -22 -23 -24 24 -26 -27 -28 -29 -30 -31
leaf_value=-3.0574445982815418e-07 0 0 -7.9649939177308592e-08 -5.7337458679360499e-07 -2.323548521980459e-07 2.9635407106526028e-09 0 0 0 0 2.921926379746093e-07 2.5155457267358115e-07 0 -6.747412041359176e-09 4.2997194142322237e-07 0 0 1.411146645419861e-07 -2.6869078822239089e-07 1.8662870205636001e-07 -2.963466926813322e-08 0 0 -1.2141013068763733e-07 0 6.7373790379845808e-08 -1.2425902435796111e-07 0 9.6147238152551915e-08 3.5377394631438041e-08
leaf_weight=35364 2111 5386 13886 16786 40582 159462 4739 9969 23792 5750 18082 94240 4295 29643 11297 2103 2508 17580 5678 11043 12236 7061 7268 17103 62199 44510 18537 6427 6114 3872
leaf_count=35364 2111 5386 13886 16786 40582 159462 4739 9969 23792 5750 18082 94240 4295 29643 11297 2103 2508 17580 5678 11043 12236 7061 7268 17103 62199 44510 18537 6427 6114 3872
internal_value=2.158e-09 -6.63228e-08 -1.15445e-07 -2.9263e-07 -7.8192e-08 -3.47767e-08 -2.44887e-07 9.45462e-08 1.47116e-07 1.86001e-07 3.36923e-08 2.31292e-07 4.02254e-08 1.08148e-07 2.89412e-07 -5.19285e-07 1.90463e-07 5.94615e-09 0 -7.79338e-09 0 2.36522e-07 -1.47237e-07 0 -2.29118e-08 3.65181e-08 -8.63688e-08 0 6.92595e-09 0
internal_weight=699623 389366 279349 39202 240147 200044 40103 310257 148825 127654 161432 99990 110017 62815 15592 18889 27651 47223 21171 47202 23279 25143 12946 133781 79302 54479 23923 20313 8225 27664
internal_count=699623 389366 279349 39202 240147 200044 40103 310257 148825 127654 161432 99990 110017 62815 15592 18889 27651 47223 21171 47202 23279 25143 12946 133781 79302 54479 23923 20313 8225 27664
is_linear=0
shrinkage=0.02


Tree=166
num_leaves=25
num_cat=0
split_feature=5 5 0 2 3 3 0 3 5 2 0 2 2 5 3 0 0 3 3 2 2 0 3 3
split_gain=5.85195e-06 1.98138e-06 1.47682e-06 1.34064e-06 8.51208e-07 2.06651e-06 1.45001e-06 2.14423e-06 1.5904e-06 1.20752e-06 1.07818e-06 6.57308e-07 2.20141e-06 9.4232e-07 7.7346e-07 5.54366e-07 7.88718e-07 8.43185e-07 5.13661e-07 3.0456e-07 2.8893e-07 1.17185e-07 5.48873e-08 3.91854e-09
threshold=-1.2630876898765562 2.250369787216187 -0.82328352332115162 0.35104535520076757 -0.0061258319765329352 -0.010781649965792893 -0.77752143144607533 1.5400573015213015 -0.24259728938341138 0.26029770076274877 -0.75703293085098255 0.24565702676773074 0.23700457811355594 -2.3734641075134273 1.5666375756263735 -0.82431402802467335 -0.83550119400024403 -0.012701726518571375 -1.5665092468261717 0.20705156773328784 0.32254759967327123 -0.82392236590385426 1.542349696159363 -0.0079966648481786234
decision_type=2 2 2 2 2 2 2 2 2 2 2 2 2 2 2 2 2 2 2 2 2 2 2 2
left_child=2 4 15 21 5 10 8 -8 -6 -7 -2 12 13 -4 18 16 23 -18 -13 -17 -21 -3 -23 -1
right_child=1 3 11 -5 6 9 7 -9 -10 -11 -12 14 -14 -15 -16 19 17 -19 -20 20 -22 22 -24 -25
leaf_value=0 6.4299083595469068e-08 0 -3.4990681076553828e-07 0 0 0 -1.242554337648764e-07 8.7708593166784997e-08 3.178436837689919e-07 -1.5239910938435738e-07 0 0 1.9123529781159788e-07 0 0 0 0 -2.1355348808196656e-07 -2.0990769868030387e-07 2.4069411775836429e-07 0 2.8269761199098691e-07 0 1.8140414305554965e-08
leaf_weight=523 181664 5520 7503 2259 6000 51842 23468 65370 17618 42687 114164 7168 9443 27295 4817 529 8047 14875 67935 7483 246 23494 4910 4763
leaf_count=523 181664 5520 7503 2259 6000 51842 23468 65370 17618 42687 114164 7168 9443 27295 4817 529 8047 14875 67935 7483 246 23494 4910 4763
internal_value=2.01093e-09 3.63532e-08 -1.00776e-07 1.87534e-07 2.14965e-08 2.03381e-09 7.12704e-08 9.20191e-09 2.20056e-07 -7.33381e-08 3.28789e-08 -1.33777e-07 -1.21125e-08 -1.24769e-07 -1.76101e-07 0 -3.01366e-08 -1.21988e-07 -1.92666e-07 1.54109e-07 2.02822e-07 2.30907e-07 2.55598e-07 0
internal_weight=699623 538996 160627 36183 502813 390357 112456 88838 23618 94529 295828 124161 44241 34798 79920 36466 28208 22922 75103 8258 7729 33924 28404 5286
internal_count=699623 538996 160627 36183 502813 390357 112456 88838 23618 94529 295828 124161 44241 34798 79920 36466 28208 22922 75103 8258 7729 33924 28404 5286
is_linear=0
shrinkage=0.02


Tree=167
num_leaves=27
num_cat=0
split_feature=5 4 0 4 0 0 3 3 0 0 4 0 5 5 3 3 5 3 5 3 0 4 0 0 0 0
split_gain=5.61662e-06 1.94701e-06 1.48195e-06 1.98099e-06 2.10953e-06 1.89741e-06 1.06734e-06 1.18666e-06 9.2615e-07 1.41187e-06 8.9082e-07 8.31753e-07 6.80831e-07 6.35169e-07 6.03854e-07 1.60046e-06 5.62343e-07 4.4839e-07 3.38073e-07 2.27859e-07 1.74055e-07 1.32388e-07 1.11006e-07 7.70211e-08 6.66592e-08 2.26237e-08
threshold=-1.2630876898765562 -0.1019337736070156 -0.77513739466667164 0.3086757510900498 -0.81532222032546986 -0.83550119400024403 1.5442298650741579 -1.5737095475196836 -0.81697812676429737 -0.8027336299419402 -0.23723077774047849 -0.794795662164688 1.5261341333389284 -2.9997932910919185 1.5472643971443178 -0.011336569208651779 -0.33801597356796259 -0.0061258319765329352 2.0917989015579228 -1.5825695395469663 1.2143461108207705 -0.62016034126281727 1.1900601387023928 -0.80948397517204274 -0.794795662164688 -0.82265678048133839
decision_type=2 2 2 2 2 2 2 2 2 2 2 2 2 2 2 2 2 2 2 2 2 2 2 2 2 2
left_child=2 12 3 4 5 -1 7 -4 17 16 -9 -11 14 -5 15 -2 -10 25 -19 -14 -8 -21 -16 -15 -6 -3
right_child=1 8 6 13 24 -7 20 10 9 11 -12 -13 19 23 22 -17 -18 18 -20 21 -22 -23 -24 -25 -26 -27
leaf_value=0 0 0 0 0 3.4008103942352879e-08 -2.1322371896373666e-07 2.7785987583161552e-08 0 0 -3.1248594618040396e-08 -3.3745366291276291e-07 7.9561911650927445e-08 0 2.0936687309419172e-07 0 -1.1629798947689731e-07 3.2292796419910824e-07 1.9955174909590258e-07 0 0 -7.2145438118924275e-08 7.3065435263357382e-08 6.3747086080569062e-08 0 0 -1.9990092216780601e-08
leaf_weight=4233 121472 63447 12296 1745 23119 46799 5474 6831 5572 5253 29642 127962 4979 13539 1394 66683 20514 7911 1172 1846 12564 64683 23462 2588 1797 22646
leaf_count=4233 121472 63447 12296 1745 23119 46799 5474 6831 5572 5253 29642 127962 4979 13539 1394 66683 20514 7911 1172 1846 12564 64683 23462 2588 1797 22646
internal_value=1.90042e-09 3.56024e-08 -9.87379e-08 -2.09543e-08 -8.31413e-08 -1.63771e-07 -1.78036e-07 -2.28417e-07 7.57965e-08 1.0724e-07 -2.87711e-07 6.0179e-08 0 1.31405e-07 -1.82719e-08 -3.72957e-08 2.70896e-07 2.15472e-09 1.40694e-07 5.30461e-08 0 6.62907e-08 4.52704e-08 1.86788e-07 1.73199e-09 0
internal_weight=699623 538996 160627 93820 75948 51032 66807 48769 254477 159301 36473 133215 284519 17872 213011 188155 26086 95176 9083 71508 18038 66529 24856 16127 24916 86093
internal_count=699623 538996 160627 93820 75948 51032 66807 48769 254477 159301 36473 133215 284519 17872 213011 188155 26086 95176 9083 71508 18038 66529 24856 16127 24916 86093
is_linear=0
shrinkage=0.02


Tree=168
num_leaves=30
num_cat=0
split_feature=1 5 3 0 3 1 0 1 5 5 3 5 0 1 1 1 0 3 0 1 0 3 0 0 0 5 1 0 3
split_gain=1.07515e-05 5.05382e-06 2.24121e-06 3.73941e-06 5.64536e-06 2.73733e-06 4.82619e-06 1.88752e-06 1.62972e-06 2.81997e-06 2.24967e-06 1.89699e-06 1.74502e-06 1.55462e-06 7.87209e-07 9.67032e-07 4.02846e-07 2.9223e-07 2.34319e-07 2.92937e-07 1.66595e-07 1.47341e-07 5.27236e-07 2.24989e-07 8.53144e-08 6.06694e-08 1.13839e-08 5.06707e-09 1.18038e-09
threshold=-0.0066061720717698327 0.97702342271804821 -0.014214442577213047 -0.82864734530448902 1.5450865626335146 -0.016319548711180683 -0.800277680158615 -0.045517876744270318 0.70304545760154735 -1.8184449076652525 -0.01401675585657358 2.1655551195144658 -0.76158341765403736 -0.0059062461368739596 -0.38251531124114985 -0.0070691171567887059 -0.82361289858818043 1.542349696159363 -0.82300785183906544 -0.0062420733738690606 -0.82259488105773915 -1.549938380718231 -0.76832804083824147 1.2063207626342776 1.213801443576813 2.4471274614334111 0.24620272219181064 -0.80614167451858509 1.5487532019615176
decision_type=2 2 2 2 2 2 2 2 2 2 2 2 2 2 2 2 2 2 2 2 2 2 2 2 2 2 2 2 2
left_child=1 2 5 7 -5 16 -7 -4 9 18 26 21 27 -12 25 20 -1 -14 -2 -20 -16 23 -23 -10 -17 28 -11 -13 -3
right_child=8 14 3 4 -6 6 -8 -9 11 10 13 12 17 -15 15 24 -18 -19 19 -21 -22 22 -24 -25 -26 -27 -28 -29 -30
leaf_value=0 0 -1.0066664201979739e-07 -1.0893662335511605e-07 -2.5928726116003926e-07 0 3.0929162843251547e-07 -5.1174918163207943e-08 2.0591904743468174e-07 0 0 0 1.2793108661419751e-08 4.368207234406278e-07 2.7096728615368873e-07 0 -7.3453918949697388e-08 -1.5962515730091236e-07 0 0 -1.2380268512839215e-07 1.0776155526652486e-07 2.5259446492545411e-10 -7.4433154585813907e-08 9.5437900624705041e-08 0 0 3.4292782998547023e-08 0 0
leaf_weight=7124 5727 6443 8693 121423 38095 22015 26556 15424 817 23792 21036 12384 9075 78954 19746 6945 40019 2602 1684 13760 75092 78052 39332 15580 795 437 3872 3590 559
leaf_count=7124 5727 6443 8693 121423 38095 22015 26556 15424 817 23792 21036 12384 9075 78954 19746 6945 40019 2602 1684 13760 75092 78052 39332 15580 795 437 3872 3590 559
internal_value=1.92561e-09 -6.5093e-08 -1.12312e-07 -1.54995e-07 -1.92402e-07 -9.5275e-09 7.10315e-08 9.50027e-09 9.24788e-08 1.45424e-07 1.83007e-07 3.12794e-08 1.82082e-07 2.27502e-07 3.6625e-08 6.41329e-08 -1.34951e-07 3.71865e-07 0 -7.79028e-08 9.21525e-08 0 -7.73441e-09 5.62678e-08 -2.07928e-08 -7.38331e-08 0 0 -9.6215e-08
internal_weight=699623 389366 279349 183635 159518 95714 48571 24117 310257 148825 127654 161432 27651 99990 110017 102578 47143 11677 21171 15444 94838 133781 117384 16397 7740 7439 27664 15974 7002
internal_count=699623 389366 279349 183635 159518 95714 48571 24117 310257 148825 127654 161432 27651 99990 110017 102578 47143 11677 21171 15444 94838 133781 117384 16397 7740 7439 27664 15974 7002
is_linear=0
shrinkage=0.02


Tree=169
num_leaves=26
num_cat=0
split_feature=5 4 2 2 0 4 0 0 5 2 2 5 5 5 2 2 5 2 4 2 2 2 5 2 4
split_gain=5.24722e-06 1.86499e-06 2.34662e-06 2.54987e-06 1.45536e-06 1.87494e-06 2.02247e-06 1.83082e-06 1.19206e-06 1.02365e-06 1.07803e-06 1.09815e-06 8.31139e-07 6.22128e-07 8.4115e-07 5.75486e-07 5.06709e-07 7.42036e-07 4.75995e-07 4.5102e-07 2.84834e-07 2.84663e-07 1.51201e-06 9.60398e-07 2.0438e-07
threshold=-1.2630876898765562 -0.1019337736070156 0.21893128007650378 0.31525824964046484 -0.77513739466667164 0.3086757510900498 -0.81532222032546986 -0.83550119400024403 -0.4123926162719726 0.20733901858329776 0.34416165947914129 1.5261341333389284 2.0241403579711919 -2.9997932910919185 0.19769876450300219 0.27847312390804296 -1.4199540615081785 0.19167646020650866 -0.59741503000259388 0.20705156773328784 0.38251720368862158 0.19769876450300219 1.7308012843132021 0.20652751624584201 -0.32528607547283167
decision_type=2 2 2 2 2 2 2 2 2 2 2 2 2 2 2 2 2 2 2 2 2 2 2 2 2
left_child=4 9 21 8 5 6 7 -1 -4 19 11 -11 -12 -7 -15 -8 17 -6 -19 24 -5 22 -3 -23 -2
right_child=1 2 3 20 16 13 15 -9 -10 10 12 -13 -14 14 -16 -17 -18 18 -20 -21 -22 23 -24 -25 -26
leaf_value=0 0 -2.6148512166828669e-07 0 0 0 0 1.1283527156278972e-07 -2.0779629437672497e-07 1.7699929075001599e-07 -5.9663137691443017e-08 2.3763800772819192e-07 2.2322013134404604e-08 0 0 2.4082384520068713e-07 0 0 0 -2.2209245967996928e-07 3.8316731499469044e-07 -1.4081179413111035e-07 1.3743281091693959e-07 0 -4.2966452954189286e-08 7.17030418169809e-08
leaf_weight=4233 14310 10530 30545 32894 1733 1745 18097 46799 122115 179542 10400 59001 1672 834 15293 6819 9399 1004 54671 3656 5746 17138 2760 32749 15938
leaf_count=4233 14310 10530 30545 32894 1733 1745 18097 46799 122115 179542 10400 59001 1672 834 15293 6819 9399 1004 54671 3656 5746 17138 2760 32749 15938
internal_value=1.9466e-09 3.46095e-08 7.39495e-08 1.10337e-07 -9.52049e-08 -1.8267e-08 -7.94702e-08 -1.58894e-07 1.48111e-07 0 -1.45282e-08 -3.10008e-08 1.45297e-07 1.29912e-07 1.84754e-07 2.93352e-09 -1.73315e-07 -1.9618e-07 -2.12169e-07 1.02551e-07 0 -4.57527e-09 -9.30977e-08 0 2.51289e-09
internal_weight=699623 538996 254477 191300 160627 93820 75948 51032 152660 284519 250615 238543 12072 17872 16127 24916 66807 57408 55675 33904 38640 63177 13290 49887 30248
internal_count=699623 538996 254477 191300 160627 93820 75948 51032 152660 284519 250615 238543 12072 17872 16127 24916 66807 57408 55675 33904 38640 63177 13290 49887 30248
is_linear=0
shrinkage=0.02


Tree=170
num_leaves=28
num_cat=0
split_feature=1 5 4 1 4 4 5 0 0 0 5 4 1 4 5 0 1 5 5 0 4 5 0 5 0 0 0
split_gain=1.02604e-05 4.46217e-06 3.78444e-06 3.07083e-06 3.00399e-06 2.53523e-06 3.55037e-06 1.70677e-06 1.4508e-06 1.69275e-06 1.42714e-06 1.04643e-06 9.96605e-07 8.04526e-07 7.77797e-07 7.52201e-07 6.44109e-07 6.17497e-07 5.54577e-07 3.55014e-07 2.21016e-07 2.05923e-07 4.7064e-07 3.10534e-07 6.34544e-08 5.13736e-07 1.21483e-07
threshold=-0.0057980886194854966 1.1017863750457766 -0.45045319199562067 -0.0099295680411159975 0.19231960922479632 -0.098992612212896333 0.79872074723243724 1.2148808836936953 -0.76158341765403736 1.21075975894928 -1.7152880430221555 -0.15640587359666822 0.54579138755798351 0.83452183008193981 1.5261341333389284 -0.82380205392837513 -0.0030996017158031459 1.7902358174324038 -0.93507561087608326 -0.80161607265472401 -0.60703358054161061 -0.76487541198730458 -0.77294790744781483 0.16952627897262576 -0.82025796175003041 -0.82582968473434437 -0.76158341765403736
decision_type=2 2 2 2 2 2 2 2 2 2 2 2 2 2 2 2 2 2 2 2 2 2 2 2 2 2 2
left_child=1 2 21 4 -4 12 7 10 19 -10 -7 24 14 15 16 -13 -2 -14 -5 -8 -16 22 -1 -23 25 -3 -26
right_child=5 11 3 18 -6 6 8 -9 9 -11 -12 13 17 -15 20 -17 -18 -19 -20 -21 -22 23 -24 -25 26 -27 -28
leaf_value=1.2866767932648702e-07 -1.1253813185108297e-07 0 -2.1763892526603018e-07 -7.462031302773751e-08 0 0 0 0 3.9650481309754646e-07 0 3.6180932337712481e-07 0 2.986684416407355e-07 0 0 1.7641047283120941e-07 0 0 2.9899928187130423e-08 -1.3200202988046681e-07 9.2001400296508105e-08 -7.9310560302959591e-08 0 2.1667002151151225e-08 5.376210632401674e-08 -1.8158304533397511e-07 0
leaf_weight=16780 28775 8012 146679 33713 42332 10276 30633 9007 8205 16986 48328 8831 7582 13319 476 38983 43823 1764 38154 8381 34585 17789 10278 26237 16812 7002 25671
leaf_count=16780 28775 8012 146679 33713 42332 10276 30633 9007 8205 16986 48328 8831 7582 13319 476 38983 43823 1764 38154 8381 34585 17789 10278 26237 16812 7002 25671
internal_value=0 -5.57053e-08 -9.5241e-08 -1.31596e-07 -1.74359e-07 1.04283e-07 1.67297e-07 2.73916e-07 2.38714e-08 1.55978e-07 3.13387e-07 3.80681e-08 1.61993e-08 9.82806e-08 0 1.38131e-07 -3.83529e-08 2.14333e-07 0 -1.01651e-08 7.63404e-08 1.00471e-08 5.7527e-08 0 0 -4.1116e-08 0
internal_weight=699413 450592 331962 260878 189011 248821 131816 67611 64205 25191 58604 118630 117005 61133 107659 47814 72598 9346 71867 39014 35061 71084 27058 44026 57497 15014 42483
internal_count=699413 450592 331962 260878 189011 248821 131816 67611 64205 25191 58604 118630 117005 61133 107659 47814 72598 9346 71867 39014 35061 71084 27058 44026 57497 15014 42483
is_linear=0
shrinkage=0.02


Tree=171
num_leaves=26
num_cat=0
split_feature=1 2 1 0 0 1 1 4 4 4 4 2 2 2 2 0 0 1 4 0 0 0 2 2 0
split_gain=9.89408e-06 4.08737e-06 4.4851e-06 5.22937e-06 4.53224e-06 4.39352e-06 4.03679e-06 3.37528e-06 2.43201e-06 1.58482e-06 1.55283e-06 1.45797e-06 1.23069e-06 7.45094e-07 7.41731e-07 5.21375e-07 7.50574e-07 6.19508e-07 4.21213e-07 2.45872e-07 2.32132e-07 1.17023e-06 2.10328e-07 1.64816e-07 3.95688e-08
threshold=-0.0057980886194854966 0.28929464519023901 -0.045517876744270318 -0.83550119400024403 -0.82164779305458058 -0.027171454392373558 -0.0072754085995256892 1.3905907869338991 -0.098992612212896333 1.0385937094688418 0.20245481282472613 0.21978401392698291 0.21337385475635531 0.19769876450300219 0.38618315756320959 -0.80213230848312367 1.2052083015441897 0.54579138755798351 -0.45045319199562067 1.2140682935714724 -0.77752143144607533 1.1780284047126772 0.29303336143493658 0.26817244291305548 -0.79249149560928334
decision_type=2 2 2 2 2 2 2 2 2 2 2 2 2 2 2 2 2 2 2 2 2 2 2 2 2
left_child=1 2 9 23 -5 20 7 -7 12 11 -8 -1 18 -10 24 17 -17 -14 -2 -20 22 -22 -3 -4 -15
right_child=8 5 3 4 -6 6 10 -9 13 -11 -12 -13 15 14 -16 16 -18 -19 19 -21 21 -23 -24 -25 -26
leaf_value=0 0 0 0 -1.4269766648336632e-07 3.4580785394216815e-08 -6.1327107827211455e-07 0 0 0 0 -2.4380061446305169e-07 -2.6537803776331235e-07 -9.3434346224208548e-08 9.5907151733333642e-08 0 1.3893122260394082e-07 0 0 2.4312347022103426e-07 0 -2.8437397367311348e-07 0 8.4402178985637965e-08 5.5847408491753154e-07 2.4801978481530037e-07
leaf_weight=16628 4547 1489 3969 76380 220094 19974 11722 1785 5825 5304 10747 45058 46575 66341 1786 18132 29263 4012 13338 1138 6651 8818 15050 6923 57864
leaf_count=16628 4547 1489 3969 76380 220094 19974 11722 1785 5825 5304 10747 45058 46575 66341 1786 18132 29263 4012 13338 1138 6651 8818 15050 6923 57864
internal_value=0 -5.45747e-08 -2.12646e-08 4.8372e-09 -4.34519e-09 -1.91909e-07 -3.21275e-07 -5.32165e-07 1.02528e-07 -1.70881e-07 -2.80362e-08 -2.04909e-07 1.58219e-08 1.64318e-07 1.7497e-07 0 3.24001e-08 -5.60274e-08 1.65583e-07 2.18331e-07 0 -6.71592e-08 3.73575e-08 4.38394e-07 1.82875e-07
internal_weight=699413 450592 374356 307366 296474 76236 44228 21759 248821 66990 22469 61686 117005 131816 125991 97982 47395 50587 19023 14476 32008 15469 16539 10892 124205
internal_count=699413 450592 374356 307366 296474 76236 44228 21759 248821 66990 22469 61686 117005 131816 125991 97982 47395 50587 19023 14476 32008 15469 16539 10892 124205
is_linear=0
shrinkage=0.02


Tree=172
num_leaves=24
num_cat=0
split_feature=5 5 0 4 0 0 5 2 4 2 2 2 2 0 2 5 5 2 0 2 5 0 4
split_gain=4.65153e-06 1.93473e-06 1.71976e-06 1.82147e-06 1.77025e-06 1.72224e-06 1.36106e-06 1.32032e-06 9.53265e-07 2.29934e-06 2.1517e-06 1.03075e-06 1.43032e-06 8.90828e-07 7.4492e-07 6.88561e-07 6.80429e-07 9.00238e-07 5.93459e-07 4.98365e-07 4.25248e-07 2.72343e-07 2.49662e-07
threshold=-1.2630876898765562 2.250369787216187 -0.77513739466667164 0.3086757510900498 -0.81532222032546986 -0.83550119400024403 -2.9997932910919185 0.35104535520076757 -0.1157933473587036 0.19769876450300219 0.31525824964046484 0.34207031130790716 0.24565702676773074 1.2214513421058657 0.21978401392698291 1.716461777687073 -2.9997932910919185 0.19769876450300219 1.2221465110778811 0.27847312390804296 2.0241403579711919 -0.82380205392837513 0.7047223448753358
decision_type=2 2 2 2 2 2 2 2 2 2 2 2 2 2 2 2 2 2 2 2 2 2 2
left_child=2 8 3 4 5 -1 13 21 11 15 -11 12 -2 -4 -8 -10 -5 -18 -16 -6 -13 -3 -23
right_child=1 7 6 16 19 -7 14 -9 9 10 -12 20 -14 -15 18 -17 17 -19 -20 -21 -22 22 -24
leaf_value=0 1.5955258060356308e-08 0 -9.617640452371622e-07 0 1.0484695284610945e-07 -1.9706383039410994e-07 0 0 -2.4840463444968672e-07 9.8046600290690983e-08 -3.8974707406316516e-08 2.1089019911446095e-07 -7.0678345198980679e-08 0 -1.9760956255988497e-07 0 0 2.5037240187623463e-07 0 0 0 2.8204248819758185e-07 0
leaf_weight=4183 124340 5892 2302 1730 18134 46642 12886 2270 11016 188251 36617 10881 129036 1175 35027 1538 815 15336 15723 6843 773 23506 4497
leaf_count=4183 124340 5892 2302 1730 18134 46642 12886 2270 11016 188251 36617 10881 129036 1175 35027 1538 815 15336 15723 6843 773 23506 4497
internal_value=0 2.96213e-08 -9.29095e-08 -1.25768e-08 -7.39301e-08 -1.48606e-07 -1.75245e-07 1.76993e-07 1.50333e-08 4.53928e-08 6.68402e-08 -4.61733e-09 -2.0271e-08 -7.14096e-07 -1.14373e-07 -1.79461e-07 1.35664e-07 1.92945e-07 -1.49245e-07 0 1.64101e-07 2.21373e-07 2.5141e-07
internal_weight=699413 538617 160796 93683 75802 50825 67113 36165 502452 237422 224868 265030 253376 3477 63636 12554 17881 16151 50750 24977 11654 33895 28003
internal_count=699413 538617 160796 93683 75802 50825 67113 36165 502452 237422 224868 265030 253376 3477 63636 12554 17881 16151 50750 24977 11654 33895 28003
is_linear=0
shrinkage=0.02


Tree=173
num_leaves=28
num_cat=0
split_feature=1 5 2 1 2 4 4 5 4 2 4 5 4 5 1 4 2 2 2 2 4 1 5 5 2 2 5
split_gain=9.47251e-06 4.15905e-06 3.73059e-06 2.93184e-06 3.11593e-06 2.26274e-06 2.73555e-06 2.26228e-06 4.33657e-06 1.9771e-06 1.7247e-06 1.61972e-06 1.29735e-06 1.23561e-06 1.22301e-06 9.85922e-07 9.43117e-07 7.51105e-07 6.94422e-07 6.91862e-07 6.68476e-07 6.51662e-07 6.01764e-07 5.13714e-07 8.67642e-07 3.63388e-07 7.219e-08
threshold=-0.0057980886194854966 1.1017863750457766 0.28929464519023901 -0.045517876744270318 0.20942569524049762 -0.63389638066291798 1.3905907869338991 0.68347594141960155 -0.046104146167635911 0.19769876450300219 0.12807027995586398 1.5261341333389284 1.0385937094688418 -1.8184449076652525 0.47703766822814947 -0.15640587359666822 0.31525824964046484 0.20280085504055026 0.23735909163951877 0.20794577896595004 -0.22003575414419171 -0.0030996017158031459 -1.036153197288513 2.1655551195144658 0.27550996840000158 0.31122267246246343 -2.1482818126678462
decision_type=2 2 2 2 2 2 2 2 2 2 2 2 2 2 2 2 2 2 2 2 2 2 2 2 2 2 2
left_child=1 2 3 12 -5 -4 -7 8 14 -10 11 21 -1 -11 22 18 17 -17 19 -3 -13 -9 -2 24 -12 -20 -16
right_child=7 15 5 4 -6 6 -8 10 9 13 23 20 -14 -15 26 16 -18 -19 25 -21 -22 -23 -24 -25 -26 -27 -28
leaf_value=-2.2405642006991325e-07 -9.7886020635672724e-08 0 0 -1.6775246218171815e-07 1.5600284585253628e-08 -3.4784231273743609e-07 0 -1.2657684882306442e-07 0 0 0 0 0 3.7951559693522598e-07 0 0 0 1.5769416299224646e-07 8.022151795588945e-08 -1.7340980828227218e-07 2.3311203476943501e-07 4.1061862147584774e-08 3.4823304236313257e-08 0 -2.14822292344566e-07 0 3.1911381453968998e-07
leaf_weight=48124 21150 7339 3020 43722 180998 45652 6781 13298 2656 9032 14274 25890 3665 43951 201 4806 6742 49585 27451 17399 28744 28235 31379 9903 14948 5308 5160
leaf_count=48124 21150 7339 3020 43722 180998 45652 6781 13298 2656 9032 14274 25890 3665 43951 201 4806 6742 49585 27451 17399 28744 28235 31379 9903 14948 5308 5160
internal_value=0 -5.33345e-08 -9.15838e-08 -5.21594e-08 -1.11733e-08 -2.52101e-07 -2.9065e-07 1.00382e-07 1.70957e-07 3.01129e-07 2.63767e-08 8.20054e-08 -1.91385e-07 3.3189e-07 1.12987e-08 3.68393e-08 9.53129e-08 1.30944e-07 0 -9.98142e-08 1.53934e-07 0 0 -5.92372e-08 -1.08305e-07 3.09135e-08 3.04351e-07
internal_weight=699413 450592 331962 276509 224720 55453 52433 248821 113529 55639 135292 96167 51789 52983 57890 118630 61133 54391 57497 24738 54634 41533 52529 39125 29222 32759 5361
internal_count=699413 450592 331962 276509 224720 55453 52433 248821 113529 55639 135292 96167 51789 52983 57890 118630 61133 54391 57497 24738 54634 41533 52529 39125 29222 32759 5361
is_linear=0
shrinkage=0.02


Tree=174
num_leaves=28
num_cat=0
split_feature=1 5 2 1 2 4 4 4 5 2 5 4 2 4 2 2 5 2 2 2 1 5 2 4 5 2 5
split_gain=9.14264e-06 3.9787e-06 3.53845e-06 2.80169e-06 2.99471e-06 2.20179e-06 2.64544e-06 2.17401e-06 3.32989e-06 1.58032e-06 1.76847e-06 1.2623e-06 1.16e-06 9.37785e-07 9.1538e-07 7.30298e-07 6.79161e-07 6.58015e-07 6.69813e-07 4.94092e-07 4.78053e-07 7.22554e-07 4.64303e-07 3.99822e-07 4.86342e-07 3.52559e-07 2.91571e-07
threshold=-0.0057980886194854966 1.1017863750457766 0.28929464519023901 -0.045517876744270318 0.20942569524049762 -0.63389638066291798 1.3905907869338991 -0.098992612212896333 0.79872074723243724 0.19769876450300219 -1.7152880430221555 1.0385937094688418 0.21337385475635531 -0.15640587359666822 0.31525824964046484 0.20280085504055026 2.1655551195144658 0.23735909163951877 0.20794577896595004 0.38240106403827673 0.0071905783843249091 1.5261341333389284 0.3164959996938706 -0.45045319199562067 1.7308012843132021 0.31122267246246343 -0.95464482903480519
decision_type=2 2 2 2 2 2 2 2 2 2 2 2 2 2 2 2 2 2 2 2 2 2 2 2 2 2 2
left_child=1 2 3 11 -5 -4 -7 12 9 -9 -11 -1 23 17 15 -15 22 18 -3 -18 21 -14 -10 -2 -25 -19 -22
right_child=7 13 5 4 -6 6 -8 8 16 10 -12 -13 20 14 -16 -17 19 25 -20 -21 26 -23 -24 24 -26 -27 -28
leaf_value=-2.1957530133149046e-07 0 0 0 -1.6439742190593888e-07 1.5288279049041378e-08 -3.408854833737175e-07 0 0 5.8094775347004477e-09 0 3.3522843460865008e-07 0 -1.0270251968080337e-07 0 0 1.5454028545342656e-07 1.7228703053545475e-07 7.8617092893340779e-08 -1.6994163261057834e-07 0 0 0 -1.4290509394632751e-07 2.8536452205929485e-07 0 0 7.2092402668063393e-08
leaf_weight=48124 4547 7339 3020 43722 180998 45652 6781 3367 38206 11580 52664 3665 40069 4806 6742 49585 16516 27451 17399 452 6992 17398 9031 10397 4079 5308 33523
leaf_count=48124 4547 7339 3020 43722 180998 45652 6781 3367 38206 11580 52664 3665 40069 4806 6742 49585 16516 27451 17399 452 6992 17398 9031 10397 4079 5308 33523
internal_value=0 -5.22617e-08 -8.97057e-08 -5.10532e-08 -1.07718e-08 -2.46374e-07 -2.84593e-07 9.87493e-08 1.57449e-07 2.60235e-07 2.848e-07 -1.87221e-07 1.55253e-08 3.56585e-08 9.27548e-08 1.28069e-07 1.80608e-08 0 -9.73749e-08 1.31319e-07 0 -4.82198e-08 0 1.60853e-07 2.12247e-07 2.9569e-08 3.77059e-08
internal_weight=699413 450592 331962 276509 224720 55453 52433 248821 131816 67611 64244 51789 117005 118630 61133 54391 64205 57497 24738 16968 97982 57467 47237 19023 14476 32759 40515
internal_count=699413 450592 331962 276509 224720 55453 52433 248821 131816 67611 64244 51789 117005 118630 61133 54391 64205 57497 24738 16968 97982 57467 47237 19023 14476 32759 40515
is_linear=0
shrinkage=0.02


Tree=175
num_leaves=28
num_cat=0
split_feature=5 4 2 2 2 5 2 4 2 3 3 5 2 2 2 2 2 4 3 4 5 2 2 2 2 4 2
split_gain=4.17191e-06 2.20812e-06 2.04168e-06 2.17461e-06 3.27968e-06 1.06883e-06 1.31919e-06 2.08184e-06 1.32032e-06 1.19778e-06 9.7087e-07 9.35489e-07 2.7438e-06 3.01165e-06 1.57159e-06 1.32024e-06 8.25754e-07 5.98475e-07 5.88978e-07 9.34976e-07 3.95342e-07 2.6012e-07 1.20968e-06 2.73991e-07 2.2692e-07 6.07558e-08 2.17427e-09
threshold=-1.3992488980293272 -0.1019337736070156 0.21893128007650378 0.27682664990425115 0.26848219335079199 -2.9997932910919185 0.2490995451807976 0.83452183008193981 0.19841020554304126 -0.0089661153033375723 -0.010151803027838467 1.3498364686965945 0.26084078848361975 0.31554193794727331 0.26432409882545477 0.3085837215185166 0.3085837215185166 2.9999792575836186 -0.010151803027838467 -0.12404925376176833 -0.85132980346679676 0.19769876450300219 0.20794577896595004 0.1808944642543793 0.22832852602005008 2.9999792575836186 0.26195338368415838
decision_type=2 2 2 2 2 2 2 2 2 2 2 2 2 2 2 2 2 2 2 2 2 2 2 2 2 2 2
left_child=5 11 21 4 -4 18 7 10 -9 17 -7 12 20 -14 24 -16 -5 -8 19 -1 -2 23 -23 -3 -13 -21 -11
right_child=1 2 3 16 -6 6 9 8 -10 26 -12 14 13 -15 15 -17 -18 -19 -20 25 -22 22 -24 -25 -26 -27 -28
leaf_value=0 -1.81970839053735e-08 0 8.9776551497734661e-08 -3.8521676971588641e-08 4.4992992373955812e-07 0 -1.7919784699044509e-07 0 5.3155460324169184e-07 0 -1.6232324820277862e-07 6.2696444740666421e-09 -1.9776610045252096e-07 2.233478178331914e-08 2.5553503873226615e-07 0 7.240397350291664e-08 0 0 -6.3822995834849564e-07 4.1990187532857314e-08 1.3272397743629006e-07 -5.5068988820588768e-08 -1.3042154561709311e-07 -5.4395308952653791e-08 0 7.3646275872294833e-09
leaf_weight=808 24083 1269 91015 34846 17953 36215 53339 400 4717 5233 15803 25114 63256 17037 20333 17242 53801 1770 2569 4362 98505 22494 28894 12560 30343 377 16035
leaf_count=808 24083 1269 91015 34846 17953 36215 53339 400 4717 5233 15803 25114 63256 17037 20333 17242 53801 1770 2569 4362 98505 22494 28894 12560 30343 377 16035
internal_value=2.30538e-09 2.96262e-08 7.22763e-08 1.05264e-07 1.67468e-07 -9.13581e-08 -5.91194e-08 0 3.96554e-07 -1.14099e-07 -2.32195e-08 -1.49722e-09 -3.17003e-08 -1.26155e-07 4.28706e-08 1.45879e-07 6.23916e-09 -1.63513e-07 -3.75269e-07 -4.98516e-07 1.38513e-08 0 0 -8.67401e-08 0 -6.08116e-07 0
internal_weight=700373 558745 262832 197615 108968 141628 133512 57135 5117 76377 52018 295913 202881 80293 93032 37575 88647 55109 8116 5547 122588 65217 51388 13829 55457 4739 21268
internal_count=700373 558745 262832 197615 108968 141628 133512 57135 5117 76377 52018 295913 202881 80293 93032 37575 88647 55109 8116 5547 122588 65217 51388 13829 55457 4739 21268
is_linear=0
shrinkage=0.02


Tree=176
num_leaves=29
num_cat=0
split_feature=1 5 2 1 2 1 5 3 1 5 5 2 2 2 1 2 2 3 1 1 2 2 1 1 1 5 1 1
split_gain=9.54592e-06 3.92508e-06 2.69131e-06 4.03678e-06 2.94508e-06 3.94982e-06 2.41939e-06 2.09221e-06 2.05237e-06 1.57173e-06 1.54857e-06 1.4751e-06 1.16412e-06 1.43535e-06 1.78948e-06 1.07812e-06 7.93886e-07 7.20103e-07 3.84846e-07 9.68211e-07 3.75794e-07 3.66672e-07 7.47104e-07 3.79279e-07 2.03259e-07 1.49379e-07 4.65307e-08 8.46687e-09
threshold=-0.0066061720717698327 0.99326771497726452 0.28929464519023901 -0.028131793253123757 0.21033938229084018 -0.045517876744270318 0.68347594141960155 -0.01377098076045513 -0.0067667609546333543 -1.8409551382064817 2.1655551195144658 0.19769876450300219 0.23817130178213122 0.25395394861698156 -0.017436144873499867 0.3687931895256043 0.35104535520076757 0.019835521467030052 -0.013139832764863966 -0.0070691171567887059 0.20794577896595004 0.22861430048942569 -0.00044116322533227498 -0.006189157022163271 0.28815434873104101 -0.91478043794631947 2.1072912216186528 -0.0062844837084412566
decision_type=2 2 2 2 2 2 2 2 2 2 2 2 2 2 2 2 2 2 2 2 2 2 2 2 2 2 2 2
left_child=1 2 4 25 8 -6 7 24 -1 -9 21 -11 18 14 -14 -5 26 -15 20 -20 -3 23 -23 -8 27 -4 -12 -2
right_child=6 12 3 15 5 -7 10 9 -10 11 16 -13 13 17 -16 -17 -18 -19 19 -21 -22 22 -24 -25 -26 -27 -28 -29
leaf_value=-2.875587154993982e-07 0 0 -7.9082335533724225e-08 -5.462375868076919e-07 -2.022020061695501e-07 9.9097677870504506e-09 0 0 0 0 2.0344582610695701e-07 2.4047413954603965e-07 0 -1.9645044393784117e-08 4.0472687311852917e-07 0 0 1.2586472024272887e-07 1.3274353585917137e-07 -1.2327472510755453e-07 -1.3156847755637001e-07 -9.0136971965953894e-08 0 8.4423503997519401e-08 1.3600979406429073e-07 0 0 -1.3945764160755603e-08
leaf_weight=35503 3038 5260 9554 16750 40905 160964 9740 15877 4808 5456 24596 92488 4264 29026 11157 2045 2525 17475 15845 7112 18276 46744 48445 30508 4301 10852 504 26355
leaf_count=35503 3038 5260 9554 16750 40905 160964 9740 15877 4808 5456 24596 92488 4264 29026 11157 2045 2525 17475 15845 7112 18276 46744 48445 30508 4301 10852 504 26355
internal_value=2.26119e-09 -6.0664e-08 -1.01877e-07 -2.74409e-07 -6.56911e-08 -2.31634e-08 8.76764e-08 1.49404e-07 -2.29046e-07 1.90478e-07 1.95688e-08 2.20414e-07 2.78524e-08 9.31803e-08 2.68505e-07 -4.92916e-07 1.57108e-07 0 -1.61378e-08 0 -8.39939e-08 0 -2.91599e-08 4.04118e-08 0 0 1.99543e-07 -7.69158e-09
internal_weight=700373 389796 281381 39201 242180 201869 310577 147515 40311 113821 163062 97944 108415 61922 15421 18795 27625 46501 46493 22957 23536 135437 95189 40248 33694 20406 25100 29393
internal_count=700373 389796 281381 39201 242180 201869 310577 147515 40311 113821 163062 97944 108415 61922 15421 18795 27625 46501 46493 22957 23536 135437 95189 40248 33694 20406 25100 29393
is_linear=0
shrinkage=0.02


Tree=177
num_leaves=28
num_cat=0
split_feature=1 3 3 1 3 1 3 4 1 4 2 4 4 1 4 4 2 2 2 2 2 2 3 1 1 1 4
split_gain=9.19136e-06 3.07854e-06 5.06348e-06 6.31604e-06 3.86941e-06 6.36124e-06 3.20417e-06 2.87456e-06 2.65832e-06 1.99999e-06 1.278e-06 9.22838e-07 1.67275e-06 8.66664e-07 8.1883e-07 5.19808e-07 9.28013e-07 6.69084e-07 2.64022e-07 2.74041e-08 2.65146e-08 4.05298e-07 1.79974e-07 1.83571e-08 2.54323e-07 7.40124e-08 1.02417e-08
threshold=-0.0066061720717698327 1.5472643971443178 -0.013923574704676865 -0.021067881956696507 -1.5209892392158506 -0.017436144873499867 -1.5873896479606626 -0.45045319199562067 -0.045517876744270318 -0.32000666856765742 0.35104535520076757 0.046626728028059013 0.98864674568176281 -0.013372395653277634 -0.47126354277133936 -0.1157933473587036 0.19769876450300219 0.21337385475635531 0.28929464519023901 0.35543212294578558 0.38230906426906591 0.30784957110881811 1.534297049045563 -0.024912522174417969 -0.047233905643224709 -0.016043266281485554 -0.4927601814270019
decision_type=2 2 2 2 2 2 2 2 2 2 2 2 2 2 2 2 2 2 2 2 2 2 2 2 2 2 2
left_child=1 2 4 8 6 -6 -1 -5 -4 20 15 19 -13 23 -15 17 -17 -11 -16 -12 21 26 -23 24 -3 -25 -2
right_child=9 13 3 7 5 -7 -8 -9 -10 10 11 12 -14 14 18 16 -18 -19 -20 -21 -22 22 -24 25 -26 -27 -28
leaf_value=0 1.3258678002863634e-08 0 -1.0969940883512072e-07 0 -5.3117343842692736e-08 2.8230690590688831e-07 -2.382330023803387e-07 -3.0531001507838292e-07 1.0639083087521439e-07 1.4243015929039273e-07 0 -3.7200583113385246e-07 0 0 2.6711690943138603e-07 0 1.6834433974572773e-07 0 0 1.5945475642137569e-07 3.9479990893090281e-08 -1.2708274861343948e-07 0 -6.8567368837501609e-08 1.1452352215305095e-07 0 0
leaf_weight=32843 23304 9921 55605 18597 33075 41278 35078 86918 34965 16779 661 6509 7714 4281 13893 8375 145213 49652 228 5837 2326 14928 453 6855 8116 8143 28826
leaf_count=32843 23304 9921 55605 18597 33075 41278 35078 86918 34965 16779 661 6509 7714 4281 13893 8375 145213 49652 228 5837 2326 14928 453 6855 8116 8143 28826
internal_value=2.14693e-09 -5.95443e-08 -8.42547e-08 -1.50262e-07 0 1.06199e-07 -1.02183e-07 -2.56687e-07 -4.19433e-09 8.60134e-08 1.13435e-07 0 -1.27629e-07 6.41213e-08 1.74158e-07 1.28074e-07 1.56133e-07 3.30933e-08 2.50441e-07 1.45439e-07 0 -1.01683e-08 -1.04852e-07 0 1.61743e-08 -1.32275e-08 0
internal_weight=700373 389796 338359 196085 142274 74353 67921 105515 90570 310577 240740 20721 14223 51437 18402 220019 153588 66431 14121 6498 69837 67511 15381 33035 18037 14998 52130
internal_count=700373 389796 338359 196085 142274 74353 67921 105515 90570 310577 240740 20721 14223 51437 18402 220019 153588 66431 14121 6498 69837 67511 15381 33035 18037 14998 52130
is_linear=0
shrinkage=0.02


Tree=178
num_leaves=29
num_cat=0
split_feature=5 4 0 0 0 0 0 3 0 5 4 3 3 0 0 0 3 0 3 4 3 4 3 4 3 0 0 0
split_gain=3.85809e-06 2.06733e-06 2.04058e-06 1.29116e-06 1.0632e-06 9.25332e-07 1.93563e-06 1.98256e-06 9.18005e-07 8.80192e-07 8.47155e-07 1.65192e-06 1.26086e-06 6.93239e-07 9.57406e-07 4.7754e-07 4.52903e-07 3.8892e-07 2.53107e-07 1.9357e-07 1.90094e-07 1.95561e-07 1.2075e-07 9.38794e-08 8.97667e-08 7.60193e-08 1.17744e-07 1.72957e-08
threshold=-1.3992488980293272 -0.1019337736070156 -0.79249149560928334 -0.81697812676429737 -0.8027336299419402 -0.81532222032546986 -0.82328352332115162 -0.015489713754504917 -0.794795662164688 1.3498364686965945 -0.23723077774047849 1.5379027128219607 -1.5623992681503294 1.232986629009247 -0.74937453866004933 -0.82562103867530812 -0.012853075750172136 -0.82431402802467335 -0.015089721418917177 -0.47589941322803492 -1.5825695395469663 -0.59741503000259388 -0.0098913959227502329 1.0385937094688418 -1.6159074902534483 1.1998248696327212 1.244213938713074 1.2139123082160952
decision_type=2 2 2 2 2 2 2 2 2 2 2 2 2 2 2 2 2 2 2 2 2 2 2 2 2 2 2 2
left_child=2 9 5 15 22 6 17 -8 -6 13 25 12 -12 14 -2 16 -3 -1 -17 -7 -11 -22 -5 -21 -15 -4 -27 -13
right_child=1 3 10 4 8 19 7 -9 -10 20 11 27 -14 24 -16 18 -18 -19 -20 23 21 -23 -24 -25 -26 26 -28 -29
leaf_value=0 0 0 5.042399051044125e-08 2.8080267080431869e-07 -5.2727475113463209e-08 0 0 -3.0165897235354911e-07 8.0926062189782317e-08 0 0 0 -3.7890556218396692e-07 0 -1.1494849373692629e-07 0 1.1223313791349112e-07 1.4699098782680816e-07 -4.725665581785651e-08 1.1200423564420913e-07 0 6.2103014536080993e-08 0 0 7.0005714469762732e-08 -8.5564974121373638e-08 0 -2.7963959487620882e-08
leaf_weight=24976 124628 7163 2583 22308 5478 1083 5065 19632 131846 6657 10640 5231 23769 1838 61971 7348 27601 7200 56309 21196 5098 81277 4779 1393 14444 9689 324 8847
leaf_count=24976 124628 7163 2583 22308 5478 1083 5065 19632 131846 6657 10640 5231 23769 1838 61971 7348 27601 7200 56309 21196 5098 81277 4779 1393 14444 9689 324 8847
internal_value=2.1286e-09 2.85081e-08 -8.7821e-08 6.97977e-08 1.04544e-07 0 -6.20834e-08 -2.00564e-07 6.10304e-08 -1.40696e-09 -1.76763e-07 -2.15292e-07 -2.90719e-07 -3.08796e-08 -4.83308e-08 0 6.92077e-08 0 -1.96207e-08 7.98474e-08 4.13679e-08 5.21873e-08 2.51307e-07 1.00543e-07 4.62849e-08 0 -4.87943e-08 0
internal_weight=700373 558745 141628 262832 164411 80545 56873 24697 137324 295913 61083 48487 34409 202881 186599 98421 34764 32176 63657 23672 93032 86375 27087 22589 16282 12596 10013 14078
internal_count=700373 558745 141628 262832 164411 80545 56873 24697 137324 295913 61083 48487 34409 202881 186599 98421 34764 32176 63657 23672 93032 86375 27087 22589 16282 12596 10013 14078
is_linear=0
shrinkage=0.02


Tree=179
num_leaves=28
num_cat=0
split_feature=1 3 0 0 1 3 1 3 4 1 1 0 0 4 1 1 4 0 0 0 1 1 1 1 3 4 4
split_gain=8.82613e-06 2.95898e-06 5.16981e-06 7.74726e-06 7.65298e-06 6.34069e-06 8.51647e-06 4.94396e-06 1.90562e-06 8.29547e-07 8.02263e-07 9.66026e-07 4.0684e-06 7.83888e-07 7.58005e-07 6.395e-07 7.76844e-07 3.94552e-07 2.57993e-07 2.06337e-07 1.50282e-07 1.15173e-07 6.42847e-09 1.63366e-07 1.1636e-07 8.31688e-09 9.21091e-10
threshold=-0.0066061720717698327 1.5472643971443178 -0.77752143144607533 -0.81697812676429737 -0.014219467062503098 -1.5641341209411619 -0.019883506931364533 -0.012230542022734879 -0.32000666856765742 -0.013372395653277634 -0.0059062461368739596 1.213801443576813 -0.76602378487586964 -0.47126354277133936 -0.013032136019319294 -0.0062420733738690606 0.030484636314213279 1.2639859318733218 -0.74753293395042408 1.2140682935714724 -0.047233905643224709 -0.014796895906329153 0.24620272219181064 -0.0063228881917893878 1.5297405123710635 -0.4927601814270019 -0.17505501955747602
decision_type=2 2 2 2 2 2 2 2 2 2 2 2 2 2 2 2 2 2 2 2 2 2 2 2 2 2 2
left_child=1 2 3 7 -5 14 -7 -1 22 19 15 12 -12 -11 -4 18 -17 -15 -10 20 -3 -21 23 25 -25 -2 -13
right_child=8 9 5 4 -6 6 -8 -9 10 13 11 26 -14 17 -16 16 -18 -19 -20 21 -22 -23 -24 24 -26 -27 -28
leaf_value=1.331505946328756e-09 2.4084607925876449e-08 0 -8.0363416948376115e-08 -1.9845472395747827e-08 3.1768282627832105e-07 -6.189068523218309e-08 -5.9114813582749662e-07 -2.1619894271578796e-07 1.5713769430173155e-07 0 6.6220098604709505e-08 0 3.2524484750758113e-07 2.6932199448755445e-07 7.7779951136687129e-08 0 -1.8159776028199258e-07 0 0 -5.9388136169384778e-08 1.4132820626188558e-07 0 0 -4.8521669106059973e-08 0 0 3.6085540223275945e-09
leaf_weight=48994 5735 3471 29054 47786 42171 38403 28947 83902 12042 4281 119756 8574 45159 13838 19102 6641 11292 283 8982 18831 6123 4610 6538 48617 7460 1487 28294
leaf_count=48994 5735 3471 29054 47786 42171 38403 28947 83902 12042 4281 119756 8574 45159 13838 19102 6641 11292 283 8982 18831 6123 4610 6538 48617 7460 1487 28294
internal_value=2.02652e-09 -5.83685e-08 -8.26446e-08 -1.62691e-08 1.16152e-07 -1.93392e-07 -3.19061e-07 -1.20954e-07 8.42661e-08 6.24403e-08 1.11027e-07 1.2766e-07 1.49277e-07 1.70086e-07 0 0 -5.86328e-08 2.44754e-07 9.60969e-08 0 8.05101e-08 -2.94619e-08 0 -6.3736e-09 -3.48016e-08 0 0
internal_weight=700373 389796 338359 222853 89957 115506 67350 132896 310577 51437 240740 201783 164915 18402 48156 38957 17933 14121 21024 33035 9594 23441 69837 63299 56077 7222 36868
internal_count=700373 389796 338359 222853 89957 115506 67350 132896 310577 51437 240740 201783 164915 18402 48156 38957 17933 14121 21024 33035 9594 23441 69837 63299 56077 7222 36868
is_linear=0
shrinkage=0.02


Tree=180
num_leaves=23
num_cat=0
split_feature=1 5 4 1 3 3 1 5 5 5 4 4 4 1 1 4 1 1 5 1 5 5
split_gain=6.75282e-06 3.65738e-06 3.56687e-06 2.51809e-06 2.50353e-06 2.35449e-06 1.91669e-06 1.91454e-06 1.49399e-06 1.19081e-06 1.16428e-06 1.25414e-06 8.71119e-07 7.21167e-07 1.15003e-06 5.29651e-07 8.60272e-07 4.53979e-07 2.27032e-07 1.59739e-07 1.55817e-07 1.16383e-07
threshold=-0.0012107486836612222 1.5261341333389284 1.3905907869338991 0.0011714734719134869 1.5450865626335146 -0.014214442577213047 0.28815434873104101 0.78050038218498241 -2.6566073894500728 1.4588412642478945 -0.41602167487144465 1.197090804576874 0.59941527247428905 0.036303956061601646 0.0066744352225214252 -0.47126354277133936 -0.013139832764863966 -0.015338718891143797 1.3776112794876101 -0.0071797885466366998 -2.8448511362075801 2.1920609474182133
decision_type=2 2 2 2 2 2 2 2 2 2 2 2 2 2 2 2 2 2 2 2 2 2
left_child=1 2 4 9 5 -1 13 20 -4 10 -2 -12 15 14 -5 -3 -17 -6 -10 -14 -8 -15
right_child=3 12 8 6 17 -7 7 -9 18 -11 11 -13 19 21 -16 16 -18 -19 -20 -21 -22 -23
leaf_value=-1.0899643133987244e-08 0 0 0 0 0 -1.3636031041723885e-07 0 0 2.4012105318929595e-07 0 5.2203366178503317e-07 0 0 -6.5516809313525764e-08 1.2184422204793913e-07 0 1.7365402771580737e-07 8.7789179386457095e-08 0 -8.9604689144624573e-08 3.6291220152495148e-07 0
leaf_weight=129465 1276 7769 1859 18669 22165 238968 246 17533 21165 10134 14907 1115 7593 34824 43483 27398 44797 28068 1284 7958 15530 3741
leaf_count=129465 1276 7769 1859 18669 22165 238968 246 17533 21165 10134 14907 1115 7593 34824 43483 27398 44797 28068 1284 7958 15530 3741
internal_value=0 -3.44481e-08 -6.11328e-08 1.13013e-07 -7.80481e-08 -9.77026e-08 5.79815e-08 1.91165e-07 1.47929e-07 3.08972e-07 4.22998e-07 4.71428e-07 6.83693e-08 0 5.46374e-08 9.97043e-08 1.1809e-07 2.62931e-08 2.2431e-07 0 3.54543e-07 -5.16617e-08
internal_weight=699947 538489 442974 161458 418666 368433 134026 33309 24308 27432 17298 16022 95515 100717 62152 79964 72195 50233 22449 15551 15776 38565
internal_count=699947 538489 442974 161458 418666 368433 134026 33309 24308 27432 17298 16022 95515 100717 62152 79964 72195 50233 22449 15551 15776 38565
is_linear=0
shrinkage=0.02


Tree=181
num_leaves=23
num_cat=0
split_feature=1 5 4 4 4 5 5 4 3 1 1 1 1 3 1 3 1 1 5 1 4 3
split_gain=6.59899e-06 3.98083e-06 3.54096e-06 2.50238e-06 2.38325e-06 2.58893e-06 4.51793e-06 3.43536e-06 1.49921e-06 1.47595e-06 6.21283e-07 3.3016e-07 3.14272e-07 2.83644e-07 2.74269e-07 2.68859e-07 2.4096e-07 2.26634e-07 1.81383e-07 1.49588e-07 8.83571e-08 2.29202e-08
threshold=-0.010131907183676956 1.4192795157432558 -0.45045319199562067 0.23688752204179767 -0.32000666856765742 -1.4199540615081785 0.6059095859527589 0.46454431116580969 1.5666375756263735 -0.014041732531040905 -0.4755482673645019 -0.0032879544887691732 -0.027171454392373558 -0.018717817962169644 0.24620272219181064 -1.5825695395469663 -0.4755482673645019 -0.013139832764863966 -1.5122827291488645 -0.007980648893862961 -0.27467468380928034 -1.5946172475814817
decision_type=2 2 2 2 2 2 2 2 2 2 2 2 2 2 2 2 2 2 2 2 2 2
left_child=1 2 13 8 14 11 -7 -8 -4 -5 -3 20 15 21 18 -12 -15 -14 -2 -20 -6 -1
right_child=4 10 3 9 5 6 7 -9 -10 -11 12 -13 17 16 -16 -17 -18 -19 19 -21 -22 -23
leaf_value=0 0 0 -1.9755882065038762e-07 5.126349945090683e-08 0 2.1841184374965955e-07 9.1477181340221425e-08 -1.2032050402022417e-07 0 -2.4646337648148615e-07 0 0 0 0 0 1.8323897786867362e-07 7.6023469951866972e-08 9.7033511984544571e-08 0 -6.2353099482027343e-08 -7.7417949679089209e-08 -2.5939021221995773e-08
leaf_weight=4636 6295 3907 149643 33840 1522 100875 111961 36907 11182 8255 1003 15647 16557 1700 6587 21645 36519 9628 6780 70354 30878 13626
leaf_count=4636 6295 3907 149643 33840 1522 100875 111961 36907 11182 8255 1003 15647 16557 1700 6587 21645 36519 9628 6780 70354 30878 13626
internal_value=0 -6.87969e-08 -1.04352e-07 -1.44548e-07 5.47443e-08 8.36573e-08 1.11449e-07 2.5534e-08 -1.80519e-07 0 6.81576e-08 -1.9173e-08 1.00529e-07 4.6528e-09 -1.86871e-08 1.65351e-07 5.47778e-08 0 -4.1131e-08 -5.26349e-08 -6.79792e-08 0
internal_weight=699947 312141 259401 202920 387806 297790 249743 148868 160825 42095 52740 48047 48833 56481 90016 22648 38219 26185 83429 77134 32400 18262
internal_count=699947 312141 259401 202920 387806 297790 249743 148868 160825 42095 52740 48047 48833 56481 90016 22648 38219 26185 83429 77134 32400 18262
is_linear=0
shrinkage=0.02


Tree=182
num_leaves=23
num_cat=0
split_feature=1 5 4 1 3 3 1 5 5 5 4 4 4 1 1 4 1 1 5 5 1 5
split_gain=6.33955e-06 3.41786e-06 3.36753e-06 2.41542e-06 2.38264e-06 2.29364e-06 1.86134e-06 1.80058e-06 1.44993e-06 1.08911e-06 1.11357e-06 1.20887e-06 8.22147e-07 6.71712e-07 1.10037e-06 5.0956e-07 8.273e-07 4.34436e-07 2.16856e-07 1.4948e-07 1.4512e-07 1.15788e-07
threshold=-0.0012107486836612222 1.5261341333389284 1.3905907869338991 0.0011714734719134869 1.5450865626335146 -0.014214442577213047 0.28815434873104101 0.78050038218498241 -2.6566073894500728 1.4588412642478945 -0.41602167487144465 1.197090804576874 0.59941527247428905 0.036303956061601646 0.0066744352225214252 -0.47126354277133936 -0.013139832764863966 -0.015338718891143797 1.3776112794876101 -2.8448511362075801 -0.0071797885466366998 2.1920609474182133
decision_type=2 2 2 2 2 2 2 2 2 2 2 2 2 2 2 2 2 2 2 2 2 2
left_child=1 2 4 9 5 -1 13 19 -4 10 -2 -12 15 14 -5 -3 -17 -6 -10 -8 -14 -15
right_child=3 12 8 6 17 -7 7 -9 18 -11 11 -13 20 21 -16 16 -18 -19 -20 -21 -22 -23
leaf_value=-9.1937907978455409e-09 0 0 0 0 0 -1.3295472792802757e-07 0 0 2.3469074481568441e-07 0 5.0881562554650019e-07 0 0 -6.5429805735928196e-08 1.1805907800663578e-07 0 1.6885255877591235e-07 8.5763797546476069e-08 0 3.5307033327461471e-07 -8.5406236655409226e-08 0
leaf_weight=129465 1276 7769 1859 18669 22165 238968 246 17533 21165 10134 14907 1115 7593 34824 43483 27398 44797 28068 1284 15530 7958 3741
leaf_count=129465 1276 7769 1859 18669 22165 238968 246 17533 21165 10134 14907 1115 7593 34824 43483 27398 44797 28068 1284 15530 7958 3741
internal_value=0 -3.32645e-08 -5.91412e-08 1.09614e-07 -7.56712e-08 -9.48943e-08 5.54036e-08 1.86288e-07 1.43284e-07 3.01566e-07 4.11588e-07 4.59017e-07 6.58056e-08 0 5.16673e-08 9.63592e-08 1.14488e-07 2.55056e-08 2.19238e-07 3.44855e-07 0 -5.16219e-08
internal_weight=699947 538489 442974 161458 418666 368433 134026 33309 24308 27432 17298 16022 95515 100717 62152 79964 72195 50233 22449 15776 15551 38565
internal_count=699947 538489 442974 161458 418666 368433 134026 33309 24308 27432 17298 16022 95515 100717 62152 79964 72195 50233 22449 15776 15551 38565
is_linear=0
shrinkage=0.02


Tree=183
num_leaves=28
num_cat=0
split_feature=1 5 2 1 2 1 1 1 2 1 1 0 2 1 1 0 2 2 2 5 5 1 1 1 0 1 1
split_gain=6.19447e-06 3.76057e-06 2.21178e-06 6.20015e-06 2.89336e-06 4.12199e-06 3.26841e-06 1.9548e-06 2.58811e-06 3.11357e-06 2.31607e-06 2.00566e-06 1.89385e-06 2.3899e-06 1.70029e-06 1.62746e-06 1.12539e-06 1.05614e-06 1.12081e-06 1.00689e-06 8.46446e-07 6.96842e-07 5.76312e-07 5.6286e-07 5.28927e-07 6.47707e-08 1.00604e-08
threshold=-0.010131907183676956 1.4192795157432558 0.20991390198469165 -0.014478975906968115 0.28437720239162451 -0.045517876744270318 -0.019502669572830197 -0.0012107486836612222 0.2490995451807976 -0.007980648893862961 0.0011714734719134869 -0.81697812676429737 0.2573110312223435 0.33824791014194494 -0.0062610872555524102 -0.77081230282783497 0.20178363472223285 0.26448372006416326 0.31525824964046484 1.4588412642478945 1.7902358174324038 0.010153800249099733 -0.013139832764863966 -0.012405220884829758 1.2214513421058657 -0.014796895906329153 -0.4755482673645019
decision_type=2 2 2 2 2 2 2 2 2 2 2 2 2 2 2 2 2 2 2 2 2 2 2 2 2 2 2
left_child=1 2 3 26 5 -4 -6 8 9 16 19 20 13 -12 -11 -13 -2 22 23 24 -10 -14 25 -19 -9 -3 -1
right_child=7 17 4 -5 6 -7 -8 10 11 14 12 15 21 -15 -16 -17 -18 18 -20 -21 -22 -23 -24 -25 -26 -27 -28
leaf_value=-3.4877790192593814e-08 0 -7.1167086111082242e-08 -1.9360094334939661e-07 -8.0143858147181942e-07 -2.4940521493143675e-08 1.7486593470921472e-08 -4.8302438370694684e-07 4.2859005224207988e-07 -2.1487839102771628e-07 0 -9.1658853718149112e-08 1.1503171781625479e-07 2.6088165740163107e-07 1.9047026454016418e-07 1.6264534715290488e-07 -6.3149704800063281e-08 6.4147924931266985e-07 2.8864276874495796e-07 0 0 0 3.4282020017006352e-08 1.387097933711189e-07 0 0 0 0
leaf_weight=3308 464 18697 45477 7602 30328 142266 14938 16432 30582 67844 49453 32846 20147 14898 30617 54253 5678 15911 3217 10134 4064 49528 8406 845 866 5664 15482
leaf_count=3308 464 18697 45477 7602 30328 142266 14938 16432 30582 67844 49453 32846 20147 14898 30617 54253 5678 15911 3217 10134 4064 49528 8406 845 866 5664 15482
internal_value=0 -6.65445e-08 -1.01202e-07 -3.01732e-07 -6.99051e-08 -2.29924e-08 -2.20294e-07 5.31513e-08 5.44617e-09 8.58385e-08 1.07642e-07 -4.7199e-08 5.41593e-08 0 3.631e-08 0 5.54183e-07 6.59955e-08 1.80698e-07 2.96036e-07 -1.76023e-07 1.2851e-07 0 2.56274e-07 4.02818e-07 -5.31383e-08 0
internal_weight=699947 312141 259401 26392 233009 187743 45266 387806 226348 104603 161458 121745 134026 64351 98461 87099 6142 52740 19973 27432 34646 69675 32767 16756 17298 24361 18790
internal_count=699947 312141 259401 26392 233009 187743 45266 387806 226348 104603 161458 121745 134026 64351 98461 87099 6142 52740 19973 27432 34646 69675 32767 16756 17298 24361 18790
is_linear=0
shrinkage=0.02


Tree=184
num_leaves=16
num_cat=0
split_feature=5 5 2 0 2 0 2 0 3 2 2 3 3 2 3
split_gain=3.61992e-06 1.49075e-06 1.43221e-06 1.98817e-06 1.57414e-06 1.21075e-06 1.03786e-06 9.03788e-07 5.88364e-07 5.24933e-07 4.27726e-07 3.48564e-07 3.36236e-07 1.68759e-07 1.21507e-07
threshold=-1.9065061211585996 2.2191196680068974 0.18808144330978396 -0.8291628062725066 0.1808944642543793 -0.81697812676429737 0.35104535520076757 -0.82539144158363331 1.5442298650741579 0.19167646020650866 0.22291945666074756 -0.014116929378360508 1.5466573238372805 0.20794577896595004 -1.6159074902534483
decision_type=2 2 2 2 2 2 2 2 2 2 2 2 2 2 2
left_child=7 2 4 11 -2 -5 10 -1 9 -9 13 -4 -6 -3 -11
right_child=1 6 3 5 12 -7 -8 8 -10 14 -12 -13 -14 -15 -16
leaf_value=0 0 1.077894006838736e-07 0 -4.2215750163308507e-08 -5.0058345444245934e-07 2.1638017789211597e-08 0 0 0 0 2.195389847966754e-07 1.7768403614040724e-07 0 -3.0394134505229216e-08 -2.0442375395558854e-07
leaf_weight=9845 3062 5509 2284 173291 5102 374765 2402 712 7607 545 27326 31700 294 3784 51719
leaf_count=9845 3062 5509 2284 173291 5102 374765 2402 712 7607 545 27326 31700 294 3784 51719
internal_value=0 1.50249e-08 3.58734e-09 1.06592e-08 -2.46601e-07 0 1.36853e-07 -1.36168e-07 -1.65898e-07 -1.89517e-07 1.76901e-07 1.59208e-07 -4.60442e-07 0 -2.01056e-07
internal_weight=699947 629519 590498 582040 8458 548056 39021 70428 60583 52976 36619 33984 5396 9293 52264
internal_count=699947 629519 590498 582040 8458 548056 39021 70428 60583 52976 36619 33984 5396 9293 52264
is_linear=0
shrinkage=0.02


Tree=185
num_leaves=25
num_cat=0
split_feature=5 5 0 3 4 5 5 5 3 4 3 3 4 0 4 3 4 4 4 4 3 0 0 5
split_gain=3.25011e-06 1.43041e-06 1.00444e-06 1.69609e-06 8.21894e-07 3.82164e-06 2.35216e-06 1.36044e-06 1.03689e-06 1.02042e-06 8.96373e-07 6.87411e-07 7.3484e-07 6.79868e-07 1.04904e-06 1.1914e-06 2.98488e-07 2.67442e-07 2.37257e-07 6.66187e-08 5.70922e-08 1.49268e-08 1.70185e-07 3.88734e-10
threshold=-1.8409551382064817 2.1920609474182133 -0.794795662164688 1.5379027128219607 0.18309029936790469 1.3354969024658205 -1.4390757679939268 1.3638594746589663 -0.01096379943192005 -0.22346211224794385 -0.014311873354017733 -1.5641341209411619 -0.26679617166519159 -0.81532222032546986 0.3086757510900498 -0.015489713754504917 0.054882613942027099 -0.29106141626834864 -0.21714331954717633 1.0385937094688418 -1.5854179263114927 -0.76158341765403736 1.0000000180025095e-35 -2.9997932910919185
decision_type=2 2 2 2 2 2 2 2 2 2 2 2 2 2 2 2 2 2 2 2 2 2 2 2
left_child=2 4 13 11 7 6 -6 8 -2 -9 -7 -4 -13 14 15 -1 17 -3 -15 -20 -19 -18 -23 -16
right_child=1 16 3 -5 5 10 -8 9 -10 -11 -12 12 -14 18 23 -17 21 20 19 -21 -22 22 -24 -25
leaf_value=0 0 0 0 0 -4.6332644062753587e-10 0 1.8635550189246136e-07 0 -6.5117887148279035e-08 1.2305886169021191e-07 -1.5198014785928945e-07 0 -4.2314671600416642e-07 0 0 -2.4198036718219912e-07 0 0 1.2492022344233566e-07 0 2.4012952949539644e-07 2.1730044107829213e-07 0 4.7194848649848977e-09
leaf_weight=3468 201712 3299 7011 10608 11380 7781 73007 58209 150668 48240 27676 994 15380 2381 1243 19463 10513 1866 9642 1023 17274 1568 7146 6981
leaf_count=3468 201712 3299 7011 10608 11380 7781 73007 58209 150668 48240 27676 994 15380 2381 1243 19463 10513 1866 9642 1023 17274 1568 7146 6981
internal_value=0 1.77232e-08 -1.18886e-07 -2.10519e-07 5.90311e-09 5.37792e-08 1.37462e-07 -2.243e-09 -2.52199e-08 5.50296e-08 -8.89773e-08 -3.05669e-07 -3.87598e-07 -3.16694e-09 -8.84021e-08 -1.70049e-07 1.33883e-07 1.9648e-07 4.70788e-08 1.07748e-07 2.25494e-07 0 2.6176e-08 0
internal_weight=698533 620339 78194 33993 578673 119844 84387 458829 352380 106449 35457 23385 16374 44201 31155 22931 41666 22439 13046 10665 19140 19227 8714 8224
internal_count=698533 620339 78194 33993 578673 119844 84387 458829 352380 106449 35457 23385 16374 44201 31155 22931 41666 22439 13046 10665 19140 19227 8714 8224
is_linear=0
shrinkage=0.02


Tree=186
num_leaves=28
num_cat=0
split_feature=1 5 4 3 3 3 4 5 5 1 4 4 3 3 4 5 1 1 5 4 3 5 3 1 4 4 1
split_gain=7.54139e-06 3.35295e-06 3.00632e-06 2.66263e-06 3.28414e-06 2.82101e-06 1.68217e-06 2.22709e-06 3.23803e-06 2.56673e-06 2.54269e-06 1.08885e-06 7.30599e-07 1.11021e-06 9.6137e-07 6.98302e-07 3.74237e-07 5.84107e-07 2.28991e-07 1.68062e-07 6.57211e-08 3.98328e-08 2.21785e-08 1.30018e-07 7.3377e-08 4.77218e-07 6.51465e-08
threshold=-0.0066061720717698327 0.97702342271804821 -0.45045319199562067 -0.015089721418917177 -0.0061258319765329352 -1.5209892392158506 -0.32000666856765742 0.68347594141960155 -1.4199540615081785 -0.0059062461368739596 0.46454431116580969 -0.13537574559450147 0.019835521467030052 -0.01377098076045513 -0.44133009016513819 2.1398497819900517 -0.081132266670465455 -0.023105703294277188 2.4992109537124638 -0.46861021220684046 -0.020767417736351487 0.48133535683155065 -0.013202307280153034 0.54579138755798351 -0.48997050523757929 -0.60066604614257801 -0.0064125496428459874
decision_type=2 2 2 2 2 2 2 2 2 2 2 2 2 2 2 2 2 2 2 2 2 2 2 2 2 2 2
left_child=1 2 19 5 -5 -4 22 8 -8 -10 11 -9 13 14 -3 -12 -14 -18 -15 21 -21 -1 23 26 25 -24 -2
right_child=6 12 3 4 -6 -7 7 10 9 -11 15 -13 16 18 -16 -17 17 -19 -20 20 -22 -23 24 -25 -26 -27 -28
leaf_value=-2.1508801076621039e-08 0 0 -1.3885492211079285e-07 -2.4822409558899157e-07 -1.1851012741837977e-08 1.1527440013778718e-07 0 0 0 2.8483194751701664e-07 -1.6359314366072502e-07 1.4281012047312715e-07 0 -1.0842309024454666e-07 1.2531060061672311e-07 0 2.4219483843944641e-07 0 0 0 1.0110258712054882e-07 5.0250168204473058e-09 0 0 0 1.2261831028746234e-07 -6.9058995539643518e-08
leaf_weight=33934 1525 9788 37133 98615 55790 31039 33840 35063 14219 69284 24141 56023 4941 33171 33770 7192 12566 13858 2148 4140 9280 9277 8370 1296 25253 14648 18229
leaf_count=33934 1525 9788 37133 98615 55790 31039 33840 35063 14219 69284 24141 56023 4941 33171 33770 7192 12566 13858 2148 4140 9280 9277 8370 1296 25253 14648 18229
internal_value=0 -5.60725e-08 -9.47032e-08 -1.29025e-07 -1.7577e-07 0 7.61448e-08 1.01394e-07 1.67674e-07 2.34562e-07 2.15251e-08 8.81037e-08 2.36248e-08 0 5.78426e-08 -1.08191e-07 1.06203e-07 1.38033e-07 -9.19088e-08 4.87394e-09 7.14809e-08 0 0 -2.05291e-08 0 3.57088e-08 -5.55142e-08
internal_weight=698533 389450 279208 222577 154405 68172 309083 239762 117343 83503 122419 91086 110242 78877 43558 31333 31365 26424 35319 56631 13420 43211 69321 21050 48271 23018 19754
internal_count=698533 389450 279208 222577 154405 68172 309083 239762 117343 83503 122419 91086 110242 78877 43558 31333 31365 26424 35319 56631 13420 43211 69321 21050 48271 23018 19754
is_linear=0
shrinkage=0.02


Tree=187
num_leaves=28
num_cat=0
split_feature=1 2 2 1 1 0 4 1 1 4 2 2 4 0 0 4 4 0 0 4 4 2 2 1 2 4 4
split_gain=7.23167e-06 2.60367e-06 3.79397e-06 6.78449e-06 5.76674e-06 3.79169e-06 2.35402e-06 2.04882e-06 6.83446e-06 1.62665e-06 1.36708e-06 1.16511e-06 9.55682e-07 9.22468e-07 1.10246e-06 8.31753e-07 1.68543e-06 4.02178e-07 1.256e-07 3.03611e-08 4.10172e-07 2.44399e-08 2.77246e-07 1.38587e-07 1.0496e-08 8.82373e-09 2.27206e-10
threshold=-0.0066061720717698327 0.21033938229084018 0.28929464519023901 -0.019502669572830197 -0.045517876744270318 -0.83550119400024403 1.3905907869338991 -0.014478975906968115 -0.010131907183676956 -0.32000666856765742 0.35104535520076757 0.21978401392698291 -0.49618266522884363 1.213801443576813 -0.78828692436218251 0.046626728028059013 0.94587191939353954 -0.77752143144607533 1.2046065330505373 0.23688752204179767 -0.1019337736070156 0.38230906426906591 0.30784957110881811 -0.0062844837084412566 0.35543212294578558 -0.49618266522884363 -0.17505501955747602
decision_type=2 2 2 2 2 2 2 2 2 2 2 2 2 2 2 2 2 2 2 2 2 2 2 2 2 2 2
left_child=1 7 4 17 11 -6 -5 19 12 21 13 -3 -9 14 -11 24 -17 -4 -10 20 -1 22 25 -24 -12 -2 -15
right_child=9 2 3 6 5 -7 -8 8 18 10 15 -13 -14 26 -16 16 -18 -19 -20 -21 -22 -23 23 -25 -26 -27 -28
leaf_value=0 1.2498797468550499e-08 0 4.9670102422210898e-08 -5.5406991578233566e-07 4.2358006470729607e-07 1.8899278602280751e-08 0 0 -6.0555747410568978e-08 7.3548867118146537e-08 0 -2.1645327188196111e-07 -8.4760234516167781e-07 0 2.297540585698334e-07 -3.9007235469174186e-07 0 -8.2300429662018462e-08 0 0 -1.4809850671545153e-07 7.9327310539285985e-09 0 -1.0816627202519945e-07 9.6668399426605067e-08 0 1.7341442521075504e-09
leaf_weight=12245 22593 5613 17929 17637 10820 215602 1457 270 14966 121566 650 48473 8219 9219 58132 6292 7937 17220 6604 4361 8034 2241 386 15040 5745 29061 30221
leaf_count=12245 22593 5613 17929 17637 10820 215602 1457 270 14966 121566 650 48473 8219 9219 58132 6292 7937 17220 6604 4361 8034 2241 386 15040 5745 29061 30221
internal_value=0 -5.49025e-08 -2.68584e-08 -1.80082e-07 0 4.70709e-08 -4.83998e-07 -1.89964e-07 -3.04846e-07 7.4571e-08 9.94101e-08 -1.82683e-07 -8.06566e-07 1.1536e-07 1.35211e-07 0 -1.41081e-07 0 -1.46676e-08 0 -2.44717e-08 0 -1.19847e-08 -8.83946e-08 8.79686e-08 0 0
internal_weight=698533 389450 334751 54243 280508 226422 19094 54699 30059 309083 239762 54086 8489 219138 179698 20624 14229 35149 21570 24640 20279 69321 67080 15426 6395 51654 39440
internal_count=698533 389450 334751 54243 280508 226422 19094 54699 30059 309083 239762 54086 8489 219138 179698 20624 14229 35149 21570 24640 20279 69321 67080 15426 6395 51654 39440
is_linear=0
shrinkage=0.02


Tree=188
num_leaves=27
num_cat=0
split_feature=1 3 3 0 0 3 1 3 0 1 2 3 2 1 1 1 1 2 2 1 2 2 2 0 2 0
split_gain=6.97503e-06 2.53914e-06 6.4195e-06 4.59531e-06 7.99286e-06 3.0994e-06 5.24279e-06 2.76637e-06 2.1959e-06 4.13868e-06 2.83536e-06 2.32502e-06 1.80072e-06 1.48434e-06 1.20851e-06 1.41893e-06 2.09079e-06 2.31609e-06 1.46807e-06 1.09511e-06 9.71647e-07 8.84863e-07 1.40079e-07 1.23949e-07 1.67641e-07 6.81447e-08
threshold=-0.0066061720717698327 0.0078098736703395852 -0.013923574704676865 -0.74753293395042408 -0.82164779305458058 -1.5209892392158506 -0.014870807994157074 -1.5864857435226438 1.2033933997154238 -0.045517876744270318 0.26354132592678076 1.5472643971443178 0.19532891362905505 -0.018277906812727448 0.54579138755798351 0.010153800249099733 -0.0012107486836612222 0.2490995451807976 0.25395394861698156 -0.013372395653277634 0.29508076608181005 0.31525824964046484 0.18808144330978396 -0.80501374602317799 0.28651750087738043 1.2123870253562929
decision_type=2 2 2 2 2 2 2 2 2 2 2 2 2 2 2 2 2 2 2 2 2 2 2 2 2 2
left_child=1 2 5 4 -4 7 -7 -1 9 20 -11 13 -5 -10 15 16 17 -2 -18 -13 -3 22 -16 24 -17 -25
right_child=14 8 3 12 -6 6 -8 -9 11 10 -12 19 -14 -15 21 23 18 -19 -20 -21 -22 -23 -24 25 -26 -27
leaf_value=0 1.3705024103779104e-07 -1.7766906681141426e-07 -2.8954852566614566e-07 0 0 0 3.0375374164727968e-07 -2.2065753184040286e-07 0 0 4.8269877065250605e-07 -8.6645826875812859e-10 -9.2417456051908447e-07 -3.7064002984601914e-07 0 -6.1032270032190812e-08 0 -1.7219874058536023e-08 2.8363203011773595e-07 1.5794545220537087e-07 1.072172023811848e-07 0 2.9997402098959095e-07 3.6983922229783512e-08 0 0
leaf_weight=34690 52201 10667 69555 1006 71052 43711 30665 33150 9850 2675 15702 27354 5391 11270 287 31312 28536 96117 33750 18194 4518 2504 19437 19928 6635 18376
leaf_count=34690 52201 10667 69555 1006 71052 43711 30665 33150 9850 2675 15702 27354 5391 11270 287 31312 28536 96117 33750 18194 4518 2504 19437 19928 6635 18376
internal_value=0 -5.3814e-08 -8.54654e-08 -1.78433e-07 -1.36875e-07 0 9.92225e-08 -8.64935e-08 1.75641e-08 1.60906e-07 3.70631e-07 -2.45977e-08 -7.79223e-07 -2.12587e-07 7.33335e-08 5.30248e-08 8.07748e-08 2.35915e-08 1.84832e-07 1.8661e-08 0 2.45442e-07 2.92975e-07 0 -3.61461e-08 0
internal_weight=698533 389450 289220 147004 140607 142216 74376 67840 100230 33562 18377 66668 6397 21120 309083 286855 210604 148318 62286 45548 15185 22228 19724 76251 37947 38304
internal_count=698533 389450 289220 147004 140607 142216 74376 67840 100230 33562 18377 66668 6397 21120 309083 286855 210604 148318 62286 45548 15185 22228 19724 76251 37947 38304
is_linear=0
shrinkage=0.02


Tree=189
num_leaves=28
num_cat=0
split_feature=1 5 4 3 3 1 4 5 5 1 4 4 5 3 3 4 1 1 4 4 3 5 3 1 1 4 4
split_gain=6.7341e-06 3.11953e-06 2.77768e-06 2.49176e-06 2.98802e-06 2.67102e-06 1.55829e-06 2.16662e-06 3.09569e-06 2.46857e-06 2.40094e-06 1.04689e-06 6.8254e-07 6.64162e-07 9.94973e-07 9.35245e-07 3.46385e-07 5.11738e-07 2.14586e-07 1.54107e-07 6.21875e-08 3.78987e-08 2.13285e-08 1.26787e-07 6.37492e-08 6.36285e-08 4.51535e-07
threshold=-0.0066061720717698327 0.97702342271804821 -0.45045319199562067 -0.015089721418917177 -0.0061258319765329352 -0.016319548711180683 -0.32000666856765742 0.68347594141960155 -1.4199540615081785 -0.0059062461368739596 0.46454431116580969 -0.13537574559450147 2.1398497819900517 0.019835521467030052 -0.01377098076045513 -0.44133009016513819 -0.081132266670465455 -0.023105703294277188 2.9999792575836186 -0.46861021220684046 -0.020767417736351487 0.48133535683155065 -0.013202307280153034 0.33824791014194494 -0.0064125496428459874 -0.48997050523757929 -0.60066604614257801
decision_type=2 2 2 2 2 2 2 2 2 2 2 2 2 2 2 2 2 2 2 2 2 2 2 2 2 2 2
left_child=1 2 19 5 -5 -4 22 8 -8 -10 11 -9 -12 14 15 -3 -15 -18 -16 21 -21 -1 23 24 -2 26 -24
right_child=6 13 3 4 -6 -7 7 10 9 -11 12 -13 -14 16 18 -17 17 -19 -20 20 -22 -23 25 -25 -26 -27 -28
leaf_value=-2.1008092450827871e-08 0 0 -1.3212246305327033e-07 -2.3767919491479493e-07 -1.0243790800008265e-08 1.1605407817185146e-07 0 0 0 2.7610499636695379e-07 -1.6306720701839575e-07 1.3683079137523681e-07 0 0 -1.00758926285954e-07 1.2301038926286561e-07 2.3102875335763317e-07 0 0 0 9.7148199810051632e-08 4.4415702517972481e-09 0 0 -6.9098988675130203e-08 0 1.1860747585358524e-07
leaf_weight=33934 1525 9788 37672 98615 55790 30500 33840 35063 14219 69284 24141 56023 7192 4941 34172 33770 12566 13858 1147 4140 9280 9277 8370 1776 17749 25253 14648
leaf_count=33934 1525 9788 37672 98615 55790 30500 33840 35063 14219 69284 24141 56023 7192 4941 34172 33770 12566 13858 1147 4140 9280 9277 8370 1776 17749 25253 14648
internal_value=0 -5.28752e-08 -9.02633e-08 -1.23319e-07 -1.68455e-07 0 7.20569e-08 9.64008e-08 1.61382e-07 2.26777e-07 1.77767e-08 8.31752e-08 -1.08508e-07 2.36752e-08 0 5.60611e-08 1.02177e-07 1.328e-07 -8.59791e-08 4.3382e-09 6.83574e-08 0 0 -2.01318e-08 -5.54426e-08 0 3.32523e-08
internal_weight=698533 389450 279208 222577 154405 68172 309083 239762 117343 83503 122419 91086 31333 110242 78877 43558 31365 26424 35319 56631 13420 43211 69321 21050 19274 48271 23018
internal_count=698533 389450 279208 222577 154405 68172 309083 239762 117343 83503 122419 91086 31333 110242 78877 43558 31365 26424 35319 56631 13420 43211 69321 21050 19274 48271 23018
is_linear=0
shrinkage=0.02


Tree=190
num_leaves=18
num_cat=0
split_feature=5 5 2 4 2 2 4 2 2 5 2 4 2 3 2 4 2
split_gain=3.03543e-06 1.52483e-06 1.11052e-06 9.82432e-07 6.28956e-06 2.82981e-06 2.56345e-06 2.34841e-06 2.98665e-06 1.19748e-06 9.53431e-07 9.29475e-07 9.82889e-07 6.96469e-07 4.13913e-07 4.82568e-07 2.13837e-07
threshold=-2.3734641075134273 2.2191196680068974 0.27329581975936895 0.18309029936790469 0.31708136200904852 0.19769876450300219 0.98864674568176281 0.3367739617824555 0.24565702676773074 0.88717454671859752 0.35104535520076757 2.9999792575836186 0.19769876450300219 1.5753201246261599 0.22291945666074756 0.7047223448753358 0.20733901858329776
decision_type=2 2 2 2 2 2 2 2 2 2 2 2 2 2 2 2 2
left_child=2 3 11 7 5 -5 -6 8 -2 -9 14 12 -1 -14 16 -16 -3
right_child=1 10 -4 4 6 -7 -8 9 -10 -11 -12 -13 13 -15 15 -17 -18
leaf_value=0 2.2569839927557625e-08 1.2050054678306012e-07 0 -1.6564516325469673e-07 -3.8691540462061546e-07 1.6715766572039972e-07 0 3.0074153757487755e-07 -7.3609258036017525e-08 0 0 0 -3.6701938056634453e-07 0 2.4905605785322664e-07 0 -4.7110064420820722e-08
leaf_weight=664 223576 5272 8276 5402 13563 101417 14349 13284 249396 10533 2387 573 19555 446 22855 4484 4047
leaf_count=664 223576 5272 8276 5402 13563 101417 14349 13284 249396 10533 2387 573 19555 446 22855 4484 4047
internal_value=0 1.00539e-08 -1.97084e-07 0 5.01834e-08 1.31604e-07 -1.89758e-07 -1.03939e-08 -2.39164e-08 1.7417e-07 1.31747e-07 -2.73667e-07 -3.08158e-07 -3.43178e-07 1.69973e-07 2.11648e-07 0
internal_weight=700079 670565 29514 631520 134731 106819 27912 496789 472972 23817 39045 21238 20665 20001 36658 27339 9319
internal_count=700079 670565 29514 631520 134731 106819 27912 496789 472972 23817 39045 21238 20665 20001 36658 27339 9319
is_linear=0
shrinkage=0.02


Tree=191
num_leaves=27
num_cat=0
split_feature=5 5 4 2 4 2 2 5 2 4 2 2 2 2 3 5 2 3 5 5 4 4 2 4 4 4
split_gain=2.93624e-06 1.42073e-06 1.92541e-06 1.25092e-06 1.24066e-06 1.74235e-06 2.17333e-06 1.39205e-06 9.10804e-07 8.41256e-07 6.86727e-07 2.52187e-06 6.03658e-07 9.24392e-07 8.83093e-07 6.63797e-07 6.60659e-07 5.4013e-07 5.29296e-07 8.3156e-07 4.13575e-07 3.72137e-07 3.37888e-07 3.21604e-07 6.06197e-08 3.26102e-08
threshold=-1.2432775497436521 -2.9997932910919185 0.38512225449085241 0.34207031130790716 -0.1019337736070156 0.21893128007650378 0.31525824964046484 -0.31313575804233545 0.19769876450300219 0.030484636314213279 0.31211356818676 0.27806970477104193 0.20733901858329776 0.34416165947914129 0.015407168306410314 2.0477420091629033 0.20705156773328784 1.5499454140663149 0.19523034244775775 1.2026262879371645 0.73469674587249767 -0.12404925376176833 0.38919854164123541 2.9999792575836186 -0.34680460393428797 -0.1501856595277786
decision_type=2 2 2 2 2 2 2 2 2 2 2 2 2 2 2 2 2 2 2 2 2 2 2 2 2 2
left_child=1 17 10 8 12 18 7 -7 -4 -8 11 -3 16 14 -14 -15 24 21 20 -20 -6 -1 -5 -23 -2 -12
right_child=4 2 3 22 5 6 9 -9 -10 -11 25 -13 13 15 -16 -17 -18 -19 19 -21 -22 23 -24 -25 -26 -27
leaf_value=0 0 -3.7307936346413207e-08 0 -2.0766337779966378e-07 9.6834494806387976e-08 0 9.8734965821482605e-08 1.568563560705258e-07 2.0886419333707316e-07 -9.2380804761231516e-08 0 -3.3748438439434307e-07 -5.6186086245240475e-08 2.1124733659230292e-07 1.427988882893655e-08 0 3.4921297823807851e-07 0 -1.8129525956877007e-07 0 0 -5.2350373011883706e-07 0 0 3.8448012877506875e-08 4.0919936990355823e-08
leaf_weight=925 13420 97026 936 3134 18324 33165 7636 118704 23175 30729 4713 18226 182000 10386 55509 1554 3648 848 16536 25134 3253 5932 488 485 16403 7790
leaf_count=925 13420 97026 936 3134 18324 33165 7636 118704 23175 30729 4713 18226 182000 10386 55509 1554 3648 848 16536 25134 3253 5932 488 485 16403 7790
internal_value=0 -7.28022e-08 -4.419e-08 7.2633e-08 2.39225e-08 5.62924e-08 8.86382e-08 1.24758e-07 1.6377e-07 -2.2111e-09 -8.52049e-08 -1.02131e-07 0 -1.56175e-08 -3.12965e-08 1.28763e-07 7.34597e-08 -3.71803e-07 -9.37526e-09 -7.11393e-08 1.72138e-08 -4.28521e-07 0 -4.83008e-07 0 0
internal_weight=700079 163678 155488 27733 536401 253481 190234 151869 24111 38365 127755 115252 282920 249449 237509 11940 33471 8190 63247 41670 21577 7342 3622 6417 29823 12503
internal_count=700079 163678 155488 27733 536401 253481 190234 151869 24111 38365 127755 115252 282920 249449 237509 11940 33471 8190 63247 41670 21577 7342 3622 6417 29823 12503
is_linear=0
shrinkage=0.02


Tree=192
num_leaves=31
num_cat=0
split_feature=1 3 3 0 0 2 1 3 2 0 1 2 1 2 1 1 1 1 2 0 0 3 2 2 2 3 0 1 2 1
split_gain=5.0925e-06 2.31752e-06 3.85626e-06 4.50313e-06 4.89345e-06 2.13588e-06 2.08377e-06 3.18611e-06 2.58342e-06 2.06758e-06 4.26932e-06 2.16258e-06 1.33143e-06 2.7958e-06 2.34951e-06 2.24525e-06 1.96617e-06 1.92399e-06 1.85553e-06 1.71785e-06 1.62371e-06 1.13002e-06 1.09151e-06 9.94564e-07 8.78292e-07 7.19106e-07 5.8459e-07 3.31567e-07 1.9638e-07 8.43745e-08
threshold=-0.0099295680411159975 0.0078098736703395852 -0.014565916266292332 -0.74753293395042408 -0.81697812676429737 0.19532891362905505 -0.016625771299004551 -1.529495060443878 0.26658503711223608 1.2033933997154238 -0.045517876744270318 0.25548927485942846 -0.0012107486836612222 0.2490995451807976 -0.007980648893862961 0.0021756297210231428 0.54579138755798351 -0.0062610872555524102 0.28651750087738043 -0.81697812676429737 -0.77513739466667164 1.5666375756263735 0.20280085504055026 0.29978042840957647 0.29508076608181005 -0.0092558162286877615 1.2191759943962099 -0.053514508530497544 0.38432554900646215 -0.014796895906329153
decision_type=2 2 2 2 2 2 2 2 2 2 2 2 2 2 2 2 2 2 2 2 2 2 2 2 2 2 2 2 2 2
left_child=1 2 6 4 -4 -5 8 -8 -1 10 24 -12 13 14 22 26 18 -16 -17 25 -21 27 -2 -18 -3 -15 28 -11 -14 -23
right_child=12 9 3 5 -6 -7 7 -9 -10 21 11 -13 15 19 17 16 23 -19 -20 20 -22 29 -24 -25 -26 -27 -28 -29 -30 -31
leaf_value=-1.8855485817866508e-07 0 -1.7706093003181036e-07 -2.5087594715247048e-07 0 0 -8.6473178117149235e-07 -1.7717286975343282e-08 2.4210325662335059e-07 2.7456459783491552e-08 0 0 4.4185311875304843e-07 2.8653183384376064e-07 -2.0512555661184836e-07 0 -5.2075838882214842e-08 2.7964700616555236e-07 1.7916609916279718e-07 1.2891876363775824e-07 1.216135655923599e-07 -6.2465362131155932e-08 0 6.3093265602177865e-07 0 5.9450418157783306e-08 0 0 -1.7960304754323202e-07 0 5.7757405454979028e-08
leaf_weight=41719 451 10692 55819 1239 54836 6192 23269 27913 19473 8625 803 17077 30405 29600 67848 74190 17657 30325 32552 29125 56056 12018 5110 4889 4559 4627 1929 20545 419 10117
leaf_count=41719 451 10692 55819 1239 54836 6192 23269 27913 19473 8625 803 17077 30405 29600 67848 74190 17657 30325 32552 29125 56056 12018 5110 4889 4559 4627 1929 20545 419 10117
internal_value=0 -5.83797e-08 -9.28752e-08 -1.72907e-07 -1.18575e-07 -7.12822e-07 0 8.49044e-08 -8.71301e-08 1.20858e-08 1.51584e-07 3.716e-07 5.00212e-08 7.92778e-09 9.11395e-08 9.56442e-08 3.8989e-08 4.55685e-08 0 -4.7612e-08 0 -3.90147e-08 5.35987e-07 2.08805e-07 0 -1.67285e-07 2.58219e-07 -1.34806e-07 2.80064e-07 0
internal_weight=700079 314896 230460 118086 110655 7431 112374 51182 61192 84436 33131 17880 385183 223142 103734 162041 129288 98173 106742 119408 85181 51305 5561 22546 15251 34227 32753 29170 30824 22135
internal_count=700079 314896 230460 118086 110655 7431 112374 51182 61192 84436 33131 17880 385183 223142 103734 162041 129288 98173 106742 119408 85181 51305 5561 22546 15251 34227 32753 29170 30824 22135
is_linear=0
shrinkage=0.02


Tree=193
num_leaves=18
num_cat=0
split_feature=5 5 0 0 2 3 3 3 2 5 2 0 2 0 2 2 0
split_gain=2.79044e-06 1.44907e-06 9.20517e-07 2.73218e-06 2.67511e-06 2.32017e-06 2.71169e-06 1.88081e-06 9.13217e-07 6.5884e-07 6.43208e-07 9.27841e-07 8.93104e-07 4.98472e-07 4.84116e-07 1.75961e-07 1.04249e-06
threshold=-2.5857044458389278 2.2191196680068974 -0.74753293395042408 -0.81292775273323048 0.3164959996938706 1.5400573015213015 -1.5623992681503294 -0.0061258319765329352 0.35104535520076757 -0.85132980346679676 0.27360902726650244 1.2277394533157351 0.19769876450300219 -0.82308480143547047 0.22291945666074756 0.32685124874114996 -0.79700732231140126
decision_type=2 2 2 2 2 2 2 2 2 2 2 2 2 2 2 2 2
left_child=10 2 3 7 -5 6 -4 -2 13 -7 11 12 -1 -3 -15 -12 -17
right_child=1 8 5 4 -6 9 -8 -9 -10 -11 15 -13 -14 14 -16 16 -18
leaf_value=0 -3.7879606506641646e-08 0 0 1.6737102331330965e-07 0 0 -1.4947327758571834e-07 1.284030595175074e-07 0 8.3852630696819699e-08 4.6360826610723935e-08 0 -4.1385297305088042e-07 0 2.4411616832561049e-07 0 -5.7199620529713967e-07
leaf_weight=337 231369 8105 66668 81199 57724 26519 93584 27869 2387 57278 3126 1556 12022 5384 23169 314 1469
leaf_count=337 231369 8105 66668 81199 57724 26519 93584 27869 2387 57278 3126 1556 12022 5384 23169 314 1469
internal_value=0 7.92249e-09 0 1.94658e-08 9.31178e-08 -2.9842e-08 -7.92393e-08 -1.22887e-08 1.26255e-07 4.07575e-08 -2.38796e-07 -3.09241e-07 -3.71078e-07 1.64143e-07 2.03897e-07 0 -1.88958e-07
internal_weight=700079 681255 642210 398161 138923 244049 160252 259238 39045 83797 18824 13915 12359 36658 28553 4909 1783
internal_count=700079 681255 642210 398161 138923 244049 160252 259238 39045 83797 18824 13915 12359 36658 28553 4909 1783
is_linear=0
shrinkage=0.02


Tree=194
num_leaves=27
num_cat=0
split_feature=5 0 4 0 0 4 5 3 0 0 5 5 0 3 0 0 0 0 4 3 5 3 5 0 0 4
split_gain=2.71653e-06 1.98438e-06 1.59011e-06 1.34191e-06 1.59892e-06 1.19108e-06 8.39357e-07 1.49437e-06 6.26113e-07 1.4264e-06 6.15637e-07 6.11538e-07 5.73341e-07 4.78196e-07 9.62691e-07 1.66062e-06 1.0227e-06 2.97808e-07 1.03164e-06 2.91866e-07 2.08966e-07 1.56101e-07 1.15196e-07 9.72503e-08 8.4926e-08 4.58543e-08
threshold=-1.2432775497436521 -0.77513739466667164 0.3086757510900498 -0.81532222032546986 -0.82328352332115162 -0.1019337736070156 -2.9997932910919185 1.5499454140663149 -0.81697812676429737 -0.8027336299419402 -2.9997932910919185 -0.33801597356796259 -0.794795662164688 1.5472643971443178 -0.74937453866004933 -0.81292775273323048 1.2305384278297427 -0.82562103867530812 0.077253796160221114 1.577583968639374 -1.4199540615081785 -0.015089721418917177 -1.3805279731750486 1.1900601387023928 -0.82991966605186451 -0.47126354277133936
decision_type=2 2 2 2 2 2 2 2 2 2 2 2 2 2 2 2 2 2 2 2 2 2 2 2 2 2
left_child=1 2 3 4 -1 13 7 -3 17 11 -4 -10 -11 14 15 -2 -16 18 -7 20 -8 -19 -5 -15 -12 -25
right_child=5 6 10 22 -6 8 19 -9 9 12 24 -13 -14 23 16 -17 -18 21 -20 -21 -22 -23 -24 25 -26 -27
leaf_value=0 -3.4331922438325879e-08 -8.5286367778621638e-07 0 4.7187382180286225e-08 -2.4225744420199167e-07 0 -1.2537047591596948e-07 0 0 -5.6524332862904621e-08 0 2.8424514701128035e-07 5.3956268120326923e-08 0 -1.1732881787210093e-07 9.0740253293724062e-08 0 0 1.6107710070481715e-07 0 0 -3.5975533356103739e-08 0 0 2.2196832703249747e-07 9.5637771827177028e-08
leaf_weight=28587 108469 2636 1704 22110 23257 13149 51627 848 5397 5203 1686 20659 127400 2247 61484 65171 15923 7055 20187 3250 9953 54431 3315 8189 14705 21437
leaf_count=28587 108469 2636 1704 22110 23257 13149 51627 848 5397 5203 1686 20659 127400 2247 61484 65171 15923 7055 20187 3250 9953 54431 3315 8189 14705 21437
internal_value=0 -6.99695e-08 0 -4.98155e-08 -1.18284e-07 2.3062e-08 -1.52804e-07 -6.15447e-07 5.48183e-08 7.98718e-08 1.56695e-07 2.33821e-07 3.45387e-08 0 -1.44534e-08 1.09243e-09 -7.51633e-08 0 5.77342e-08 -9.70908e-08 -1.0872e-07 -1.14111e-08 1.11364e-08 6.59989e-08 2.05255e-07 7.74549e-08
internal_weight=700079 163678 95364 77269 51844 536401 68314 3484 253481 158659 18095 26056 132603 282920 251047 173640 77407 94822 33336 64830 61580 61486 25425 31873 16391 29626
internal_count=700079 163678 95364 77269 51844 536401 68314 3484 253481 158659 18095 26056 132603 282920 251047 173640 77407 94822 33336 64830 61580 61486 25425 31873 16391 29626
is_linear=0
shrinkage=0.02


Tree=195
num_leaves=26
num_cat=0
split_feature=1 5 4 5 1 1 1 3 1 3 4 4 4 5 3 1 1 4 4 3 5 1 5 5 3
split_gain=5.7017e-06 2.92818e-06 2.57733e-06 1.98759e-06 2.29155e-06 2.80984e-06 2.35538e-06 1.94065e-06 2.94008e-06 2.45565e-06 1.8101e-06 1.37507e-06 1.16534e-06 9.20791e-07 7.78542e-07 7.54518e-07 8.21943e-07 6.23169e-07 5.65973e-07 1.53244e-07 1.45212e-07 1.44992e-07 1.44462e-07 1.02179e-07 5.33056e-08
threshold=-0.0066061720717698327 0.97702342271804821 -0.45045319199562067 0.70304545760154735 0.40004085004329687 0.010153800249099733 -0.0012107486836612222 -0.015089721418917177 -0.016319548711180683 1.5472643971443178 0.46454431116580969 -0.13537574559450147 0.054882613942027099 2.1398497819900517 -0.016492276452481743 -0.4755482673645019 -0.0070691171567887059 0.14801909029483798 -0.44133009016513819 -0.018717817962169644 1.3638594746589663 -0.01216547144576907 -2.7416384220123287 2.1149928569793706 1.5442298650741579
decision_type=2 2 2 2 2 2 2 2 2 2 2 2 2 2 2 2 2 2 2 2 2 2 2 2 2
left_child=1 2 19 4 5 6 -2 8 -4 -9 11 20 -13 14 -12 23 18 -7 -17 -1 -5 -21 -6 -3 -18
right_child=3 15 7 10 22 17 -8 9 -10 -11 13 12 -14 -15 -16 16 24 -19 -20 21 -22 -23 -24 -25 -26
leaf_value=0 4.2414893948854277e-08 -1.4659793492440832e-07 -1.4257192142469837e-07 -4.4885128500439416e-08 0 -1.1851017809797061e-07 3.0815709160653828e-07 -1.9437728270882913e-07 1.1621411132075009e-07 0 0 2.0189778615056798e-07 0 0 -2.3330427189834905e-07 0 -6.3872039154714922e-08 0 1.0680186906714869e-07 6.8485029298044511e-08 9.7140358450149605e-09 0 4.2389940663842863e-07 0 0
leaf_weight=17283 76032 5843 37591 26595 241 22810 27714 129252 30500 25662 3204 31920 23716 7186 20572 22832 6709 9348 72602 25597 47734 13486 12745 893 938
leaf_count=17283 76032 5843 37591 26595 241 22810 27714 129252 30500 25662 3204 31920 23716 7186 20572 22832 6709 9348 72602 25597 47734 13486 12745 893 938
internal_value=0 -5.03192e-08 -8.65921e-08 6.46583e-08 1.18459e-07 7.54442e-08 1.32682e-07 -1.18376e-07 0 -1.58692e-07 2.45342e-09 4.68272e-08 1.22509e-07 -1.19213e-07 -1.84386e-07 2.3746e-08 5.20277e-08 -4.70183e-08 7.9407e-08 3.67484e-09 0 3.9848e-08 4.14616e-07 -1.12135e-07 -2.81238e-08
internal_weight=699005 389188 279371 309817 148890 135904 103746 223005 68091 154914 160927 129965 55636 30962 23776 109817 103081 32158 95434 56366 74329 39083 12986 6736 7647
internal_count=699005 389188 279371 309817 148890 135904 103746 223005 68091 154914 160927 129965 55636 30962 23776 109817 103081 32158 95434 56366 74329 39083 12986 6736 7647
is_linear=0
shrinkage=0.02


Tree=196
num_leaves=22
num_cat=0
split_feature=5 5 0 3 3 4 4 5 5 0 0 0 4 0 5 4 5 0 0 5 0
split_gain=2.14989e-06 1.44643e-06 1.25849e-06 1.37212e-06 7.57395e-07 9.99611e-07 7.42133e-07 3.12888e-06 1.89328e-06 7.54503e-07 1.41844e-06 3.95247e-07 3.43881e-07 7.1215e-07 9.85232e-07 2.6935e-07 2.24626e-07 1.34404e-07 1.03763e-07 1.01985e-07 2.28127e-09
threshold=-1.8409551382064817 2.250369787216187 -0.77513739466667164 1.5297405123710635 -1.5623992681503294 -0.26679617166519159 1.3905907869338991 0.83467060327529918 -1.4590219259262083 1.232986629009247 -0.75703293085098255 1.332807779312134 0.3086757510900498 -0.81532222032546986 -1.9531639814376829 0.94587191939353954 -2.9997932910919185 -0.82498678565025318 -0.82380205392837513 -1.8837376832962034 1.2143461108207705
decision_type=2 2 2 2 2 2 2 2 2 2 2 2 2 2 2 2 2 2 2 2 2
left_child=2 6 12 4 -4 -6 9 8 -8 10 -2 -11 13 14 -1 18 -14 -9 -3 -18 -5
right_child=1 15 3 20 5 -7 7 17 -10 11 -12 -13 16 -15 -16 -17 19 -19 -20 -21 -22
leaf_value=-2.0413812400608334e-07 1.0294244975350992e-08 0 0 0 0 -4.6074688976934921e-07 0 0 3.9462929088975406e-07 1.0811928414627654e-07 -5.602855761460649e-08 0 0 0 0 0 1.3511846785355977e-07 -6.4400759839042364e-08 1.7833584143962219e-07 0 -1.0963929848138254e-08
leaf_weight=18788 329350 4701 7555 4718 900 11807 2854 1995 14818 35232 184926 1967 1719 11802 4375 5155 8994 13124 26214 420 7591
leaf_count=18788 329350 4701 7555 4718 900 11807 2854 1995 14818 35232 184926 1967 1719 11802 4375 5155 8994 13124 26214 420 7591
internal_value=0 1.32252e-08 -9.77348e-08 -1.96282e-07 -2.98359e-07 -4.07168e-07 2.11428e-09 9.55642e-08 2.9619e-07 0 -9.66549e-09 8.25928e-08 0 -5.45359e-08 -1.29567e-07 1.37753e-07 5.49044e-08 -6.65669e-09 1.60078e-07 1.14495e-07 0
internal_weight=699005 620336 78669 32571 20262 12707 584266 32791 17672 551475 514276 37199 46098 34965 23163 36070 11133 15119 30915 9414 12309
internal_count=699005 620336 78669 32571 20262 12707 584266 32791 17672 551475 514276 37199 46098 34965 23163 36070 11133 15119 30915 9414 12309
is_linear=0
shrinkage=0.02


Tree=197
num_leaves=24
num_cat=0
split_feature=0 0 0 0 2 2 3 4 3 0 4 4 2 3 4 2 3 3 0 3 3 2 3
split_gain=9.79738e-07 1.63286e-06 3.03875e-06 2.8916e-06 2.20563e-06 1.72309e-06 1.71339e-06 1.40425e-06 1.30053e-06 1.2084e-06 9.54923e-07 5.2182e-07 4.9661e-07 2.80718e-07 2.49402e-07 1.74783e-07 4.07903e-08 6.55775e-07 5.01591e-07 3.92293e-08 7.33173e-07 2.04862e-08 3.42973e-09
threshold=-0.83138933777809132 -0.81697812676429737 -0.74753293395042408 -0.73402133584022511 0.32023353874683386 0.2490995451807976 -0.026736014522612091 -0.46861021220684046 -0.0088305631652474386 1.2033933997154238 0.046626728028059013 0.077253796160221114 0.26354132592678076 -0.014311873354017733 0.83452183008193981 0.27682664990425115 -0.013333744835108517 -0.015489713754504917 -0.82380205392837513 0.019835521467030052 0.049615744501352317 0.26515540480613714 -0.010245649144053457
decision_type=2 2 2 2 2 2 2 2 2 2 2 2 2 2 2 2 2 2 2 2 2 2 2
left_child=11 5 4 13 7 16 14 -3 -8 -5 -6 19 -13 -4 -7 21 17 -2 -18 22 -21 -14 -1
right_child=1 2 3 9 10 6 8 -9 -10 -11 -12 12 15 -15 -16 -17 18 -19 -20 20 -22 -23 -24
leaf_value=0 0 0 0 1.3606677310004427e-07 5.1315776261447131e-08 1.1071026898292792e-07 -1.7712895478468305e-07 1.5730754111049216e-07 0 -1.8542477783206716e-08 -1.0370159146077933e-07 0 0 -2.7626944197642714e-07 0 0 -1.5208128197965305e-09 -1.2435725359732199e-07 7.7870656082212031e-08 2.2922364692524374e-07 0 4.3141350342964452e-07 -1.2553741353054016e-08
leaf_weight=5265 14996 19825 868 21931 29594 8158 78721 105261 9956 224896 28272 1745 354 18523 664 1350 55255 17811 33591 5880 2736 4648 8705
leaf_count=5265 14996 19825 868 21931 29594 8158 78721 105261 9956 224896 28272 1745 354 18523 664 1350 55255 17811 33591 5880 2736 4648 8705
internal_value=0 -4.28683e-09 1.41667e-08 -2.33256e-08 7.96545e-08 -5.12349e-08 -1.13884e-07 1.27801e-07 -1.48276e-07 0 0 1.1123e-07 2.69557e-07 -2.59071e-07 5.11716e-09 3.51985e-07 0 -2.00084e-08 5.98482e-09 0 4.26756e-08 4.13893e-07 0
internal_weight=699005 668322 449170 266218 182952 219152 97499 125086 88677 246827 57866 30683 8097 19391 8822 6352 121653 32807 88846 22586 8616 5002 13970
internal_count=699005 668322 449170 266218 182952 219152 97499 125086 88677 246827 57866 30683 8097 19391 8822 6352 121653 32807 88846 22586 8616 5002 13970
is_linear=0
shrinkage=0.02


Tree=198
num_leaves=30
num_cat=0
split_feature=1 5 4 5 1 1 1 4 1 4 2 2 4 4 2 2 1 4 4 5 2 1 4 5 2 5 5 2 2
split_gain=5.57122e-06 2.75415e-06 2.46427e-06 1.93754e-06 2.15132e-06 2.73484e-06 2.21333e-06 1.88333e-06 2.15458e-06 1.70869e-06 1.50514e-06 1.44565e-06 1.32276e-06 1.10766e-06 8.85414e-07 1.46403e-06 1.33549e-06 6.98686e-07 6.00111e-07 4.7184e-07 2.52485e-07 4.11775e-07 2.44538e-07 2.37408e-07 2.05443e-07 1.38613e-07 1.37703e-07 9.99531e-08 7.08492e-08
threshold=-0.0066061720717698327 0.97702342271804821 -0.45045319199562067 0.70304545760154735 0.40004085004329687 0.010153800249099733 -0.0012107486836612222 0.19231960922479632 -0.015514776576310394 0.46454431116580969 0.24228780716657641 0.24833501875400546 -0.13537574559450147 0.054882613942027099 0.23817130178213122 0.25395394861698156 -0.017436144873499867 -0.29106141626834864 0.14801909029483798 2.1398497819900517 0.24308220297098163 -0.0077272525522857896 -0.58989599347114552 1.4588412642478945 0.19715227186679843 -2.7416384220123287 1.3638594746589663 0.20280085504055026 0.18808144330978396
decision_type=2 2 2 2 2 2 2 2 2 2 2 2 2 2 2 2 2 2 2 2 2 2 2 2 2 2 2 2 2
left_child=1 2 20 4 5 6 -2 8 -4 12 -9 -11 26 -14 17 16 -16 24 -7 -13 21 -1 -22 -17 -3 -6 -5 -19 -27
right_child=3 14 7 9 25 18 -8 10 -10 11 -12 19 13 -15 15 23 -18 27 -20 -21 22 -23 -24 -25 -26 28 -28 -29 -30
leaf_value=1.1315871525302779e-07 4.2656977557149036e-08 0 -2.1775342521176238e-07 -4.3761575146548332e-08 0 -1.1575021603733785e-07 3.0258653345200191e-07 -1.4625751218197718e-07 -3.44759376113044e-08 0 7.6706448258346871e-08 -2.6212928852457263e-07 1.9756493493600262e-07 0 0 -2.4928584494645682e-08 3.6656339223589253e-07 0 0 0 0 0 -7.1549307053857044e-08 5.4182012240552585e-08 -1.603480321901638e-07 0 9.3238161624172827e-09 3.8379425390194134e-08 4.219673254072699e-07
leaf_weight=20783 76032 871 95228 26595 241 22810 27714 19504 76859 9597 31414 17140 31920 23716 4281 18583 11296 4859 9348 4225 10286 6190 19107 28414 14370 230 47734 27143 12515
leaf_count=20783 76032 871 95228 26595 241 22810 27714 19504 76859 9597 31414 17140 31920 23716 4281 18583 11296 4859 9348 4225 10286 6190 19107 28414 14370 230 47734 27143 12515
internal_value=0 -4.95705e-08 -8.47435e-08 6.40794e-08 1.1723e-07 7.48847e-08 1.31371e-07 -1.15822e-07 -1.47519e-07 2.47593e-09 0 -1.15176e-07 4.58934e-08 1.20126e-07 2.16965e-08 7.9756e-08 2.51291e-07 -1.287e-08 -4.51544e-08 -2.15151e-07 2.73413e-09 6.13178e-08 0 0 -1.37296e-07 4.06382e-07 0 0 4.15475e-07
internal_weight=699005 389188 279371 309817 148890 135904 103746 223005 172087 160927 50918 30962 129965 55636 109817 62574 15577 47243 32158 21365 56366 26973 29393 46997 15241 12986 74329 32002 12745
internal_count=699005 389188 279371 309817 148890 135904 103746 223005 172087 160927 50918 30962 129965 55636 109817 62574 15577 47243 32158 21365 56366 26973 29393 46997 15241 12986 74329 32002 12745
is_linear=0
shrinkage=0.02


Tree=199
num_leaves=28
num_cat=0
split_feature=1 5 5 1 1 3 0 3 0 0 1 0 5 0 1 1 3 0 3 1 5 5 0 5 0 5 0
split_gain=5.3808e-06 2.64671e-06 1.86906e-06 2.03806e-06 2.63839e-06 2.24569e-06 1.44586e-06 2.21448e-06 5.17265e-06 2.80727e-06 1.4199e-06 1.5127e-06 1.23639e-06 1.64836e-06 6.9731e-07 7.72805e-07 4.63365e-07 3.13931e-07 2.87422e-07 6.57571e-07 2.35533e-07 1.33851e-07 1.25145e-07 9.77335e-08 7.20326e-08 1.13923e-08 3.72951e-09
threshold=-0.0066061720717698327 0.97702342271804821 0.70304545760154735 0.40004085004329687 0.010153800249099733 -0.01377098076045513 -0.82864734530448902 -0.015489713754504917 -0.81854501366615284 1.2033933997154238 -0.045517876744270318 -0.83550119400024403 2.1655551195144658 -0.76158341765403736 -0.4755482673645019 -0.0070691171567887059 0.019835521467030052 1.21075975894928 -0.014413633383810518 -0.0035901319934055205 -0.60694056749343861 -2.7416384220123287 -0.77752143144607533 2.1149928569793706 1.2139123082160952 2.0691686868667607 1.2305384278297427
decision_type=2 2 2 2 2 2 2 2 2 2 2 2 2 2 2 2 2 2 2 2 2 2 2 2 2 2 2
left_child=1 6 3 4 5 -2 10 9 -9 -8 16 -12 18 -14 23 22 -1 -15 25 -20 -6 -5 -16 26 -17 -4 -3
right_child=2 14 12 21 20 -7 7 8 -10 -11 11 -13 13 17 15 24 -18 -19 19 -21 -22 -23 -24 -25 -26 -27 -28
leaf_value=-1.9662442927698591e-07 0 -1.5002106363794049e-07 1.9687683874212718e-08 0 -9.3209449973626401e-08 1.7872356139302993e-07 1.0119433766757375e-07 -3.2041901926711888e-07 -4.7787683908750202e-08 -1.2486519500349226e-07 3.8735454269878391e-07 0 0 5.6518258347185604e-07 1.0682315035235221e-07 -6.9450712870496347e-08 0 0 -9.4743997761423334e-08 0 0 4.071881879136844e-07 0 0 0 0 0
leaf_weight=7359 21467 5390 24354 241 17852 82279 41377 50639 115502 44845 7157 10693 16005 3970 52598 7112 1799 7609 42923 64758 14306 12745 42836 893 535 1308 453
leaf_count=7359 21467 5390 24354 241 17852 82279 41377 50639 115502 44845 7157 10693 16005 3970 52598 7112 1799 7609 42923 64758 14306 12745 42836 893 535 1308 453
internal_value=0 -4.85997e-08 6.30876e-08 1.15314e-07 7.35618e-08 1.29129e-07 -8.31081e-08 -9.96888e-08 -1.42923e-07 0 0 1.62058e-07 2.33989e-09 1.32361e-07 2.09763e-08 4.89029e-08 -1.04059e-07 3.1413e-07 -9.55808e-09 -3.36966e-08 -4.35124e-08 3.98249e-07 7.59256e-08 -1.09472e-07 -2.67976e-08 1.3794e-08 -1.432e-07
internal_weight=699005 389188 309817 148890 135904 103746 279371 252363 166141 86222 27008 17850 160927 27584 109817 103081 9158 11579 133343 107681 32158 12986 95434 6736 7647 25662 5843
internal_count=699005 389188 309817 148890 135904 103746 279371 252363 166141 86222 27008 17850 160927 27584 109817 103081 9158 11579 133343 107681 32158 12986 95434 6736 7647 25662 5843
is_linear=0
shrinkage=0.02


Tree=200
num_leaves=27
num_cat=0
split_feature=1 5 0 1 3 0 3 5 5 1 0 3 0 5 0 3 0 1 0 3 1 3 3 3 1 1
split_gain=4.77503e-06 2.58952e-06 1.55103e-06 2.22724e-06 1.52347e-06 2.1545e-06 1.64936e-06 1.31915e-06 1.8269e-06 1.33278e-06 1.88107e-06 1.17585e-06 7.22775e-07 6.93213e-07 1.24631e-06 5.53095e-07 7.41788e-07 4.98235e-07 3.9871e-07 3.97294e-07 4.21968e-07 3.85877e-07 3.7323e-07 1.01781e-06 6.54795e-07 2.35312e-07
threshold=-0.010131907183676956 0.99326771497726452 -0.83138933777809132 -0.045517876744270318 -0.015489713754504917 -0.81583598256111134 -1.5209892392158506 -1.8184449076652525 0.68347594141960155 -0.0059062461368739596 -0.7987534999847411 0.049615744501352317 -0.77081230282783497 2.1920609474182133 -0.75703293085098255 0.019835521467030052 1.2033933997154238 -0.081132266670465455 -0.82328352332115162 1.5450865626335146 0.54579138755798351 0.019835521467030052 -0.022610324434936043 -1.529495060443878 -0.012708152644336222 -0.0070691171567887059
decision_type=2 2 2 2 2 2 2 2 2 2 2 2 2 2 2 2 2 2 2 2 2 2 2 2 2 2
left_child=1 2 3 21 6 -6 -4 18 9 12 -11 -5 -9 25 -15 22 17 -17 -2 20 -20 -1 23 -3 -24 -10
right_child=7 15 4 11 5 -7 -8 8 13 10 -12 -13 -14 14 -16 16 -18 -19 19 -21 -22 -23 24 -25 -26 -27
leaf_value=-1.9152328700216282e-07 0 0 -1.2371165592393966e-07 3.874008231352843e-07 -2.9075231508345224e-07 -6.7998661621972389e-08 4.9211783627536864e-08 9.025610118318986e-08 5.7503923352953813e-08 3.6266421053738345e-08 2.6942438948317605e-07 0 -2.5943549422411604e-08 0 2.5697627701957266e-07 0 0 2.7843577394788404e-07 -1.644949617020193e-07 0 0 0 -1.0951996578746e-07 2.4145218295706412e-07 0 -1.5043086571303049e-08
leaf_weight=5792 7941 14007 37172 8697 42690 91868 39732 33233 18571 54872 46187 1019 28833 17829 12020 1734 13905 9784 20040 2346 968 1636 29652 7936 6218 144572
leaf_count=5792 7941 14007 37172 8697 42690 91868 39732 33233 18571 54872 46187 1019 28833 17829 12020 1734 13905 9784 20040 2346 968 1636 29652 7936 6218 144572
internal_value=0 -5.53411e-08 -9.23479e-08 1.11516e-08 -1.10197e-07 -1.53533e-07 -8.36541e-09 4.96483e-08 6.33138e-08 1.14546e-07 1.62617e-07 2.9314e-07 4.05144e-09 9.64669e-09 9.94548e-08 2.22695e-08 1.01617e-07 2.20346e-07 -4.19481e-08 -9.58484e-08 -1.33332e-07 -8.84477e-08 0 5.03118e-08 -5.11228e-08 0
internal_weight=699254 311842 228606 17144 211462 134558 76904 387412 356117 163125 101059 9716 62066 192992 29849 83236 25423 11518 31295 23354 21008 7428 57813 21943 35870 163143
internal_count=699254 311842 228606 17144 211462 134558 76904 387412 356117 163125 101059 9716 62066 192992 29849 83236 25423 11518 31295 23354 21008 7428 57813 21943 35870 163143
is_linear=0
shrinkage=0.02


Tree=201
num_leaves=28
num_cat=0
split_feature=1 5 4 4 5 5 4 4 2 2 2 2 2 2 1 2 2 4 5 1 4 5 2 1 2 2 2
split_gain=4.60265e-06 2.50885e-06 2.50179e-06 1.87271e-06 2.30534e-06 3.83411e-06 3.00036e-06 1.86933e-06 1.06104e-06 1.0014e-06 1.18155e-06 7.82576e-07 6.03129e-07 5.97727e-07 7.77575e-07 6.81222e-07 5.97388e-07 5.60388e-07 4.2271e-07 3.73501e-07 5.22239e-07 3.66702e-07 2.71437e-07 4.67788e-07 4.90496e-07 2.73105e-08 3.43399e-09
threshold=-0.010131907183676956 0.99326771497726452 -0.45045319199562067 -0.30940322577953333 -1.4390757679939268 0.6255820393562318 0.25969775021076208 1.3905907869338991 0.19769876450300219 0.21978401392698291 0.28651750087738043 0.21033938229084018 0.24308220297098163 0.23817130178213122 -0.087453011423349367 0.31471540033817297 0.24046728760004046 -0.58989599347114552 -2.6566073894500728 -0.013139832764863966 0.23688752204179767 -0.51128956675529469 0.38138794898986822 0.24620272219181064 0.20733901858329776 0.2106181010603905 0.38230906426906591
decision_type=2 2 2 2 2 2 2 2 2 2 2 2 2 2 2 2 2 2 2 2 2 2 2 2 2 2 2
left_child=1 2 12 22 9 8 -7 11 -6 18 -11 -4 21 19 -15 -16 -9 -14 -5 20 -3 -1 23 24 -2 -21 -24
right_child=3 13 7 4 5 6 -8 16 -10 10 -12 -13 17 14 15 -17 -18 -19 -20 25 -22 -23 26 -25 -26 -27 -28
leaf_value=2.1065089446368379e-07 0 -1.3298793689295847e-07 -3.2236076227867145e-07 0 0 9.3112827833166597e-08 -9.2103853814029577e-08 0 2.1675552235425509e-07 -2.1109251080082234e-07 0 -1.0678277500158348e-07 0 0 1.4652977147254996e-07 0 1.7617897378845963e-07 -1.2121967163771053e-07 1.3349836528478153e-07 0 0 0 0 0 -8.5827193865048455e-08 4.4045175517677362e-08 4.1402712905438103e-08
leaf_weight=8756 13870 20261 21400 1667 7193 99088 46985 2685 94858 19505 14503 150534 10261 9740 40176 3449 7709 15263 11086 674 3305 11998 1137 6680 68484 5631 2356
leaf_count=8756 13870 20261 21400 1667 7193 99088 46985 2685 94858 19505 14503 150534 10261 9740 40176 3449 7709 15263 11086 674 3305 11998 1137 6680 68484 5631 2356
internal_value=3.18436e-11 -5.42091e-08 -9.0682e-08 4.88548e-08 7.4995e-08 1.01499e-07 1.98453e-08 -1.25678e-07 1.98778e-07 -2.28703e-08 -1.07981e-07 -1.45248e-07 3.97951e-09 2.19348e-08 7.2319e-08 1.16307e-07 5.61698e-09 -2.20504e-09 4.7265e-08 -1.12284e-09 -7.96318e-08 1.07952e-07 -1.28389e-08 -3.68896e-08 -6.11825e-08 0 2.76222e-08
internal_weight=699254 311842 228606 387412 294885 248124 146073 182328 102051 46761 34008 171934 46278 83236 53365 43625 10394 25524 12753 29871 23566 20754 92527 89034 82354 6305 3493
internal_count=699254 311842 228606 387412 294885 248124 146073 182328 102051 46761 34008 171934 46278 83236 53365 43625 10394 25524 12753 29871 23566 20754 92527 89034 82354 6305 3493
is_linear=0
shrinkage=0.02


Tree=202
num_leaves=23
num_cat=0
split_feature=0 0 0 2 0 0 2 3 4 3 4 2 4 0 2 2 0 2 2 4 3 2
split_gain=8.32275e-07 1.41647e-06 3.39414e-06 1.83944e-06 1.77182e-06 1.6419e-06 1.46951e-06 1.40833e-06 1.25072e-06 1.2249e-06 7.7074e-07 6.04665e-07 4.98638e-07 2.99374e-07 2.72644e-07 7.02356e-08 7.64284e-07 3.8555e-07 5.19346e-08 9.68855e-09 5.72195e-08 8.77444e-09
threshold=-0.83138933777809132 -0.81697812676429737 -0.77513739466667164 0.2490995451807976 -0.82333832979202259 1.2293903827667239 0.32023353874683386 1.5400573015213015 -0.47126354277133936 -0.013639857061207293 0.092850368469953551 0.26354132592678076 -0.47316445410251612 -0.82431402802467335 0.3372232466936112 0.24197011440992358 -0.82116970419883717 0.20794577896595004 0.27682664990425115 -0.32528607547283167 -0.013202307280153034 0.26515540480613714
decision_type=2 2 2 2 2 2 2 2 2 2 2 2 2 2 2 2 2 2 2 2 2 2
left_child=10 3 6 15 13 7 8 -4 -3 -6 19 -12 -7 -5 -8 17 -17 -2 21 20 -1 -13
right_child=1 2 5 4 9 12 14 -9 -10 -11 11 18 -14 -15 -16 16 -18 -19 -20 -21 -22 -23
leaf_value=0 2.3901646731541852e-08 0 -7.7628860712830723e-08 -5.5734972317034658e-08 0 0 -9.0177021833675765e-08 1.1170181180042795e-08 1.5441834543908063e-07 -2.1826284682503381e-07 0 0 8.8750935639199928e-08 4.9459849445558311e-08 0 1.9519507912119e-07 0 -4.4789517119587117e-08 0 0 5.052950657829821e-08 4.5100874362097368e-07
leaf_weight=395 41813 18194 177804 25002 4900 7800 13411 61651 103156 50306 1679 342 54954 17203 12332 8761 6229 64968 1298 12123 10482 4451
leaf_count=395 41813 18194 177804 25002 4900 7800 13411 61651 103156 50306 1679 342 54954 17203 12332 8761 6229 64968 1298 12123 10482 4451
internal_value=6.4386e-11 -1.71449e-09 1.53958e-08 -4.59138e-08 -1.1089e-07 -1.74943e-08 9.65668e-08 -4.6414e-08 1.27072e-07 -1.85837e-07 1.03709e-07 2.86827e-07 6.09863e-08 0 0 0 4.32919e-08 0 3.80336e-07 0 1.88757e-08 4.33777e-07
internal_weight=699254 668484 449302 219182 97411 302209 147093 239455 121350 55206 30770 7770 62754 42205 25743 121771 14990 106781 6091 23000 10877 4793
internal_count=699254 668484 449302 219182 97411 302209 147093 239455 121350 55206 30770 7770 62754 42205 25743 121771 14990 106781 6091 23000 10877 4793
is_linear=0
shrinkage=0.02


Tree=203
num_leaves=29
num_cat=0
split_feature=1 5 1 2 1 1 1 1 2 5 2 1 1 1 2 5 2 5 3 2 1 2 3 1 2 3 2 2
split_gain=4.49662e-06 2.39884e-06 1.27064e-06 2.62993e-06 2.34974e-06 1.75798e-06 1.73919e-06 1.90244e-06 2.46083e-06 2.26004e-06 1.27038e-06 5.41743e-06 1.97422e-06 4.80633e-06 4.34799e-06 1.17496e-06 1.14604e-06 1.12732e-06 6.06613e-07 5.60207e-07 7.45814e-07 6.59332e-07 4.76217e-07 3.58913e-07 4.29023e-07 2.76816e-07 8.7061e-08 2.40425e-08
threshold=-0.010131907183676956 0.99326771497726452 -0.0012107486836612222 0.2490995451807976 -0.007980648893862961 -0.0062610872555524102 0.0011714734719134869 0.54579138755798351 0.2573110312223435 0.88717454671859752 0.20991390198469165 -0.014478975906968115 -0.016319548711180683 -0.023105703294277188 0.26515540480613714 -1.7752075791358946 0.20280085504055026 1.3917530179023745 -0.010839406400918959 0.23817130178213122 -0.087453011423349367 0.31471540033817297 1.5600675344467165 -0.013139832764863966 0.20794577896595004 1.5623249411582949 0.1808944642543793 0.2106181010603905
decision_type=2 2 2 2 2 2 2 2 2 2 2 2 2 2 2 2 2 2 2 2 2 2 2 2 2 2 2 2
left_child=1 10 3 4 16 -6 17 8 -8 -9 11 -1 13 -12 -14 25 -2 22 -17 23 -21 -22 -4 24 -3 -5 -13 -25
right_child=2 19 6 15 5 -7 7 9 -10 -11 12 26 14 -15 -16 18 -18 -19 -20 20 21 -23 -24 27 -26 -27 -28 -29
leaf_value=0 0 0 3.8935816590235188e-07 -2.4473263126392356e-07 0 1.6944514012581441e-07 -8.763189016873358e-08 4.1007324255386862e-07 9.9352927722961735e-08 0 -1.856346105063958e-08 0 9.4186888023795272e-08 -3.3472798121166868e-07 -2.927873976647693e-07 1.2529430458229866e-08 6.0254781130194179e-07 0 -7.4481259919725371e-08 0 1.4296278117784212e-07 0 0 0 -1.3136844475222366e-07 0 -7.5282308864789245e-07 4.1325959470922816e-08
leaf_weight=16636 554 5303 16346 13868 67788 30423 53136 11465 58381 10950 98793 215 61962 30431 13876 65125 5624 10881 42066 9740 40176 3449 431 674 18263 374 6693 5631
leaf_count=16636 554 5303 16346 13868 67788 30423 53136 11465 58381 10950 98793 215 61962 30431 13876 65125 5624 10881 42066 9740 40176 3449 431 674 18263 374 6693 5631
internal_value=1.41693e-10 -5.34287e-08 4.84249e-08 7.52074e-09 8.82994e-08 4.16422e-08 9.32114e-08 4.43116e-08 0 2.13732e-07 -8.90968e-08 -2.59991e-07 -5.97225e-08 -1.08494e-07 0 -4.54501e-08 5.06268e-07 2.57693e-07 -2.95879e-09 2.0505e-08 6.96762e-08 1.13036e-07 3.69258e-07 -3.85687e-10 -7.80526e-08 -2.24826e-07 -7.37606e-07 0
internal_weight=699254 311842 387412 225822 104389 98211 161590 133932 111517 22415 228606 23544 205062 129224 75838 121433 6178 27658 107191 83236 53365 43625 16777 29871 23566 14242 6908 6305
internal_count=699254 311842 387412 225822 104389 98211 161590 133932 111517 22415 228606 23544 205062 129224 75838 121433 6178 27658 107191 83236 53365 43625 16777 29871 23566 14242 6908 6305
is_linear=0
shrinkage=0.02


Tree=204
num_leaves=16
num_cat=0
split_feature=5 5 0 4 2 2 2 4 2 0 0 2 2 4 2
split_gain=2.40769e-06 1.20501e-06 1.12615e-06 1.01838e-06 6.87588e-06 3.42425e-06 3.29979e-06 2.74331e-06 2.31756e-06 1.49085e-06 1.0024e-06 8.89517e-07 4.27691e-07 5.78e-07 9.64929e-08
threshold=-2.9997932910919185 2.2191196680068974 -0.77984917163848866 0.18309029936790469 0.31708136200904852 0.19769876450300219 0.3367739617824555 0.98864674568176281 0.24565702676773074 -0.800277680158615 1.2277394533157351 0.35104535520076757 0.23817130178213122 0.678798407316208 0.20794577896595004
decision_type=2 2 2 2 2 2 2 2 2 2 2 2 2 2 2
left_child=2 3 -1 6 5 -5 8 -6 -2 -8 -4 12 14 -14 -3
right_child=1 11 10 4 7 -7 9 -9 -10 -11 -12 -13 13 -15 -16
leaf_value=0 1.1121993260105138e-08 8.3717494671550974e-08 -8.4129124263685315e-07 -2.2171262967079054e-07 -3.9988402859089892e-07 1.6628173339929418e-07 0 0 -7.059101783539696e-08 2.8253955165675049e-07 0 0 2.6166599278204747e-07 0 0
leaf_weight=4644 229307 5507 2517 5722 14249 107838 3981 14851 255829 20335 917 2405 18593 3785 8774
leaf_count=4644 229307 5507 2517 5722 14249 107838 3981 14851 255829 20335 917 2405 18593 3785 8774
internal_value=4.63261e-11 6.90631e-09 -3.39323e-07 0 4.76655e-08 1.2912e-07 -1.27817e-08 -2.01473e-07 -2.78456e-08 2.05511e-07 -6.34049e-07 1.14816e-07 1.54121e-07 2.1577e-07 0
internal_weight=699254 691176 8078 652112 142660 113560 509452 29100 485136 24316 3434 39064 36659 22378 14281
internal_count=699254 691176 8078 652112 142660 113560 509452 29100 485136 24316 3434 39064 36659 22378 14281
is_linear=0
shrinkage=0.02


Tree=205
num_leaves=20
num_cat=0
split_feature=5 2 2 2 2 5 2 3 5 2 0 0 2 5 2 0 0 5 2
split_gain=2.45059e-06 1.15485e-06 8.97999e-07 2.39931e-06 1.55695e-06 1.49793e-06 1.88803e-06 1.1352e-06 9.41917e-07 1.46023e-06 1.27567e-06 8.7207e-07 8.21571e-07 6.59708e-07 1.34227e-06 7.49866e-07 2.85148e-07 1.53729e-07 9.37389e-09
threshold=-2.3734641075134273 0.27329581975936895 0.24565702676773074 0.23817130178213122 0.25084936618804937 -0.092109680175781236 0.2490995451807976 -0.01908017601817846 1.8197015523910525 0.26148958504199987 -0.82767733931541432 1.2277394533157351 0.19769876450300219 0.21551591157913211 0.21790298074483874 1.2063207626342776 1.2367049455642702 -2.4220364093780513 0.3164959996938706
decision_type=2 2 2 2 2 2 2 2 2 2 2 2 2 2 2 2 2 2 2
left_child=1 11 3 13 5 6 -4 -5 10 -10 -6 12 -1 14 -2 -15 -9 -14 -3
right_child=2 18 4 7 8 -7 -8 16 9 -11 -12 -13 17 15 -16 -17 -18 -19 -20
leaf_value=0 1.0881670283738173e-07 2.6721743440841054e-08 0 0 1.2191206185732921e-07 0 -6.5152995422161162e-07 2.8016869607646519e-07 0 1.5337397841119988e-07 -2.3016670079096553e-08 0 -3.5188155091271623e-07 -5.5714669486151407e-08 0 2.9526997855326762e-08 0 0 0
leaf_weight=636 68145 5251 10725 11437 24795 13421 4665 24931 8326 40649 280143 2179 16862 86661 45099 50466 503 1627 3054
leaf_count=636 68145 5251 10725 11437 24795 13421 4665 24931 8326 40649 280143 2179 16862 86661 45099 50466 503 1627 3054
internal_value=1.17205e-09 -1.7308e-07 1.18583e-08 3.95044e-08 -3.66492e-09 -1.47392e-07 -2.82138e-07 1.94079e-07 2.38443e-09 8.71672e-08 -4.67354e-09 -2.5163e-07 -2.97945e-07 8.75267e-09 4.8829e-08 -9.7587e-09 2.6918e-07 -3.31057e-07 0
internal_weight=699575 29609 669966 287242 382724 28811 15390 36871 353913 48975 304938 21304 19125 250371 113244 137127 25434 18489 8305
internal_count=699575 29609 669966 287242 382724 28811 15390 36871 353913 48975 304938 21304 19125 250371 113244 137127 25434 18489 8305
is_linear=0
shrinkage=0.02


Tree=206
num_leaves=29
num_cat=0
split_feature=1 3 3 0 0 3 1 3 2 0 1 3 3 3 0 2 1 1 2 1 1 3 1 2 1 0 1 0
split_gain=4.97734e-06 2.13687e-06 5.33552e-06 4.76998e-06 7.34359e-06 3.49722e-06 5.4031e-06 2.39762e-06 2.162e-06 1.4242e-06 5.59043e-06 2.13004e-06 1.27367e-06 1.22359e-06 8.18095e-07 7.67155e-07 1.62557e-06 1.51867e-06 2.68755e-06 1.43123e-06 9.41447e-07 8.13048e-07 4.24269e-07 1.29434e-06 9.72936e-07 3.84482e-07 6.47483e-08 5.11076e-09
threshold=-0.0066061720717698327 -0.014789561741054056 -0.0061258319765329352 -0.74753293395042408 -0.81854501366615284 -1.529495060443878 -0.012805345468223093 -1.5864857435226438 0.19532891362905505 1.2033933997154238 -0.045517876744270318 1.5450865626335146 -0.023251088336110112 -0.015489713754504917 1.1998248696327212 0.21287149190902713 0.00062449972028844069 -0.0012107486836612222 0.26220518350601202 -0.0064672213047742835 0.010153800249099733 1.5459767580032351 -0.0062420733738690606 0.2158610746264458 -0.0059062461368739596 -0.82240936160087574 0.33824791014194494 1.2925076484680178
decision_type=2 2 2 2 2 2 2 2 2 2 2 2 2 2 2 2 2 2 2 2 2 2 2 2 2 2 2 2
left_child=1 5 3 4 -3 7 12 27 -5 10 -4 -11 -7 -8 -9 16 19 22 25 -2 -20 -21 23 -17 -24 -19 -18 -1
right_child=15 2 9 8 -6 6 13 14 -10 11 -12 -13 -14 -15 -16 17 26 18 20 21 -22 -23 24 -25 -26 -27 -28 -29
leaf_value=7.7366235375772411e-09 0 -2.4727471692658752e-07 -4.7865273442488506e-08 0 1.1924981142857779e-08 1.4476049928489973e-07 7.4301361860308976e-07 0 -8.3208166033069353e-07 -2.25067904062939e-07 3.6997821003248228e-07 1.6015324673872958e-08 -1.6519593671549996e-08 0 -2.4259190055500469e-07 0 0 5.1591622282871968e-08 2.7802433583054736e-07 3.2181331865857231e-07 4.1623675821269039e-08 0 -1.6432449876481542e-07 2.4126353445275275e-07 0 -5.3947157297783453e-08 6.595323335288677e-08 0
leaf_weight=34154 9581 77917 17343 1324 69258 24886 6648 2472 6681 16868 20294 49538 31608 1616 28163 2711 21274 15321 29444 27169 43389 4102 18157 10084 83991 38832 5954 796
leaf_count=34154 9581 77917 17343 1324 69258 24886 6648 2472 6681 16868 20294 49538 31608 1616 28163 2711 21274 15321 29444 27169 43389 4102 18157 10084 83991 38832 5954 796
internal_value=1.02799e-09 -4.35847e-08 -7.8129e-08 -1.54195e-07 -1.11711e-07 9.77201e-09 1.26739e-07 -7.52254e-08 -6.85431e-07 1.61005e-08 1.24299e-07 -1.51055e-08 1.91236e-08 6.20396e-07 -2.08375e-07 6.3541e-08 1.36355e-07 3.47837e-08 8.41647e-08 2.16568e-07 1.64653e-07 2.82097e-07 -2.37125e-09 7.35629e-08 -3.14622e-08 0 0 0
internal_weight=699575 389566 259223 155180 147175 130343 64758 65585 8005 104043 37637 66406 56494 8264 30635 310009 68080 241929 126986 40852 72833 31271 114943 12795 102148 54153 27228 34950
internal_count=699575 389566 259223 155180 147175 130343 64758 65585 8005 104043 37637 66406 56494 8264 30635 310009 68080 241929 126986 40852 72833 31271 114943 12795 102148 54153 27228 34950
is_linear=0
shrinkage=0.02


Tree=207
num_leaves=26
num_cat=0
split_feature=1 2 1 2 1 0 4 1 1 4 2 2 0 4 4 2 1 0 0 1 2 2 2 1 4
split_gain=4.78704e-06 2.04577e-06 6.82013e-06 2.78498e-06 4.4649e-06 2.76186e-06 1.84704e-06 1.57616e-06 6.51452e-06 1.11247e-06 9.72494e-07 9.0362e-07 1.07895e-06 6.70459e-07 1.32409e-06 5.9476e-07 3.77424e-07 1.18806e-07 1.20863e-06 9.42604e-08 3.37621e-08 1.25924e-08 2.82922e-07 1.17967e-07 4.03335e-09
threshold=-0.0066061720717698327 0.28929464519023901 -0.019502669572830197 0.2106181010603905 -0.045517876744270318 -0.83550119400024403 1.3905907869338991 -0.014478975906968115 -0.0099295680411159975 -0.32000666856765742 0.21978401392698291 0.35104535520076757 1.213801443576813 0.046626728028059013 0.94587191939353954 0.19769876450300219 -0.0084880236536264402 -0.77752143144607533 1.1780284047126772 -0.38251531124114985 0.35543212294578558 0.38230906426906591 0.30784957110881811 -0.0062844837084412566 -0.4927601814270019
decision_type=2 2 2 2 2 2 2 2 2 2 2 2 2 2 2 2 2 2 2 2 2 2 2 2 2
left_child=1 3 17 7 10 -6 16 -1 -9 21 -5 12 15 20 -15 -11 -4 19 -19 -3 -13 22 24 -24 -2
right_child=9 2 6 4 5 -7 -8 8 -10 11 -12 13 -14 14 -16 -17 -18 18 -20 -21 -22 -23 23 -25 -26
leaf_value=0 8.2961007015089852e-09 0 -5.5728375137413855e-07 0 3.7466314513616311e-07 2.1890693465593446e-08 0 -7.1375082354555091e-07 0 0 -1.8467229086224073e-07 0 0 -3.3979542751698925e-07 0 1.2624974294189129e-07 0 -2.5417871799743468e-07 0 6.8447485259573091e-08 1.1405870928311101e-07 0 0 -1.053004792482548e-07 0
leaf_weight=25013 23441 3994 16237 5143 10782 214505 1463 8736 22461 11705 48795 659 39573 6382 7973 168395 1373 7792 9344 13928 5722 2280 373 14916 28590
leaf_count=25013 23441 3994 16237 5143 10782 214505 1463 8736 22461 11705 48795 659 39573 6382 7973 168395 1373 7792 9344 13928 5722 2280 373 14916 28590
internal_value=1.07373e-09 -4.26158e-08 -1.62241e-07 -1.73488e-08 1.58349e-09 4.76517e-08 -4.66621e-07 -1.46976e-07 -2.43169e-07 6.24266e-08 -1.53753e-07 8.29233e-08 9.5764e-08 0 -1.20155e-07 1.16542e-07 -5.27047e-07 0 -3.41398e-08 3.92071e-08 9.77214e-08 0 -8.64993e-09 -8.79282e-08 0
internal_weight=699575 389566 54131 335435 279225 225287 19073 56210 31197 310009 53938 240409 219673 20736 14355 180100 17610 35058 17136 17922 6381 69600 67320 15289 52031
internal_count=699575 389566 54131 335435 279225 225287 19073 56210 31197 310009 53938 240409 219673 20736 14355 180100 17610 35058 17136 17922 6381 69600 67320 15289 52031
is_linear=0
shrinkage=0.02


Tree=208
num_leaves=18
num_cat=0
split_feature=5 4 5 5 4 4 5 0 0 5 3 4 0 0 0 0 0
split_gain=2.31188e-06 1.26167e-06 3.51075e-06 1.66073e-06 9.17364e-07 1.01594e-06 7.5492e-07 1.12388e-06 7.51077e-07 1.10102e-06 6.90595e-07 1.05814e-06 4.27916e-07 3.31192e-07 1.22732e-06 2.04938e-07 1.92062e-07
threshold=-2.9997932910919185 1.3905907869338991 0.79872074723243724 1.5524643063545229 0.087549582123756423 -0.13262820988893506 -1.0147823095321653 1.2063207626342776 -0.82478407025337208 -2.5857044458389278 -0.010151803027838467 -0.12404925376176833 -0.81250971555709828 -0.76158341765403736 -0.794795662164688 1.2214513421058657 -0.7435278296470641
decision_type=2 2 2 2 2 2 2 2 2 2 2 2 2 2 2 2 2
left_child=10 3 8 6 5 -5 7 -2 -3 -10 11 -1 -8 14 -4 -13 -15
right_child=1 2 13 4 -6 -7 12 -9 9 -11 -12 15 -14 16 -16 -17 -18
leaf_value=0 -1.1427477175187006e-11 0 0 1.1254887285117409e-08 0 1.9532546051385205e-07 -2.4973297533671381e-08 -1.3171021546321701e-07 0 3.7514217972080082e-07 0 -6.1193870274417616e-07 2.0533172920970213e-08 2.1345631324857204e-07 -4.0772095660934955e-07 0 0
leaf_weight=839 125698 2887 6976 62926 36051 34313 137333 50269 1075 19130 2593 4445 202832 1686 3750 370 6402
leaf_count=839 125698 2887 6976 62926 36051 34313 137333 50269 1075 19130 2593 4445 202832 1686 3750 370 6402
internal_value=1.02282e-09 7.83162e-09 1.14257e-07 0 6.38713e-08 9.67764e-08 -1.52815e-08 -4.9e-08 2.90695e-07 3.33837e-07 -3.27228e-07 -4.52814e-07 0 0 -1.11135e-07 -5.73297e-07 0
internal_weight=699575 691328 41906 649422 133290 97239 516132 175967 23092 20205 8247 5654 340165 18814 10726 4815 8088
internal_count=699575 691328 41906 649422 133290 97239 516132 175967 23092 20205 8247 5654 340165 18814 10726 4815 8088
is_linear=0
shrinkage=0.02


Tree=209
num_leaves=28
num_cat=0
split_feature=1 5 4 3 3 1 5 3 4 4 5 5 5 3 1 1 4 4 1 5 3 5 1 4 3 4 1
split_gain=4.57282e-06 2.18906e-06 2.10269e-06 2.41102e-06 2.41411e-06 2.36961e-06 1.73142e-06 2.43464e-06 1.66275e-06 1.35291e-06 2.0779e-06 1.16704e-06 6.25434e-07 7.61218e-07 5.95337e-07 6.8995e-07 6.97183e-07 3.63108e-07 2.47311e-07 2.14236e-07 5.05109e-07 3.71946e-07 1.82923e-07 2.24901e-07 4.05356e-08 4.52774e-09 2.00704e-09
threshold=-0.0066061720717698327 0.97702342271804821 -0.45045319199562067 -0.015089721418917177 -0.0061258319765329352 -0.016319548711180683 0.70304545760154735 -0.01377098076045513 0.46454431116580969 -0.32000666856765742 -1.7966986894607542 1.5261341333389284 2.1398497819900517 -0.016492276452481743 -0.4755482673645019 -0.0070691171567887059 -0.44133009016513819 -0.22003575414419171 -0.0030996017158031459 -0.7426658272743224 -0.020767417736351487 0.16952627897262576 0.28815434873104101 0.030484636314213279 1.5442298650741579 2.5050406455993657 -0.0054120214190334073
decision_type=2 2 2 2 2 2 2 2 2 2 2 2 2 2 2 2 2 2 2 2 2 2 2 2 2 2 2
left_child=1 2 19 5 -5 -4 7 22 11 26 -11 18 13 -10 25 16 -16 -13 -8 20 -1 -21 23 -2 -17 -3 -9
right_child=6 14 3 4 -6 -7 8 9 12 10 -12 17 -14 -15 15 24 -18 -19 -20 21 -22 -23 -24 -25 -26 -27 -28
leaf_value=0 -9.2334748380915519e-08 -9.4824913630613335e-08 -1.0937126603516126e-07 -2.0793307319949967e-07 -8.7643435600381625e-10 1.2778213817693737e-07 -5.9927404945342477e-08 9.6888408411048699e-09 0 0 2.3411567744820409e-07 0 0 -2.1566650450178041e-07 0 -5.0337487107884432e-08 1.03562322668294e-07 1.4315526672327347e-07 7.4468516654632758e-09 -9.6345471571438054e-08 1.254127049714385e-07 2.0242470087292927e-08 7.3176137075780099e-09 0 0 0 0
leaf_weight=5997 19107 6357 37730 98935 55562 30408 27061 8552 3208 15900 76419 29246 7134 20575 22824 6739 73017 42722 31380 15278 18420 16986 4259 10430 947 366 14016
leaf_count=5997 19107 6357 37730 98935 55562 30408 27061 8552 3208 15900 76419 29246 7134 20575 22824 6739 73017 42722 31380 15278 18420 16986 4259 10430 947 366 14016
internal_value=8.85298e-10 -4.17546e-08 -7.34886e-08 -1.02686e-07 -1.46414e-07 0 6.09192e-08 1.11316e-07 2.07477e-09 1.56566e-07 1.90702e-07 4.49477e-08 -1.14075e-07 -1.65637e-07 2.05024e-08 4.70449e-08 7.25347e-08 1.00734e-07 0 5.91018e-09 5.99224e-08 0 0 -4.96938e-08 -1.05884e-08 -9.07352e-08 0
internal_weight=699575 389566 279316 222635 154497 68138 310009 148683 161326 114887 92319 130409 30917 23783 110250 103527 95841 71968 58441 56681 24417 32264 33796 29537 7686 6723 22568
internal_count=699575 389566 279316 222635 154497 68138 310009 148683 161326 114887 92319 130409 30917 23783 110250 103527 95841 71968 58441 56681 24417 32264 33796 29537 7686 6723 22568
is_linear=0
shrinkage=0.02


Tree=210
num_leaves=26
num_cat=0
split_feature=1 5 4 4 4 5 5 4 0 1 1 1 0 4 1 0 1 1 1 0 0 5 4 1 1
split_gain=4.52628e-06 2.58572e-06 2.26249e-06 1.72128e-06 1.68124e-06 1.61977e-06 3.31909e-06 2.46073e-06 1.03167e-06 8.16978e-07 5.98877e-07 6.73539e-07 4.87138e-07 4.3326e-07 3.98922e-07 2.03952e-07 2.79559e-07 1.75729e-07 1.48709e-07 1.43017e-07 5.32686e-07 7.73903e-08 4.09025e-08 3.98043e-08 9.04807e-08
threshold=-0.010131907183676956 0.97702342271804821 -0.45045319199562067 -0.32000666856765742 0.2967591285705567 -1.4199540615081785 0.6255820393562318 0.25969775021076208 1.232986629009247 -0.014041732531040905 -0.4755482673645019 -0.027171454392373558 -0.81250971555709828 -0.77973544597625721 -0.013516974635422228 -0.82292619347572316 0.47703766822814947 -0.0067667609546333543 0.24620272219181064 1.2144819498062136 -0.75499424338340748 2.4006228446960454 1.4697490334510805 -0.01216547144576907 -0.62192073464393605
decision_type=2 2 2 2 2 2 2 2 2 2 2 2 2 2 2 2 2 2 2 2 2 2 2 2 2
left_child=1 2 23 18 8 15 12 -8 -4 -6 21 13 -7 -12 -13 17 -17 -5 19 20 -2 22 -3 24 -1
right_child=3 10 4 5 9 6 7 -9 -10 -11 11 14 -14 -15 -16 16 -18 -19 -20 -21 -22 -23 -24 -25 -26
leaf_value=0 0 -1.1430261894535018e-07 -1.6812789321084264e-07 0 5.3459679366825767e-08 6.1253520167857796e-08 8.5183064001505399e-08 -8.0595497565309039e-08 0 -1.9194644137752095e-07 0 -4.9125062486472202e-08 2.5057210228151257e-07 1.4671450081592364e-07 7.2807921622571033e-08 -7.6249810730117026e-08 0 8.5724857384594495e-08 0 0 -1.4613522155885695e-07 0 0 0 3.6922536954092496e-08
leaf_weight=1423 52524 5788 135705 3484 27003 45071 101080 46933 12003 6775 1955 23931 56962 32753 19207 33265 1880 9565 6563 14878 15823 452 588 6184 38227
leaf_count=1423 52524 5788 135705 3484 27003 45071 101080 46933 12003 6775 1955 23931 56962 32753 19207 33265 1880 9565 6563 14878 15823 452 588 6184 38227
internal_value=1.11823e-09 -5.25806e-08 -9.01105e-08 4.94491e-08 -1.23114e-07 7.39096e-08 9.54288e-08 1.91045e-08 -1.52237e-07 0 2.45539e-08 5.80466e-08 1.86546e-07 1.23772e-07 0 0 -4.81795e-08 0 -9.52455e-09 -2.85062e-08 -4.27375e-08 -6.43844e-08 -9.64067e-08 0 2.00388e-08
internal_weight=700022 311994 227320 388028 181486 298240 250046 148013 147708 33778 84674 77846 102033 34708 43138 48194 35145 13049 89788 83225 68347 6828 6376 45834 39650
internal_count=700022 311994 227320 388028 181486 298240 250046 148013 147708 33778 84674 77846 102033 34708 43138 48194 35145 13049 89788 83225 68347 6828 6376 45834 39650
is_linear=0
shrinkage=0.02


Tree=211
num_leaves=28
num_cat=0
split_feature=1 2 1 1 1 2 0 1 0 1 2 1 0 1 1 1 2 0 2 0 1 2 0 3 2 2 1
split_gain=4.3511e-06 2.05518e-06 7.2622e-06 1.75807e-06 8.11319e-06 6.37557e-06 3.00818e-06 3.00767e-06 1.53719e-06 1.21627e-06 2.32363e-06 2.05504e-06 1.62708e-06 1.4765e-06 1.42038e-06 1.90804e-06 2.07059e-06 1.20384e-06 1.03981e-06 9.16936e-07 8.32235e-07 7.40249e-07 4.97619e-07 1.99327e-07 1.72005e-07 6.75084e-08 1.54566e-08
threshold=-0.010131907183676956 0.2106181010603905 -0.014365794137120245 -0.016625771299004551 -0.022364044561982151 0.26254323124885565 -0.82308480143547047 -0.045517876744270318 -0.82265678048133839 -0.0012107486836612222 0.2490995451807976 -0.007980648893862961 -0.81697812676429737 -0.0062610872555524102 0.0028737304965034132 0.54579138755798351 0.28713957965373998 -0.75925898551940907 0.20280085504055026 -0.82333832979202259 -0.011777897365391253 0.29156830906867987 1.2191759943962099 -1.5763772726058958 0.38432554900646215 0.1808944642543793 -0.54629427194595326
decision_type=2 2 2 2 2 2 2 2 2 2 2 2 2 2 2 2 2 2 2 2 2 2 2 2 2 2 2
left_child=1 2 26 4 7 8 -6 -3 -5 10 11 18 19 -13 22 16 -16 -14 -2 -12 -7 -17 24 -4 -11 -25 -1
right_child=9 3 23 5 6 20 -8 -9 -10 14 12 13 17 -15 15 21 -18 -19 -20 -21 -22 -23 -24 25 -26 -27 -28
leaf_value=-3.9728737018530993e-08 0 -8.4132961687917167e-08 0 0 0 0 -4.2292983784352134e-07 1.0323702673535384e-07 1.506494684724912e-07 2.4746616568266588e-07 0 0 8.4530862004647968e-08 1.5570078957055181e-07 -5.5022419781321189e-08 2.7246548522681047e-07 1.3873709238791348e-07 -6.4166792037741295e-08 5.7068320741399599e-07 -2.4428984347937103e-07 -3.7949536924182596e-07 0 0 0 0 -7.3851998913617514e-07 0
leaf_weight=3917 525 78091 219 6195 3326 8193 29391 61017 79875 32911 14322 67747 40809 30633 72140 17039 31683 46130 5616 20430 12200 5477 2121 220 445 8221 21129
leaf_count=3917 525 78091 219 6195 3326 8193 29391 61017 79875 32911 14322 67747 40809 30633 72140 17039 31683 46130 5616 20430 12200 5477 2121 220 445 8221 21129
internal_value=1.09143e-09 -5.14976e-08 -2.08997e-07 -2.52346e-08 -6.86012e-08 2.59708e-08 -3.52005e-07 0 1.17974e-07 4.85299e-08 8.22261e-09 8.43204e-08 -4.07031e-08 3.93107e-08 9.25181e-08 4.0343e-08 0 0 4.79697e-07 -1.56618e-07 -2.64261e-07 2.07434e-07 2.21946e-07 -7.10942e-07 2.41578e-07 -7.26635e-07 0
internal_weight=700022 311994 33706 278288 171825 106463 32717 139108 86070 388028 226212 104521 121691 98380 161816 126339 103823 86939 6141 34752 20393 22516 35477 8660 33356 8441 25046
internal_count=700022 311994 33706 278288 171825 106463 32717 139108 86070 388028 226212 104521 121691 98380 161816 126339 103823 86939 6141 34752 20393 22516 35477 8660 33356 8441 25046
is_linear=0
shrinkage=0.02


Tree=212
num_leaves=25
num_cat=0
split_feature=1 2 1 1 1 2 1 3 4 4 2 4 4 4 2 4 4 2 2 1 2 4 1 1
split_gain=4.21244e-06 1.97184e-06 6.96381e-06 1.66644e-06 7.76655e-06 6.1327e-06 2.88857e-06 2.07043e-06 2.05249e-06 1.64173e-06 1.14501e-06 1.31848e-06 1.10671e-06 9.96142e-07 1.03128e-06 9.19618e-07 8.47499e-07 7.32181e-07 2.16308e-07 3.44182e-07 3.07023e-07 2.13083e-07 4.78429e-08 1.48445e-08
threshold=-0.010131907183676956 0.2106181010603905 -0.014365794137120245 -0.016625771299004551 -0.022364044561982151 0.26254323124885565 -0.045517876744270318 -0.024107821285724636 -0.46539165079593653 -0.32000666856765742 0.35543212294578558 0.046626728028059013 1.7707529067993166 -0.1157933473587036 0.18808144330978396 0.94587191939353954 -0.4927601814270019 0.21337385475635531 0.38230906426906591 0.24620272219181064 0.20733901858329776 1.7707529067993166 0.11841966956853868 -0.54629427194595326
decision_type=2 2 2 2 2 2 2 2 2 2 2 2 2 2 2 2 2 2 2 2 2 2 2 2
left_child=1 2 23 4 6 8 -3 -6 -5 18 13 22 -7 17 -15 -13 -4 -11 19 20 -2 -18 -12 -1
right_child=9 3 16 5 7 12 -8 -9 -10 10 11 15 -14 14 -16 -17 21 -19 -20 -21 -22 -23 -24 -25
leaf_value=-3.8934185622666882e-08 0 -8.2450305417766015e-08 0 0 0 -3.0446417581335462e-07 1.0117228768796577e-07 -4.5487676857280951e-07 1.7004848743715649e-07 1.1514192137039506e-07 1.053915445256624e-07 -3.73088139104286e-07 0 0 1.2119242502212368e-07 0 -7.5370699538872634e-07 -8.9352453107947424e-09 6.10744586593662e-09 0 -7.2568943039277763e-08 0 0 0
leaf_weight=3917 13514 78091 266 18192 9959 19615 61017 22758 67878 21720 5464 6140 778 4206 190508 8159 8151 61557 2319 6497 67458 243 486 21129
leaf_count=3917 13514 78091 266 18192 9959 19615 61017 22758 67878 21720 5464 6140 778 4206 190508 8159 8151 61557 2319 6497 67458 243 486 21129
internal_value=9.43955e-10 -5.07588e-08 -2.05302e-07 -2.48538e-08 -6.71228e-08 2.458e-08 0 -3.44407e-07 1.15178e-07 4.76698e-08 7.16275e-08 -6.97055e-09 -2.5972e-07 8.45471e-08 1.10688e-07 -1.84515e-07 -6.96921e-07 0 -9.63336e-09 -3.29159e-08 -5.35784e-08 -7.3585e-07 8.35695e-08 0
internal_weight=700022 311994 33706 278288 171825 106463 139108 32717 86070 388028 298240 20249 20393 277991 194714 14299 8660 83277 89788 87469 80972 8394 5950 25046
internal_count=700022 311994 33706 278288 171825 106463 139108 32717 86070 388028 298240 20249 20393 277991 194714 14299 8660 83277 89788 87469 80972 8394 5950 25046
is_linear=0
shrinkage=0.02


Tree=213
num_leaves=28
num_cat=0
split_feature=5 0 0 3 0 2 2 5 0 5 3 3 5 0 3 5 2 0 0 0 3 0 2 2 0 2 0
split_gain=1.79387e-06 1.73786e-06 1.23682e-06 1.63098e-06 1.263e-06 1.77991e-06 1.26238e-06 1.34977e-06 1.187e-06 1.11418e-06 1.09364e-06 1.17369e-06 1.08192e-06 8.64885e-07 5.49015e-07 3.22053e-07 2.18986e-07 2.02344e-07 1.38513e-07 1.22258e-06 1.20902e-06 8.13514e-07 5.11758e-07 9.64328e-07 1.20613e-07 8.97479e-08 7.60584e-08
threshold=-1.0147823095321653 -0.74753293395042408 -0.81250971555709828 -0.0061258319765329352 -0.74937453866004933 0.31914329528808599 0.20733901858329776 -0.7426658272743224 1.232986629009247 -0.24259728938341138 1.5442298650741579 -1.5737095475196836 1.9281420707702639 1.2157504558563235 -0.012881965842097996 2.2834680080413823 0.2601433545351029 1.332807779312134 -0.81697812676429737 -0.82328352332115162 -0.015489713754504917 -0.82431402802467335 0.3164959996938706 0.23448041081428531 -0.76832804083824147 0.34017753601074224 1.2144819498062136
decision_type=2 2 2 2 2 2 2 2 2 2 2 2 2 2 2 2 2 2 2 2 2 2 2 2 2 2 2
left_child=1 18 3 6 5 16 14 -8 12 -5 11 -3 -6 -13 -2 -11 -4 -10 19 21 -21 -1 23 -20 -24 -7 -12
right_child=2 10 4 9 8 25 7 -9 17 15 26 13 -14 -15 -16 -17 -18 -19 22 20 -22 -23 24 -25 -26 -27 -28
leaf_value=0 0 0 5.9037129228326478e-08 0 -3.6221242297068637e-08 -3.1008688938370551e-08 5.7158332321608009e-08 -9.3767787812863391e-08 1.3176616676957664e-07 2.5129253750262322e-07 4.4956015791151435e-08 -2.7656793675187803e-07 1.0270494948018632e-07 0 1.1047499973377814e-07 0 2.7513873556507392e-07 0 0 0 -2.0448292473421171e-07 1.8052436897759778e-07 -7.6811780057149521e-08 1.515991252553927e-07 0 2.7341927866675728e-08 -3.2625617618156913e-08
leaf_weight=34446 8820 14989 39712 3973 138080 13991 11427 133904 32618 15874 6876 31238 24020 3869 23325 1435 25295 1893 7958 5759 23774 10143 8177 26945 5930 30025 15526
leaf_count=34446 8820 14989 39712 3973 138080 13991 11427 133904 32618 15874 6876 31238 24020 3869 23325 1435 25295 1893 7958 5759 23774 10143 8177 26945 5930 30025 15526
internal_value=7.41107e-10 -4.74987e-08 2.34162e-08 -7.23828e-09 4.98951e-08 1.07236e-07 -3.63794e-08 -6.81391e-08 7.92622e-09 1.418e-07 -1.25205e-07 -1.77254e-07 -3.29703e-09 -2.41259e-07 4.49919e-08 2.24656e-07 1.73891e-07 1.18595e-07 0 -1.89364e-08 -1.3147e-07 1.07452e-08 2.4252e-08 8.17972e-08 0 0 0
internal_weight=700022 195630 504392 198758 305634 109023 177476 145331 196611 21282 72498 50096 162100 35107 32145 17309 65007 34511 123132 74122 29533 44589 49010 34903 14107 44016 22402
internal_count=700022 195630 504392 198758 305634 109023 177476 145331 196611 21282 72498 50096 162100 35107 32145 17309 65007 34511 123132 74122 29533 44589 49010 34903 14107 44016 22402
is_linear=0
shrinkage=0.02


Tree=214
num_leaves=28
num_cat=0
split_feature=1 1 1 0 0 3 1 0 4 4 1 1 4 0 0 4 0 3 4 1 1 1 1 3 4 1 4
split_gain=4.10228e-06 1.86832e-06 5.12065e-06 5.33381e-06 5.23338e-06 5.09683e-06 3.63909e-06 3.55207e-06 2.33226e-06 1.56607e-06 1.2256e-06 2.62497e-06 9.02374e-07 1.03158e-06 2.46376e-06 9.21566e-07 8.43032e-07 1.28151e-06 3.24757e-07 2.05524e-07 2.42034e-07 1.53632e-07 1.36917e-07 2.04186e-07 2.05959e-07 1.2176e-07 3.76823e-08
threshold=-0.010131907183676956 -0.023908871226012703 -0.016625771299004551 -0.82308480143547047 -0.82190400362014759 -0.015089721418917177 -0.043180983513593667 -0.79700732231140126 -0.41602167487144465 -0.32000666856765742 -0.54629427194595326 -0.053514508530497544 0.73469674587249767 -0.81697812676429737 -0.82240936160087574 0.20245481282472613 1.2052083015441897 -0.0061258319765329352 0.53296646475791942 -0.0057980886194854966 -0.0048744436353445044 -0.0067127428483217946 0.24620272219181064 -0.013260199688374994 -0.359463021159172 -0.017436144873499867 -0.48812553286552424
decision_type=2 2 2 2 2 2 2 2 2 2 2 2 2 2 2 2 2 2 2 2 2 2 2 2 2 2 2
left_child=1 6 3 25 5 -4 10 -6 -5 22 18 -12 13 14 -11 -15 17 -8 -1 21 -21 -14 23 24 -2 -3 -25
right_child=9 2 4 8 7 -7 16 -9 -10 12 11 -13 19 15 -16 -17 -18 -19 -20 20 -22 -23 -24 26 -26 -27 -28
leaf_value=-2.5100662139013294e-07 -1.0160136249970935e-07 1.0514626581988409e-07 0 0 1.5195382507003826e-07 -5.4875921884258033e-07 4.9322548354468764e-09 -7.2925424519819225e-08 -4.5882994799152153e-07 8.3422889372810116e-08 3.6211003989101671e-08 -2.2478675645351812e-07 0 1.4756492013647796e-07 -1.4479685118038674e-07 0 0 3.4635536807250503e-07 0 1.4697063060143636e-07 0 -9.8818942148598743e-08 0 7.8050083446047422e-09 0 0 -2.1539399942123351e-08
leaf_weight=18132 21817 4771 3480 4493 52608 13600 26856 49342 31464 75818 54980 19389 6394 119677 22405 27654 13131 14844 4146 5423 28239 12630 6563 30048 2817 758 28543
leaf_count=18132 21817 4771 3480 4493 52608 13600 26856 49342 31464 75818 54980 19389 6394 119677 22405 27654 13131 14844 4146 5423 28239 12630 6563 30048 2817 758 28543
internal_value=8.06608e-10 -5.0183e-08 -9.77275e-08 -2.93002e-07 -1.28649e-08 -3.47013e-07 0 2.34988e-08 -3.97837e-07 4.69591e-08 -7.3638e-08 -4.94195e-09 7.03422e-08 8.64848e-08 1.10033e-08 1.23232e-07 1.30344e-07 1.74431e-07 -2.13186e-07 0 2.45736e-08 -5.70337e-08 -8.43578e-09 -2.71077e-08 -7.61452e-08 2.70446e-08 0
internal_weight=700022 311994 160516 41486 119030 17080 151478 101950 35957 388028 96647 74369 298240 245554 98223 147331 54831 41700 22278 52686 33662 19024 89788 83225 24634 5529 58591
internal_count=700022 311994 160516 41486 119030 17080 151478 101950 35957 388028 96647 74369 298240 245554 98223 147331 54831 41700 22278 52686 33662 19024 89788 83225 24634 5529 58591
is_linear=0
shrinkage=0.02


Tree=215
num_leaves=29
num_cat=0
split_feature=1 5 4 4 4 5 4 5 0 1 1 0 5 1 1 0 0 0 1 4 1 5 0 4 4 0 5 0
split_gain=3.44229e-06 2.10804e-06 1.8343e-06 1.63858e-06 1.60565e-06 1.35869e-06 3.48192e-06 3.01637e-06 1.02416e-06 8.1298e-07 7.42858e-07 7.27632e-07 6.33254e-07 4.16987e-07 3.7817e-07 4.08156e-07 1.17837e-06 5.93189e-07 2.88833e-07 2.93568e-07 2.37899e-07 2.16276e-07 8.33474e-08 6.81981e-08 3.67501e-08 2.86098e-08 1.88178e-08 1.40901e-08
threshold=-0.010131907183676956 0.99326771497726452 -0.45045319199562067 0.2967591285705567 -0.1157933473587036 0.68347594141960155 0.12807027995586398 -1.4590219259262083 1.2293903827667239 -0.0059062461368739596 -0.014041732531040905 -0.76158341765403736 0.99326771497726452 -0.4755482673645019 0.33824791014194494 -0.7417098581790923 -0.800277680158615 1.235261917114258 -0.027171454392373558 -0.77973544597625721 -0.013139832764863966 1.7902358174324038 -0.77294790744781483 -0.46861021220684046 -0.60379907488822926 1.2377493977546694 2.635146021842957 1.2240267395973208
decision_type=2 2 2 2 2 2 2 2 2 2 2 2 2 2 2 2 2 2 2 2 2 2 2 2 2 2 2 2
left_child=1 2 23 8 14 7 12 22 -4 -9 -5 -8 -7 26 15 16 -2 -17 19 -15 -20 -16 -6 24 -1 -25 27 -3
right_child=4 13 3 10 5 6 11 9 -10 -11 -12 -13 -14 18 21 17 -18 -19 20 -21 -22 -23 -24 25 -26 -27 -28 -29
leaf_value=0 -1.7337992836939743e-08 -5.1703044301171952e-08 -1.5768534754791005e-07 6.2234186244459518e-08 0 0 -1.4189290856840884e-07 8.8432935174061394e-09 0 2.5672278664711314e-07 -1.6714403826139398e-07 0 1.8857628476340997e-07 0 1.5153887267554944e-07 -8.882155600985412e-08 1.4505652529053397e-07 0 -1.863128014037256e-08 1.1651865974963515e-07 7.438742842113735e-08 0 -4.7280004018637853e-08 5.78468076755238e-08 -2.3653044696037576e-08 0 0 0
leaf_weight=6886 84683 5695 131730 27136 19544 6716 31989 26230 16464 51840 6874 23458 36383 1965 9651 52817 21191 5476 26843 32356 15513 2277 14914 11572 26275 1493 255 639
leaf_count=6886 84683 5695 131730 27136 19544 6716 31989 26230 16464 51840 6874 23458 36383 1965 9651 52817 21191 5476 26843 32356 15513 2277 14914 11572 26275 1493 255 639
internal_value=0 -4.65351e-08 -8.04e-08 -1.10141e-07 4.25792e-08 7.98019e-08 2.76555e-09 1.29493e-07 -1.39061e-07 1.99058e-07 0 -7.97902e-08 1.55378e-07 2.23495e-08 0 -9.9185e-09 0 -5.54777e-08 5.18733e-08 9.68394e-08 0 1.06432e-07 0 0 0 4.56941e-08 -1.76859e-08 -3.89067e-08
internal_weight=698865 311696 228430 182204 387169 211074 98546 112528 148194 78070 34010 55447 43099 83266 176095 164167 105874 58293 76677 34321 42356 11928 34458 46226 33161 13065 6589 6334
internal_count=698865 311696 228430 182204 387169 211074 98546 112528 148194 78070 34010 55447 43099 83266 176095 164167 105874 58293 76677 34321 42356 11928 34458 46226 33161 13065 6589 6334
is_linear=0
shrinkage=0.02


Tree=216
num_leaves=22
num_cat=0
split_feature=5 4 2 2 4 4 5 2 5 2 2 5 4 2 4 2 2 2 2 5 2
split_gain=1.73342e-06 1.00887e-06 2.71689e-06 2.19118e-06 1.91158e-06 3.14855e-06 1.70749e-06 1.085e-06 2.784e-06 2.33994e-06 9.91592e-07 9.61892e-07 1.43955e-06 9.44145e-07 7.71335e-07 8.0075e-07 8.3597e-07 6.3374e-07 5.05476e-07 2.64223e-07 8.97523e-08
threshold=-2.3734641075134273 -0.082619264721870408 0.35543212294578558 0.19769876450300219 0.94587191939353954 0.046626728028059013 1.702020049095154 0.24565702676773074 1.5261341333389284 0.3367739617824555 0.27329581975936895 0.54261341691017162 -0.15949255973100659 0.34017753601074224 2.9999792575836186 0.19769876450300219 0.23700457811355594 0.25830316543579107 0.20733901858329776 -0.38646741211414332 0.31830170750617987
decision_type=2 2 2 2 2 2 2 2 2 2 2 2 2 2 2 2 2 2 2 2 2
left_child=10 7 3 6 5 -4 -3 11 9 -9 14 12 -2 -5 15 -1 -17 -10 -13 -6 -12
right_child=1 2 4 13 19 -7 -8 8 17 -11 20 18 -14 -15 -16 16 -18 -19 -20 -21 -22
leaf_value=0 1.2763522157726756e-07 -2.5567519738091343e-07 0 6.4413400478212651e-08 1.611931226730992e-07 -5.5067256891343376e-07 0 -1.1765664720510713e-07 0 9.9112454100410303e-08 7.8941612949910553e-08 3.5928230990217789e-08 -1.1256496702789494e-09 4.4412694069076756e-07 0 -4.3847832973332483e-07 0 1.1875602395969317e-07 -5.3995312521944549e-08 -3.1156644543489801e-08 -2.6287659740428935e-08
leaf_weight=683 63781 14128 2505 259397 3814 8377 2687 147765 6586 12968 5455 22035 17110 4789 564 10366 9618 36154 60540 6785 2758
leaf_count=683 63781 14128 2505 259397 3814 8377 2687 147765 6586 12968 5455 22035 17110 4789 564 10366 9618 36154 60540 6785 2758
internal_value=4.42815e-11 9.48384e-09 3.80003e-08 5.98731e-08 -1.5502e-07 -3.43078e-07 -1.19607e-07 -8.57285e-09 -4.31997e-08 -8.77246e-08 -1.46642e-07 2.22936e-08 7.56753e-08 7.88672e-08 -2.20237e-07 -2.54473e-07 -2.88093e-07 7.74513e-08 -5.77898e-09 0 0
internal_weight=698865 669421 302482 281001 21481 10882 16815 366939 203473 160733 29444 163466 80891 264186 21231 20667 19984 42740 82575 10599 8213
internal_count=698865 669421 302482 281001 21481 10882 16815 366939 203473 160733 29444 163466 80891 264186 21231 20667 19984 42740 82575 10599 8213
is_linear=0
shrinkage=0.02


Tree=217
num_leaves=22
num_cat=0
split_feature=5 4 2 2 4 4 5 2 5 2 2 5 4 2 4 2 2 2 2 5 2
split_gain=1.66806e-06 9.66805e-07 2.60359e-06 2.09187e-06 1.81971e-06 3.05338e-06 1.65849e-06 1.02747e-06 2.66187e-06 2.26445e-06 9.53267e-07 9.12279e-07 1.39733e-06 8.91285e-07 7.558e-07 7.85503e-07 7.68575e-07 6.16084e-07 4.86543e-07 2.5376e-07 8.61982e-08
threshold=-2.3734641075134273 -0.082619264721870408 0.35543212294578558 0.19769876450300219 0.94587191939353954 0.046626728028059013 1.702020049095154 0.24565702676773074 1.5261341333389284 0.3367739617824555 0.27329581975936895 0.54261341691017162 -0.15949255973100659 0.34017753601074224 2.9999792575836186 0.19769876450300219 0.23700457811355594 0.25830316543579107 0.20733901858329776 -0.38646741211414332 0.31830170750617987
decision_type=2 2 2 2 2 2 2 2 2 2 2 2 2 2 2 2 2 2 2 2 2
left_child=10 7 3 6 5 -4 -3 11 9 -9 14 12 -2 -5 15 -1 -17 -10 -13 -6 -12
right_child=1 2 4 13 19 -7 -8 8 17 -11 20 18 -14 -15 -16 16 -18 -19 -20 -21 -22
leaf_value=0 1.2508252116714484e-07 -2.5056172915704553e-07 0 6.3125133157983368e-08 1.5796934314568247e-07 -5.3965925030140406e-07 0 -1.1530351628863393e-07 0 9.71302219371515e-08 7.7362811543663007e-08 3.5209669761432022e-08 -1.1031390043666065e-09 4.3524458434274085e-07 0 -4.297088476046758e-07 0 1.1638090983766642e-07 -5.2915407898134844e-08 -3.0533522146816274e-08 -2.5761917508899525e-08
leaf_weight=683 63781 14128 2505 259397 3814 8377 2687 147765 6586 12968 5455 22035 17110 4789 564 10366 9618 36154 60540 6785 2758
leaf_count=683 63781 14128 2505 259397 3814 8377 2687 147765 6586 12968 5455 22035 17110 4789 564 10366 9618 36154 60540 6785 2758
internal_value=2.52746e-11 9.3389e-09 3.7272e-08 5.87896e-08 -1.51101e-07 -3.346e-07 -1.15311e-07 -8.23697e-09 -4.20391e-08 -8.57212e-08 -1.43798e-07 2.16031e-08 7.36673e-08 7.74413e-08 -2.15955e-07 -2.50075e-07 -2.83544e-07 7.54422e-08 -5.17899e-09 0 0
internal_weight=698865 669421 302482 281001 21481 10882 16815 366939 203473 160733 29444 163466 80891 264186 21231 20667 19984 42740 82575 10599 8213
internal_count=698865 669421 302482 281001 21481 10882 16815 366939 203473 160733 29444 163466 80891 264186 21231 20667 19984 42740 82575 10599 8213
is_linear=0
shrinkage=0.02


Tree=218
num_leaves=26
num_cat=0
split_feature=1 3 3 1 1 2 3 3 1 3 1 5 2 1 1 2 2 1 3 1 2 2 1 5 5
split_gain=3.2617e-06 2.05774e-06 3.19521e-06 1.66351e-06 1.40742e-06 2.62502e-06 2.42973e-06 1.17749e-06 1.52971e-06 1.73566e-06 1.15727e-06 2.03391e-06 1.0173e-06 8.78015e-07 1.49577e-06 2.84044e-06 2.04345e-06 5.62746e-07 5.41907e-07 4.7715e-07 2.56749e-07 2.14435e-07 2.1163e-07 1.00236e-07 2.67835e-08
threshold=-0.010131907183676956 0.0078098736703395852 -0.014214442577213047 -0.022364044561982151 -0.017153603024780747 0.25916722416877752 -1.529495060443878 0.16808518767356875 -0.045517876744270318 0.049615744501352317 0.54579138755798351 0.88717454671859752 0.25830316543579107 0.036303956061601646 -0.0012107486836612222 0.29303336143493658 0.2490995451807976 -0.036897409707307809 1.5433971881866457 -0.053514508530497544 0.23735909163951877 0.29508076608181005 0.28815434873104101 2.2834680080413823 -2.6566073894500728
decision_type=2 2 2 2 2 2 2 2 2 2 2 2 2 2 2 2 2 2 2 2 2 2 2 2 2
left_child=1 2 4 17 5 -1 -6 8 21 -10 13 24 -5 14 16 -16 -2 -4 19 -9 -20 -3 23 -15 -12
right_child=10 7 3 12 6 -7 -8 18 9 -11 11 -13 -14 22 15 -17 -18 -19 20 -21 -22 -23 -24 -25 -26
leaf_value=-2.0192466057003244e-07 7.7179557520134201e-08 -8.5082466803270649e-08 -7.8847860304778906e-08 -7.9567630077374444e-08 -1.6999684936522486e-08 1.5238864820246207e-08 1.9844493115028388e-07 0 5.1933769935035878e-07 0 0 0 -3.8349787749734507e-07 -7.0197304088612703e-08 4.8599452416818834e-09 2.9088326257183178e-07 -4.0745855972752267e-08 0 0 -2.257323516158307e-07 5.8946930340797488e-08 8.9205297457776815e-08 0 0 3.9184714658738524e-07
leaf_weight=33055 104249 7290 43836 34046 23673 26812 31082 4744 6746 5824 268 10953 23828 35613 62754 26999 121498 11495 17555 7999 29564 4147 10813 2955 11067
leaf_count=33055 104249 7290 43836 34046 23673 26812 31082 4744 6746 5824 268 10953 23828 35613 62754 26999 121498 11495 17555 7999 29564 4147 10813 2955 11067
internal_value=6.6479e-12 -4.51802e-08 -7.88641e-08 -1.54295e-07 0 -7.12587e-08 6.87726e-08 2.24743e-08 1.46231e-07 2.99194e-07 4.15506e-08 1.98139e-07 -2.39261e-07 2.65045e-08 4.20093e-08 1.13183e-07 4.85213e-09 -2.9278e-08 0 -1.30415e-07 7.68449e-10 0 -3.20558e-08 -5.92498e-08 3.85965e-07
internal_weight=698865 311696 227827 113205 114622 59867 54755 83869 24007 12570 387169 22288 57874 364881 315500 89753 225747 55331 59862 12743 47119 11437 49381 38568 11335
internal_count=698865 311696 227827 113205 114622 59867 54755 83869 24007 12570 387169 22288 57874 364881 315500 89753 225747 55331 59862 12743 47119 11437 49381 38568 11335
is_linear=0
shrinkage=0.02


Tree=219
num_leaves=29
num_cat=0
split_feature=1 5 4 4 4 5 4 5 0 1 1 0 5 1 1 0 0 0 1 4 1 5 0 4 4 0 5 4
split_gain=3.15127e-06 1.95381e-06 1.73828e-06 1.55629e-06 1.49968e-06 1.35552e-06 3.30753e-06 2.85196e-06 9.6408e-07 7.27695e-07 7.03441e-07 6.93589e-07 6.06797e-07 4.00668e-07 3.47946e-07 3.8267e-07 1.10312e-06 5.84844e-07 2.51448e-07 2.91165e-07 2.34313e-07 2.06644e-07 7.69692e-08 5.5293e-08 2.91798e-08 2.58909e-08 1.71272e-08 4.60272e-09
threshold=-0.010131907183676956 0.99326771497726452 -0.45045319199562067 0.2967591285705567 -0.1157933473587036 0.68347594141960155 0.12807027995586398 -1.4590219259262083 1.2293903827667239 -0.0059062461368739596 -0.014041732531040905 -0.76158341765403736 0.99326771497726452 -0.54629427194595326 0.33824791014194494 -0.7417098581790923 -0.800277680158615 1.2148808836936953 -0.027171454392373558 -0.77973544597625721 -0.013139832764863966 1.7902358174324038 -0.77294790744781483 -0.46861021220684046 -0.60379907488822926 1.2377493977546694 2.5578231811523442 2.9999792575836186
decision_type=2 2 2 2 2 2 2 2 2 2 2 2 2 2 2 2 2 2 2 2 2 2 2 2 2 2 2 2
left_child=1 2 23 8 14 7 12 22 -4 -9 -5 -8 -7 26 15 16 -2 -17 19 -15 -20 -16 -6 24 -1 -25 27 -3
right_child=4 13 3 10 5 6 11 9 -10 -11 -12 -13 -14 18 21 17 -18 -19 20 -21 -22 -23 -24 25 -26 -27 -28 -29
leaf_value=0 -1.7049461865819685e-08 -4.5093823692174618e-08 -1.5242898135426087e-07 6.1805831970294955e-08 0 0 -1.4047673690035692e-07 7.8256977203381177e-09 0 2.4919493249210202e-07 -1.6078931311542007e-07 0 1.8250978980163533e-07 0 1.4611626474961337e-07 -1.1203699161137082e-07 1.4021677457567111e-07 0 -1.7809176370320807e-08 1.1182912571558482e-07 7.4113843292673809e-08 0 -4.543493850186672e-08 5.2973508241837843e-08 -2.1076509534563753e-08 0 0 0
leaf_weight=6886 84683 5390 131730 27136 19544 6716 31989 26230 16464 51840 6874 23458 36383 1978 9651 32089 21191 26204 26843 33024 15513 2277 14914 11572 26275 1493 283 235
leaf_count=6886 84683 5390 131730 27136 19544 6716 31989 26230 16464 51840 6874 23458 36383 1978 9651 32089 21191 26204 26843 33024 15513 2277 14914 11572 26275 1493 283 235
internal_value=0 -4.43708e-08 -7.70816e-08 -1.06137e-07 4.08744e-08 7.68542e-08 3.42787e-10 1.26085e-07 -1.34354e-07 1.93718e-07 0 -7.98834e-08 1.49959e-07 2.13479e-08 0 -9.80593e-09 0 -5.38204e-08 5.03287e-08 9.20415e-08 0 1.01709e-07 0 0 0 4.11442e-08 -1.95952e-08 -4.02642e-08
internal_weight=698865 311696 228430 182204 387169 211074 98546 112528 148194 78070 34010 55447 43099 83266 176095 164167 105874 58293 77358 35002 42356 11928 34458 46226 33161 13065 5908 5625
internal_count=698865 311696 228430 182204 387169 211074 98546 112528 148194 78070 34010 55447 43099 83266 176095 164167 105874 58293 77358 35002 42356 11928 34458 46226 33161 13065 5908 5625
is_linear=0
shrinkage=0.02


Tree=220
num_leaves=27
num_cat=0
split_feature=1 0 0 1 0 3 1 1 1 1 3 3 0 1 1 5 5 1 5 0 3 0 1 3 5 1
split_gain=3.2044e-06 1.78146e-06 4.70065e-06 4.28055e-06 3.92051e-06 3.69854e-06 4.45285e-06 2.59944e-06 2.44769e-06 2.32988e-06 1.91612e-06 3.67074e-06 1.45844e-06 1.32441e-06 1.64e-06 2.2016e-06 1.2826e-06 7.85149e-07 3.40356e-07 5.05124e-07 2.89699e-07 2.52624e-07 2.12779e-07 2.00055e-07 9.76607e-08 8.68894e-08
threshold=-0.0012107486836612222 -0.77513739466667164 -0.81250971555709828 -0.015189735218882559 1.2230691313743594 1.5400573015213015 -0.0059062461368739596 -0.022364044561982151 -0.0047225451562553636 -0.013372395653277634 -0.012230542022734879 -0.0061258319765329352 1.2639859318733218 0.0011714734719134869 0.54579138755798351 0.88717454671859752 1.4865669608116152 -0.021067881956696507 -0.95464482903480519 -0.794795662164688 1.5600675344467165 1.2140682935714724 -0.023908871226012703 -1.5910746455192564 -2.5857044458389278 0.0028737304965034132
decision_type=2 2 2 2 2 2 2 2 2 2 2 2 2 2 2 2 2 2 2 2 2 2 2 2 2 2
left_child=1 2 10 7 5 6 -3 -4 -5 22 17 -12 -11 16 18 24 20 -1 25 -20 23 -7 -6 -2 -16 -15
right_child=13 4 3 8 9 21 -8 -9 -10 12 11 -13 -14 14 15 -17 -18 -19 19 -21 -22 -23 -24 -25 -26 -27
leaf_value=-1.1251800433844018e-08 0 -2.4032887931114373e-07 3.8812430206053637e-08 2.8273161701852565e-07 0 5.8648013871219335e-08 0 -3.3059656763234757e-07 0 2.4304125641913518e-07 -1.4004717776116773e-07 8.5406218870171175e-08 0 0 0 0 0 8.7146997159088837e-08 0 7.4179146580226892e-08 0 0 -7.0298723166267645e-08 3.5189554342113012e-07 3.9489810891212604e-07 -8.2964170553366289e-08
leaf_weight=22133 298 97463 17642 53231 14489 29383 29322 9324 8016 27929 117548 26590 3460 1326 309 10966 9907 48014 47359 43610 458 13743 19874 17043 11175 19320
leaf_count=22133 298 97463 17642 53231 14489 29383 29322 9324 8016 27929 117548 26590 3460 1326 309 10966 9907 48014 47359 43610 458 13743 19874 17043 11175 19320
internal_value=0 -2.12502e-08 4.99584e-09 1.33396e-07 -6.34264e-08 -1.18072e-07 -1.74217e-07 -1.47512e-08 2.31278e-07 4.73671e-08 -3.85284e-08 -8.45808e-08 1.84317e-07 8.01315e-08 3.52929e-08 1.91465e-07 2.24911e-07 2.75884e-08 0 2.04159e-08 3.2797e-07 6.11835e-10 -1.95282e-08 3.42181e-07 3.85158e-07 -6.89752e-08
internal_weight=699932 538161 302498 88213 235663 169911 126785 26966 61247 65752 214285 144138 31389 161771 134065 22450 27706 70147 111615 90969 17799 43126 34363 17341 11484 20646
internal_count=699932 538161 302498 88213 235663 169911 126785 26966 61247 65752 214285 144138 31389 161771 134065 22450 27706 70147 111615 90969 17799 43126 34363 17341 11484 20646
is_linear=0
shrinkage=0.02


Tree=221
num_leaves=23
num_cat=0
split_feature=1 1 5 4 3 1 1 5 5 5 4 4 5 4 4 5 4 1 5 4 1 5
split_gain=3.07959e-06 1.69133e-06 1.27583e-06 1.95757e-06 1.41168e-06 1.26536e-06 1.57744e-06 2.11695e-06 1.22151e-06 1.08382e-06 9.47557e-07 1.00357e-06 7.46221e-07 6.02714e-07 4.58719e-07 3.22935e-07 3.73073e-07 3.71886e-07 1.92589e-07 2.33005e-07 1.34936e-07 9.34094e-08
threshold=-0.0012107486836612222 -0.4755482673645019 1.5261341333389284 1.3905907869338991 1.5450865626335146 0.0011714734719134869 0.54579138755798351 0.88717454671859752 1.4865669608116152 -2.6566073894500728 -0.41602167487144465 1.197090804576874 -1.8622773885726926 0.59941527247428905 -0.47126354277133936 -0.95464482903480519 0.46454431116580969 0.0066744352225214252 2.4992109537124638 1.3905907869338991 -0.013271131087094544 -2.5857044458389278
decision_type=2 2 2 2 2 2 2 2 2 2 2 2 2 2 2 2 2 2 2 2 2 2
left_child=1 12 3 4 -3 8 15 21 10 -5 -2 -12 -1 14 -4 16 -7 -17 19 -14 -15 -8
right_child=5 2 13 9 -6 6 7 -9 -10 -11 11 -13 18 20 -16 17 -18 -19 -20 -21 -22 -23
leaf_value=0 0 -5.7508052690600492e-08 0 0 3.868389186679848e-08 -1.2025171682612379e-07 0 0 0 2.0188874712433988e-07 4.130600065370174e-07 0 -2.6606673234813616e-07 0 9.846464536907998e-08 0 0 4.9359967654554841e-08 0 0 -7.3945366791551795e-08 3.8700021770982674e-07
leaf_weight=4315 1333 350666 7447 1604 48053 16810 309 10966 9907 20855 15339 1127 18895 4926 69462 15417 3836 75552 350 1717 9871 11175
leaf_count=4315 1333 350666 7447 1604 48053 16810 309 10966 9907 20855 15339 1127 18895 4926 69462 15417 3836 75552 350 1717 9871 11175
internal_value=0 -2.07331e-08 -8.71796e-09 -2.67078e-08 -4.08991e-08 7.86427e-08 3.43911e-08 1.87533e-07 2.20582e-07 1.36181e-07 3.21232e-07 3.66827e-07 -1.85403e-07 5.20952e-08 7.98169e-08 0 -6.74225e-08 1.97047e-08 -2.35987e-07 -2.45709e-07 0 3.77473e-07
internal_weight=699932 538161 512884 421178 398719 161771 134065 22450 27706 22459 17799 16466 25277 91706 76909 111615 20646 90969 20962 20612 14797 11484
internal_count=699932 538161 512884 421178 398719 161771 134065 22450 27706 22459 17799 16466 25277 91706 76909 111615 20646 90969 20962 20612 14797 11484
is_linear=0
shrinkage=0.02


Tree=222
num_leaves=21
num_cat=0
split_feature=5 2 0 2 2 2 2 2 5 0 0 3 5 2 0 0 3 5 2 5
split_gain=1.485e-06 7.2041e-07 7.08159e-07 8.21092e-07 5.73037e-07 2.43344e-06 1.61535e-06 1.53644e-06 2.39725e-06 1.01366e-06 1.50941e-06 7.37305e-07 3.86736e-07 1.18316e-06 8.63311e-07 3.18212e-07 1.50377e-07 1.28798e-07 5.2404e-08 3.41112e-08
threshold=-2.3734641075134273 0.27329581975936895 1.2277394533157351 0.19769876450300219 0.24565702676773074 0.23817130178213122 0.25084936618804937 0.2490995451807976 0.34702403843402868 -0.8302648365497588 -0.81697812676429737 -0.019566173665225502 0.21551591157913211 0.21790298074483874 1.2063207626342776 -0.82683151960372914 -0.020005658268928524 -2.4220364093780513 0.31830170750617987 -1.7540060281753538
decision_type=2 2 2 2 2 2 2 2 2 2 2 2 2 2 2 2 2 2 2 2
left_child=1 2 3 -1 5 12 7 19 -9 16 -11 -7 13 -2 -14 -13 -8 -5 -3 -6
right_child=4 18 -4 17 6 11 9 8 -10 10 -12 15 14 -15 -16 -17 -18 -19 -20 -21
leaf_value=0 9.3701995932703298e-08 5.553048668409377e-08 0 -2.9927758235126031e-07 0 0 0 -6.8673831753924564e-07 0 -7.6768700884454586e-08 1.8934853593029779e-08 0 -6.104682316622038e-08 -1.1687384005618711e-08 3.0072989220443442e-08 2.597096303243085e-07 1.3610484504873209e-07 0 -3.860479274517981e-08 -2.7921947343493909e-08
leaf_weight=677 68163 5453 2200 16733 2441 11427 432 4708 4089 87785 241255 558 86749 45181 50162 24721 25305 1610 2782 17501
leaf_count=677 68163 5453 2200 16733 2441 11427 432 4708 4089 87785 241255 558 86749 45181 50162 24721 25305 1610 2782 17501
internal_value=0 -1.36318e-07 -1.98428e-07 -2.4253e-07 8.34111e-09 3.07791e-08 -3.23297e-09 -1.50033e-07 -3.78679e-07 3.02135e-09 -5.19748e-10 1.84184e-07 2.86655e-10 3.40465e-08 -1.3054e-08 2.4683e-07 1.26002e-07 -2.80886e-07 0 0
internal_weight=699932 29455 21220 19020 670477 286961 383516 28739 8797 354777 329040 36706 250255 113344 136911 25279 25737 18343 8235 19942
internal_count=699932 29455 21220 19020 670477 286961 383516 28739 8797 354777 329040 36706 250255 113344 136911 25279 25737 18343 8235 19942
is_linear=0
shrinkage=0.02


Tree=223
num_leaves=27
num_cat=0
split_feature=1 0 0 1 0 3 1 1 3 3 1 0 1 1 5 5 1 1 5 0 3 0 1 3 5 1
split_gain=2.9563e-06 1.74679e-06 4.48825e-06 5.32852e-06 3.72069e-06 3.51911e-06 4.27923e-06 3.26495e-06 2.22001e-06 3.77867e-06 2.21564e-06 1.4153e-06 1.20481e-06 1.51712e-06 2.034e-06 1.15547e-06 9.38784e-07 7.12406e-07 3.00701e-07 4.75369e-07 2.76606e-07 2.36775e-07 2.08773e-07 1.91174e-07 8.73145e-08 8.28948e-08
threshold=-0.0012107486836612222 -0.77513739466667164 -0.81697812676429737 -0.014219467062503098 1.2230691313743594 1.5400573015213015 -0.0059062461368739596 -0.0047225451562553636 -0.012230542022734879 -0.0061258319765329352 -0.013372395653277634 1.2639859318733218 0.0011714734719134869 0.54579138755798351 0.88717454671859752 1.4865669608116152 -0.023908871226012703 -0.029030052945017811 -0.95464482903480519 -0.794795662164688 1.5600675344467165 1.2140682935714724 -0.023908871226012703 -1.5910746455192564 -2.5857044458389278 0.0028737304965034132
decision_type=2 2 2 2 2 2 2 2 2 2 2 2 2 2 2 2 2 2 2 2 2 2 2 2 2 2
left_child=1 2 8 16 5 6 -3 -5 17 -10 22 -12 15 18 24 20 -4 -1 25 -20 23 -7 -6 -2 -15 -14
right_child=12 4 3 7 10 21 -8 -9 9 -11 11 -13 13 14 -16 -17 -18 -19 19 -21 -22 -23 -24 -25 -26 -27
leaf_value=-9.3064931468366826e-09 0 -2.3503082105230642e-07 1.7066062012415831e-08 2.916454753333236e-07 0 5.6773902641969822e-08 0 0 -1.5876397356943768e-07 7.3416270989974403e-08 2.3739137218341613e-07 0 0 0 0 0 -1.2243679158327277e-07 8.6543054201153894e-08 0 7.1397740954492495e-08 0 0 -6.9505531853524072e-08 3.3759194271052024e-07 3.7901388013798923e-07 -7.922919550424322e-08
leaf_weight=12453 298 97463 22762 56553 14489 29383 29322 10514 104292 24994 27929 3460 1326 309 10966 9907 25307 45623 47359 43610 458 13743 19874 17043 11175 19320
leaf_count=12453 298 97463 22762 56553 14489 29383 29322 10514 104292 24994 27929 3460 1326 309 10966 9907 25307 45623 47359 43610 458 13743 19874 17043 11175 19320
internal_value=0 -2.02846e-08 5.71883e-09 1.09612e-07 -6.21493e-08 -1.15444e-07 -1.70186e-07 2.28583e-07 -4.74503e-08 -9.84085e-08 4.51541e-08 1.79185e-07 7.70781e-08 3.3443e-08 1.83603e-07 2.16035e-07 -1.47717e-08 3.15529e-08 0 1.88026e-08 3.14031e-07 0 -1.90749e-08 3.28025e-07 3.69791e-07 -6.53306e-08
internal_weight=699932 538161 302498 115136 235663 169911 126785 67067 187362 129286 65752 31389 161771 134065 22450 27706 48069 58076 111615 90969 17799 43126 34363 17341 11484 20646
internal_count=699932 538161 302498 115136 235663 169911 126785 67067 187362 129286 65752 31389 161771 134065 22450 27706 48069 58076 111615 90969 17799 43126 34363 17341 11484 20646
is_linear=0
shrinkage=0.02


Tree=224
num_leaves=24
num_cat=0
split_feature=1 2 1 1 2 1 0 1 0 1 1 5 5 5 2 2 1 2 5 5 5 2 2
split_gain=2.8751e-06 1.97641e-06 7.35417e-06 1.52254e-06 6.48299e-06 6.29451e-06 3.68639e-06 3.49956e-06 1.5198e-06 9.17525e-07 9.17086e-07 1.95591e-06 8.64027e-07 1.25804e-06 8.14345e-07 1.91532e-06 7.28633e-07 4.83923e-07 3.00493e-07 8.34512e-08 5.00847e-08 5.33994e-08 4.87704e-08
threshold=-0.010131907183676956 0.2106181010603905 -0.014219467062503098 -0.016625771299004551 0.26254323124885565 -0.023908871226012703 -0.82308480143547047 -0.043180983513593667 -0.82265678048133839 -0.011896760202944277 0.54579138755798351 0.88717454671859752 -1.2837833166122434 0.68347594141960155 0.21978401392698291 0.29999144375324255 0.010153800249099733 0.20435421913862231 2.1920609474182133 -2.5857044458389278 1.7308012843132021 0.1808944642543793 0.18969416618347171
decision_type=2 2 2 2 2 2 2 2 2 2 2 2 2 2 2 2 2 2 2 2 2 2 2
left_child=1 2 -1 5 8 7 -7 -3 -5 -6 12 19 14 16 17 -16 -14 -2 -15 -12 21 -4 -21
right_child=10 3 20 4 9 6 -8 -9 -10 -11 11 -13 13 18 15 -17 -18 -19 -20 22 -22 -23 -24
leaf_value=0 0 -7.4538786906985616e-08 0 0 0 0 -3.70559463170822e-07 1.3504770082645931e-07 1.5498353770438309e-07 -3.7539165086865805e-07 0 0 1.1591642357419829e-07 -2.5963814338467692e-09 -1.9463988896757534e-07 0 0 1.4010219968176716e-07 6.6122730071459884e-08 0 0 -7.3422236909981948e-07 3.7821904624708162e-07
leaf_weight=25277 7110 83460 239 6179 7866 4140 33376 51328 79697 12455 309 10966 97929 153728 29686 15823 23426 10346 27254 261 254 7909 10914
leaf_count=25277 7110 83460 239 6179 7866 4140 33376 51328 79697 12455 309 10966 97929 153728 29686 15823 23426 10346 27254 261 254 7909 10914
internal_value=0 -4.28432e-08 -1.94996e-07 -1.72621e-08 3.08926e-08 -5.85489e-08 -2.87848e-07 0 1.23339e-07 -2.61363e-07 3.85761e-08 1.7983e-07 2.44202e-08 4.15186e-08 -2.59166e-08 -8.8758e-08 9.1876e-08 2.33415e-08 0 3.62414e-07 -7.0889e-07 -7.2156e-07 3.71434e-07
internal_weight=699932 312180 33679 278501 106197 172304 37516 134788 85876 20321 387752 22450 365302 302337 62965 45509 121355 17456 180982 11484 8402 8148 11175
internal_count=699932 312180 33679 278501 106197 172304 37516 134788 85876 20321 387752 22450 365302 302337 62965 45509 121355 17456 180982 11484 8402 8148 11175
is_linear=0
shrinkage=0.02


Tree=225
num_leaves=18
num_cat=0
split_feature=5 0 4 5 3 5 0 0 0 0 4 4 0 0 0 0 0
split_gain=1.13927e-06 1.44771e-06 1.36445e-06 3.23046e-06 1.06625e-06 9.91814e-07 9.54866e-07 2.55099e-06 1.36862e-06 8.2372e-07 7.01955e-07 9.33422e-07 5.71296e-07 2.3688e-07 1.54616e-07 7.7206e-07 4.36301e-08
threshold=-2.9997932910919185 -0.77984917163848866 1.3905907869338991 0.79872074723243724 1.5450865626335146 1.5261341333389284 -0.74753293395042408 -0.73982456326484669 -0.81250971555709828 -0.82431402802467335 0.054882613942027099 -0.22003575414419171 1.2316147685050967 1.2286439538002016 -0.76158341765403736 -0.82386156916618336 -0.7435278296470641
decision_type=2 2 2 2 2 2 2 2 2 2 2 2 2 2 2 2 2
left_child=1 -1 5 9 13 6 8 -8 -2 -4 11 -7 -11 -3 15 -5 -16
right_child=2 4 3 14 -6 10 7 -9 -10 12 -12 -13 -14 -15 16 -17 -18
leaf_value=0 -1.7413031945528587e-08 -8.443455847943784e-07 0 0 0 0 -4.1795854514369457e-07 -2.1431508627407351e-08 6.8840251901294484e-08 3.6257013648203048e-07 0 1.4257604110430706e-07 0 0 1.0343860218659785e-07 -2.2708415920829384e-07 0
leaf_weight=4625 213025 2122 3195 3535 1033 48806 7892 187321 103187 18597 41087 48326 1310 328 1631 7188 6422
leaf_count=4625 213025 2122 3195 3535 1033 48806 7892 187321 103187 18597 41087 48326 1310 328 1631 7188 6422
internal_value=2.82598e-09 -2.25568e-07 8.39607e-09 1.1915e-07 -5.33571e-07 0 -1.15738e-08 -4.77076e-08 4.40847e-09 2.85777e-07 4.87301e-08 7.91822e-08 3.33657e-07 -7.60794e-07 0 -7.59446e-08 0
internal_weight=699630 8108 691522 41878 3483 649644 511425 195213 316212 23102 138219 97132 19907 2450 18776 10723 8053
internal_count=699630 8108 691522 41878 3483 649644 511425 195213 316212 23102 138219 97132 19907 2450 18776 10723 8053
is_linear=0
shrinkage=0.02


Tree=226
num_leaves=19
num_cat=0
split_feature=5 0 4 5 2 5 5 2 2 2 4 2 0 0 2 0 5 2
split_gain=1.09419e-06 1.39305e-06 1.30905e-06 3.10197e-06 2.69794e-06 4.22693e-06 9.54076e-07 2.01848e-06 1.6621e-06 1.1243e-06 1.40635e-06 1.09076e-06 5.6018e-07 5.40278e-07 2.55821e-07 4.50548e-07 6.84352e-08 3.39523e-08
threshold=-2.9997932910919185 -0.77984917163848866 1.3905907869338991 0.79872074723243724 0.24046728760004046 -1.4199540615081785 1.5261341333389284 0.26413430273532873 0.32023353874683386 0.27489407360553747 0.18309029936790469 0.38847307860851293 1.2277394533157351 -0.8140696883201598 0.22832852602005008 -0.76158341765403736 -1.2246608138084409 0.20280085504055026
decision_type=2 2 2 2 2 2 2 2 2 2 2 2 2 2 2 2 2 2
left_child=1 -1 6 4 16 -6 9 13 -9 10 -2 -11 -3 -8 17 -16 -4 -5
right_child=2 12 3 14 5 -7 7 8 -10 11 -12 -13 -14 -15 15 -17 -18 -19
leaf_value=0 -7.2279339741971603e-09 -6.7855204416639438e-07 0 0 0 6.5213948183584495e-07 -7.4441827334164934e-08 2.079123676141438e-07 0 -7.6669969315262279e-08 1.0592205931631449e-07 1.8779263530549778e-07 0 2.4650385745548937e-08 -1.8399415784265425e-07 0 -9.481321340544878e-08 5.9438459302490696e-08
leaf_weight=4625 313544 2558 2901 701 6386 10770 33603 41343 14072 146459 48884 2538 925 49201 8346 5885 3045 3844
leaf_count=4625 313544 2558 2901 701 6386 10770 33603 41343 14072 146459 48884 2538 925 49201 8346 5885 3045 3844
internal_value=2.64136e-09 -2.21148e-07 8.15746e-09 1.16629e-07 2.7994e-07 4.10402e-07 0 4.77331e-08 1.42313e-07 -1.14205e-08 2.51534e-09 -5.87419e-08 -5.23283e-07 0 0 -8.47968e-08 0 0
internal_weight=699630 8108 691522 41878 23102 17156 649644 138219 55415 511425 362428 148997 3483 82804 18776 14231 5946 4545
internal_count=699630 8108 691522 41878 23102 17156 649644 138219 55415 511425 362428 148997 3483 82804 18776 14231 5946 4545
is_linear=0
shrinkage=0.02


Tree=227
num_leaves=24
num_cat=0
split_feature=1 2 2 1 1 0 4 1 1 4 4 0 2 0 4 0 4 1 2 2 1 4 4
split_gain=3.13146e-06 2.29474e-06 1.95201e-06 5.39547e-06 3.4833e-06 2.27391e-06 1.71149e-06 1.57554e-06 4.93343e-06 9.32474e-07 8.78021e-07 6.99433e-07 7.12643e-07 8.19846e-07 5.20361e-07 2.65256e-07 2.46352e-07 6.40404e-08 4.54489e-08 2.65381e-07 5.10896e-07 7.3019e-10 1.6914e-07
threshold=-0.0066061720717698327 0.2106181010603905 0.28929464519023901 -0.019502669572830197 -0.045517876744270318 -0.83550119400024403 1.3905907869338991 -0.014478975906968115 -0.010311079211533068 -0.36604945361614222 1.0873721241950991 1.213801443576813 0.35104535520076757 -0.78828692436218251 -0.4927601814270019 -0.77752143144607533 0.054882613942027099 -0.0067127428483217946 0.38230906426906591 0.21137990057468417 -0.0046587106771767131 0.23688752204179767 -0.1019337736070156
decision_type=2 2 2 2 2 2 2 2 2 2 2 2 2 2 2 2 2 2 2 2 2 2 2
left_child=1 7 4 15 10 -6 -5 21 14 18 -3 12 13 -11 -9 -4 -14 -10 19 -2 -21 22 -1
right_child=9 2 3 6 5 -7 -8 8 17 11 -12 -13 16 -15 -16 -17 -18 -19 -20 20 -22 -23 -24
leaf_value=0 0 -1.5532782395410733e-07 7.4372368705580335e-08 -4.5209260160335335e-07 3.4999097892968899e-07 2.5597245458129697e-08 0 0 -3.7607100703685385e-08 4.5162783936234324e-08 0 0 5.4197309995187349e-08 1.7546965527580855e-07 -7.0858695151689569e-07 -1.8985295397722066e-08 -7.8055002284164731e-08 0 0 -1.518797049012858e-07 0 0 -9.029957359889407e-08
leaf_weight=12125 13779 49749 18057 17670 10912 214181 1478 260 18160 127992 4047 43038 6417 60426 8205 17268 13080 4712 2125 14249 28935 4432 8333
leaf_count=12125 13779 49749 18057 17670 10912 214181 1478 260 18160 127992 4047 43038 6417 60426 8205 17268 13080 4712 2125 14249 28935 4432 8333
internal_value=2.55107e-09 -3.2096e-08 -5.78393e-09 -1.18797e-07 9.11872e-09 5.02085e-08 -3.90972e-07 -1.52526e-07 -2.48703e-07 5.25384e-08 -1.25631e-07 6.99749e-08 8.51802e-08 9.75672e-08 -6.79769e-07 0 0 -1.71864e-09 0 -1.78647e-08 -5.36574e-08 0 -3.77846e-09
internal_weight=699630 389589 333362 54473 278889 225093 19148 56227 31337 310041 53796 250953 207915 188418 8465 35325 19497 22872 59088 56963 43184 24890 20458
internal_count=699630 389589 333362 54473 278889 225093 19148 56227 31337 310041 53796 250953 207915 188418 8465 35325 19497 22872 59088 56963 43184 24890 20458
is_linear=0
shrinkage=0.02


Tree=228
num_leaves=27
num_cat=0
split_feature=1 2 2 1 1 0 4 1 1 4 4 0 2 0 4 0 4 1 4 4 2 1 2 2 4 4
split_gain=3.02092e-06 2.22225e-06 1.87167e-06 5.16843e-06 3.34244e-06 2.174e-06 1.66294e-06 1.52494e-06 4.70235e-06 8.94102e-07 8.55164e-07 6.75749e-07 6.86852e-07 7.68236e-07 5.03733e-07 2.54752e-07 2.36597e-07 6.15947e-08 4.24654e-08 2.2402e-07 2.52856e-07 1.52255e-07 1.47595e-07 1.44112e-07 4.73549e-10 1.6267e-07
threshold=-0.0066061720717698327 0.2106181010603905 0.28929464519023901 -0.019502669572830197 -0.045517876744270318 -0.83550119400024403 1.3905907869338991 -0.014478975906968115 -0.010311079211533068 -0.36604945361614222 1.0873721241950991 1.213801443576813 0.35104535520076757 -0.78828692436218251 -0.4927601814270019 -0.77752143144607533 0.054882613942027099 -0.0067127428483217946 -0.4927601814270019 -0.60066604614257801 0.20483652502298358 0.28815434873104101 0.38240106403827673 0.38200311362743383 0.23688752204179767 -0.1019337736070156
decision_type=2 2 2 2 2 2 2 2 2 2 2 2 2 2 2 2 2 2 2 2 2 2 2 2 2 2
left_child=1 7 4 15 10 -6 -5 24 14 18 -3 12 13 -11 -9 -4 -14 -10 19 22 -21 23 -2 -20 25 -1
right_child=9 2 3 6 5 -7 -8 8 17 11 -12 -13 16 -15 -16 -17 -18 -19 21 20 -22 -23 -24 -25 -26 -27
leaf_value=0 -7.3866842991350029e-08 -1.5222127338439171e-07 7.2884927495091956e-08 -4.4305080244274326e-07 3.4299122332964767e-07 2.5085300720952684e-08 0 0 -3.6854961706320101e-08 4.4259529436303924e-08 0 0 5.3113381457651874e-08 1.7196026776522569e-07 -6.9441538551419334e-07 -1.8605592882688816e-08 -7.6493914113574402e-08 0 -7.540734113255179e-08 0 1.1135894245327204e-07 0 0 0 0 -8.8493601496660263e-08
leaf_weight=12125 10820 49749 18057 17670 10912 214181 1478 260 18160 127992 4047 43038 6417 60426 8205 17268 13080 4712 23835 4397 15382 2815 1184 655 4432 8333
leaf_count=12125 10820 49749 18057 17670 10912 214181 1478 260 18160 127992 4047 43038 6417 60426 8205 17268 13080 4712 23835 4397 15382 2815 1184 655 4432 8333
internal_value=2.52542e-09 -3.14466e-08 -5.46e-09 -1.16237e-07 9.00584e-09 4.9382e-08 -3.82628e-07 -1.49947e-07 -2.44556e-07 5.16645e-08 -1.22758e-07 6.87229e-08 8.3669e-08 9.58282e-08 -6.66032e-07 0 0 -1.12145e-09 0 0 6.73086e-08 -2.49417e-08 0 -5.63949e-08 0 -3.04284e-09
internal_weight=699630 389589 333362 54473 278889 225093 19148 56227 31337 310041 53796 250953 207915 188418 8465 35325 19497 22872 59088 31783 19779 27305 12004 24490 24890 20458
internal_count=699630 389589 333362 54473 278889 225093 19148 56227 31337 310041 53796 250953 207915 188418 8465 35325 19497 22872 59088 31783 19779 27305 12004 24490 24890 20458
is_linear=0
shrinkage=0.02


Tree=229
num_leaves=30
num_cat=0
split_feature=1 5 3 0 0 0 1 1 3 0 1 3 3 3 0 1 1 5 0 5 0 3 0 1 3 0 1 0 5
split_gain=2.90856e-06 1.66881e-06 2.14437e-06 1.43701e-06 4.44474e-06 4.33317e-06 5.81685e-06 4.05999e-06 5.56405e-06 2.34578e-06 2.02342e-06 1.57663e-06 1.97427e-06 1.07017e-06 9.49118e-07 8.06374e-07 7.07054e-07 6.85513e-07 9.8482e-07 4.91898e-07 4.38586e-07 3.19155e-07 6.08271e-07 2.12599e-07 2.02402e-07 1.23379e-07 7.10969e-09 8.2227e-11 1.30288e-11
threshold=-0.0066061720717698327 0.70304545760154735 -0.01377098076045513 -0.77752143144607533 -0.73402133584022511 -0.81735354661941517 -0.014041732531040905 -0.013754040934145449 -0.012403510510921477 -0.74753293395042408 -0.045517876744270318 1.5472643971443178 -1.5873896479606626 1.5487532019615176 -0.79700732231140126 -0.023908871226012703 -0.013372395653277634 2.1655551195144658 -0.76158341765403736 -1.8184449076652525 1.21075975894928 -1.549938380718231 -0.76832804083824147 0.28815434873104101 -1.5623992681503294 1.2063207626342776 -0.38251531124114985 -0.75311776995658863 -2.2906126976013179
decision_type=2 2 2 2 2 2 2 2 2 2 2 2 2 2 2 2 2 2 2 2 2 2 2 2 2 2 2 2 2
left_child=3 2 23 5 9 7 15 10 -9 27 -1 12 -6 19 -8 -7 -13 21 -19 -4 -20 25 -23 24 -2 -3 -11 -5 -25
right_child=1 17 13 4 11 6 14 8 -10 26 -12 16 -14 -15 -16 -17 -18 18 20 -21 -22 22 -24 28 -26 -27 -28 -29 -30
leaf_value=-1.0524502193035497e-07 0 0 0 -2.112805529590314e-09 0 3.4374318004870634e-08 3.0322615756423446e-07 0 -3.8593612367200242e-07 0 9.224299135799176e-08 0 -1.4788894022835183e-07 0 0 -1.0470593396294368e-07 1.4082467520808045e-07 0 4.5388386991546632e-07 1.7994663317860527e-07 0 0 -9.8886774950168279e-08 0 -8.9460788208597303e-08 6.1344282383132114e-08 -7.6033015658928513e-07 0 5.2873407945636151e-09
leaf_weight=34637 8887 812 15578 7368 32753 22872 41035 16180 30321 960 50032 32936 65914 8063 911 26958 18446 15974 3993 91040 7635 78358 39176 256 20728 15461 6157 2109 4080
leaf_count=34637 8887 812 15578 7368 32753 22872 41035 16180 30321 960 50032 32936 65914 8063 911 26958 18446 15974 3993 91040 7635 78358 39176 256 20728 15461 6157 2109 4080
internal_value=2.46491e-09 5.07284e-08 9.92928e-08 -3.08103e-08 -7.52899e-08 0 1.07807e-07 -7.12885e-08 -2.21944e-07 -3.9722e-07 0 -2.63583e-08 -8.12843e-08 1.42328e-07 2.84426e-07 -7.3169e-10 4.01899e-08 0 9.5788e-08 1.60637e-07 2.35918e-07 -1.25118e-08 -3.44857e-08 0 -5.3552e-08 2.32944e-08 -7.06912e-07 0 5.01035e-09
internal_weight=699630 310041 148632 389589 166643 222946 91776 131170 46501 16594 84669 150049 98667 114681 41946 49830 51382 161409 27602 106618 11628 133807 117534 33951 29615 16273 7117 9477 4336
internal_count=699630 310041 148632 389589 166643 222946 91776 131170 46501 16594 84669 150049 98667 114681 41946 49830 51382 161409 27602 106618 11628 133807 117534 33951 29615 16273 7117 9477 4336
is_linear=0
shrinkage=0.02


Tree=230
num_leaves=24
num_cat=0
split_feature=1 4 5 2 5 4 5 1 1 2 1 4 2 2 2 4 4 5 5 1 2 4 1
split_gain=2.97402e-06 1.65803e-06 2.03003e-06 1.81535e-06 1.60759e-06 1.75317e-06 1.40446e-06 1.36077e-06 2.63136e-06 1.24055e-06 2.02656e-06 1.68837e-06 4.75763e-07 5.79125e-07 3.74996e-07 2.84492e-07 4.87874e-07 2.85898e-07 3.41167e-07 2.00271e-07 7.9457e-08 6.62744e-08 2.95342e-09
threshold=-0.0012107486836612222 2.9999792575836186 1.5662795901298525 0.37443275749683386 1.0719462633132937 -0.4251201450824737 1.6327201128005984 0.010153800249099733 0.47703766822814947 0.28437720239162451 -0.045517876744270318 1.3905907869338991 0.23817130178213122 0.32023353874683386 0.18808144330978396 0.12151984870433809 -0.15640587359666822 2.1655551195144658 1.3638594746589663 -0.0037759890547022219 0.35543212294578558 -0.31441785395145411 0.40004085004329687
decision_type=2 2 2 2 2 2 2 2 2 2 2 2 2 2 2 2 2 2 2 2 2 2 2
left_child=1 2 9 6 5 22 19 14 -9 10 -1 -11 21 -14 -7 16 -6 18 -17 -3 -18 -4 -2
right_child=4 3 12 -5 15 7 -8 8 -10 11 -12 -13 13 -15 -16 17 20 -19 -20 -21 -22 -23 -24
leaf_value=-1.3095123031972567e-07 -1.0855464987453921e-08 5.0495513045610671e-07 -6.6593973124760716e-08 0 0 0 0 0 3.0958487105589336e-07 -1.4597391072919219e-07 0 1.6339413321775096e-08 1.186915417016725e-07 0 3.2552546875254881e-07 0 1.1859509554181921e-07 0 -1.5166430924986078e-07 0 0 2.6165915883493927e-09 0
leaf_weight=56459 10025 7163 5935 1809 31588 826 1784 32326 12079 94331 281887 7238 45418 8342 27595 3328 20975 6994 12892 207 800 27611 1886
leaf_count=56459 10025 7163 5935 1809 31588 826 1784 32326 12079 94331 281887 7238 45418 8342 27595 3328 20975 6994 12892 207 800 27611 1886
internal_value=4.17918e-10 -1.92303e-08 -2.76758e-08 2.04485e-07 7.83675e-08 1.38853e-07 3.59724e-07 1.79061e-07 4.8662e-08 -4.7629e-08 -2.15788e-08 -1.14716e-07 4.9956e-08 8.71363e-08 3.12425e-07 0 3.57176e-08 -4.43784e-08 -9.93434e-08 4.86774e-07 1.09948e-07 0 0
internal_weight=699498 538184 527221 10963 161314 84737 9154 72826 44405 439915 338346 101569 87306 53760 28421 76577 53363 23214 16220 7370 21775 33546 11911
internal_count=699498 538184 527221 10963 161314 84737 9154 72826 44405 439915 338346 101569 87306 53760 28421 76577 53363 23214 16220 7370 21775 33546 11911
is_linear=0
shrinkage=0.02


Tree=231
num_leaves=26
num_cat=0
split_feature=1 1 5 1 1 2 1 2 1 1 1 2 2 5 3 2 5 2 2 2 2 2 5 5 2
split_gain=2.84861e-06 1.61985e-06 1.53627e-06 1.30484e-06 5.9246e-06 2.83314e-06 1.50596e-06 3.11057e-06 2.26213e-06 1.23894e-06 3.07761e-06 1.74368e-06 1.10637e-06 6.96478e-07 4.88794e-07 5.24306e-07 1.98478e-07 1.49153e-07 1.27605e-07 3.32002e-08 3.18795e-07 1.60276e-07 5.85733e-08 1.75297e-08 4.00207e-09
threshold=-0.0012107486836612222 -0.4755482673645019 1.0719462633132937 -0.023908871226012703 -0.016625771299004551 0.26084078848361975 -0.043180983513593667 0.26817244291305548 -0.053514508530497544 0.0021756297210231428 0.47703766822814947 0.29089196026325231 0.20905885845422748 -1.8622773885726926 1.5562921166419985 0.18808144330978396 2.1149928569793706 0.3367739617824555 0.38251720368862158 0.26413430273532873 0.31593863666057592 0.20794577896595004 2.9999673366546635 1.1322813630104067 0.34787845611572271
decision_type=2 2 2 2 2 2 2 2 2 2 2 2 2 2 2 2 2 2 2 2 2 2 2 2 2
left_child=1 13 9 6 12 -6 8 -8 -3 14 11 -11 -5 -1 15 -2 17 -15 -12 21 23 -4 -23 -21 -22
right_child=2 3 19 4 5 -7 7 -9 -10 10 18 -13 -14 16 -16 -17 -18 -19 -20 20 24 22 -24 -25 -26
leaf_value=0 0 4.8631406635074855e-08 0 0 4.2983178285696569e-08 -7.5473035058224156e-08 0 2.7631180417047332e-07 -2.0025992469088818e-07 -7.7452041421868479e-08 3.3431389951980982e-07 1.7970085834379425e-07 -2.8682120748837337e-07 -2.5658806145812376e-07 0 3.7576562851955064e-07 0 0 0 0 -1.5290407621950999e-08 -5.3005930932805597e-08 0 8.5000004523512506e-08 0
leaf_weight=4306 497 52559 11076 3384 215545 129038 27776 27233 19463 39854 13523 14195 38007 18686 621 15835 868 1319 212 589 6847 31157 982 20458 5468
leaf_count=4306 497 52559 11076 3384 215545 129038 27776 27233 19463 39854 13523 14195 38007 18686 621 15835 868 1319 212 589 6847 31157 982 20458 5468
internal_value=3.95458e-10 -1.8771e-08 7.67377e-08 -6.97636e-09 -2.85369e-08 0 4.27894e-08 1.23202e-07 0 1.35876e-07 5.81664e-08 0 -2.54654e-07 -1.79646e-07 3.2861e-07 3.52224e-07 -2.28643e-07 -2.41897e-07 3.26074e-07 0 1.99514e-08 0 -4.4663e-08 8.17903e-08 0
internal_weight=699498 538184 161314 513005 385974 344583 127031 55009 72022 84737 67784 54049 41391 25179 16953 16332 20873 20005 13735 76577 33362 43215 32139 21047 12315
internal_count=699498 538184 161314 513005 385974 344583 127031 55009 72022 84737 67784 54049 41391 25179 16953 16332 20873 20005 13735 76577 33362 43215 32139 21047 12315
is_linear=0
shrinkage=0.02


Tree=232
num_leaves=26
num_cat=0
split_feature=1 1 5 1 1 2 1 2 1 1 1 2 2 5 3 2 5 2 2 2 2 2 5 5 2
split_gain=2.75455e-06 1.54962e-06 1.47794e-06 1.25013e-06 5.68199e-06 2.72181e-06 1.44044e-06 2.99641e-06 2.17255e-06 1.15638e-06 2.95462e-06 1.67463e-06 1.07156e-06 6.73175e-07 4.74822e-07 5.10366e-07 1.92171e-07 1.4219e-07 1.23903e-07 3.00197e-08 3.07896e-07 1.52985e-07 5.71981e-08 1.69757e-08 3.84359e-09
threshold=-0.0012107486836612222 -0.4755482673645019 1.0719462633132937 -0.023908871226012703 -0.016625771299004551 0.26179260015487676 -0.043180983513593667 0.26817244291305548 -0.053514508530497544 0.0021756297210231428 0.47703766822814947 0.29089196026325231 0.20905885845422748 -1.8622773885726926 1.5562921166419985 0.18808144330978396 2.1149928569793706 0.3367739617824555 0.38251720368862158 0.26413430273532873 0.31593863666057592 0.20794577896595004 2.9999673366546635 1.1322813630104067 0.34787845611572271
decision_type=2 2 2 2 2 2 2 2 2 2 2 2 2 2 2 2 2 2 2 2 2 2 2 2 2
left_child=1 13 9 6 12 -6 8 -8 -3 14 11 -11 -5 -1 15 -2 17 -15 -12 21 23 -4 -23 -21 -22
right_child=2 3 19 4 5 -7 7 -9 -10 10 18 -13 -14 16 -16 -17 -18 -19 -20 20 24 22 -24 -25 -26
leaf_value=0 0 4.76587802797448e-08 0 0 4.0730887109536543e-08 -7.6390701559656744e-08 0 2.707855886113268e-07 -1.9625474889008704e-07 -7.5903004618256379e-08 3.276276709938166e-07 1.7610686729646166e-07 -2.8108479812502134e-07 -2.5145632760396283e-07 0 3.6825036375490872e-07 0 0 0 0 -1.4984603207474921e-08 -5.1945815451214191e-08 0 8.3300011638859683e-08 0
leaf_weight=4306 497 52559 11076 3384 220782 123801 27776 27233 19463 39854 13523 14195 38007 18686 621 15835 868 1319 212 589 6847 31157 982 20458 5468
leaf_count=4306 497 52559 11076 3384 220782 123801 27776 27233 19463 39854 13523 14195 38007 18686 621 15835 868 1319 212 589 6847 31157 982 20458 5468
internal_value=3.97423e-10 -1.83999e-08 7.5508e-08 -6.77394e-09 -2.79474e-08 0 4.18159e-08 1.20466e-07 0 1.33531e-07 5.69906e-08 0 -2.49387e-07 -1.75838e-07 3.2159e-07 3.44938e-07 -2.24049e-07 -2.37104e-07 3.19491e-07 0 1.89717e-08 0 -4.36353e-08 8.01379e-08 0
internal_weight=699498 538184 161314 513005 385974 344583 127031 55009 72022 84737 67784 54049 41391 25179 16953 16332 20873 20005 13735 76577 33362 43215 32139 21047 12315
internal_count=699498 538184 161314 513005 385974 344583 127031 55009 72022 84737 67784 54049 41391 25179 16953 16332 20873 20005 13735 76577 33362 43215 32139 21047 12315
is_linear=0
shrinkage=0.02


Tree=233
num_leaves=27
num_cat=0
split_feature=1 0 0 1 3 3 1 1 3 3 1 5 1 0 1 1 3 1 1 0 0 0 0 5 5 0
split_gain=2.66391e-06 1.65602e-06 3.77131e-06 4.16611e-06 3.45887e-06 4.36417e-06 3.35709e-06 2.91456e-06 1.94234e-06 3.87762e-06 2.94618e-06 1.42185e-06 1.32311e-06 1.15438e-06 1.24096e-06 2.19983e-06 7.83388e-07 6.72131e-07 4.57457e-07 4.69787e-07 2.64457e-07 4.76584e-07 1.08078e-07 6.90494e-08 6.67793e-08 7.20926e-09
threshold=-0.0012107486836612222 -0.77513739466667164 -0.81697812676429737 -0.014041732531040905 1.5450865626335146 -1.5641341209411619 -0.0059062461368739596 -0.0049823408480733624 -0.0061258319765329352 -0.010839406400918959 -0.045517876744270318 1.0719462633132937 -0.013032136019319294 1.2162267565727236 0.010153800249099733 0.47703766822814947 -0.01359090907499194 -0.023908871226012703 -0.013032136019319294 1.2925076484680178 -0.75499424338340748 1.1998248696327212 -0.82190400362014759 2.0025548934936528 1.3216592669487002 1.2136219739913943
decision_type=2 2 2 2 2 2 2 2 2 2 2 2 2 2 2 2 2 2 2 2 2 2 2 2 2 2
left_child=1 2 8 17 5 12 -7 -5 9 -1 -10 13 -3 14 16 -16 -2 -4 25 -20 22 23 -13 -22 -24 -6
right_child=11 4 3 7 18 6 -8 -9 10 -11 -12 20 -14 -15 15 -17 -18 -19 19 -21 21 -23 24 -25 -26 -27
leaf_value=0 0 -5.2391256766118138e-08 2.6645831968167455e-08 2.7840030798311441e-07 1.205304270424327e-08 -2.4698083763859521e-07 0 0 -5.388354312786656e-09 -1.7776670836449663e-07 3.1826336919110819e-07 0 1.2655320552340631e-07 0 0 2.8035748514634462e-07 3.4804362610839312e-07 -9.8324420652816553e-08 1.3727152902574713e-07 0 0 0 0 4.1736783088702815e-07 -6.539577671690045e-08 -6.9602087026062388e-09
leaf_weight=85747 6742 29132 22784 52236 11329 84620 29322 13616 11373 76716 13724 25283 28053 10560 33408 12016 22011 26136 26665 1179 3338 23533 3384 1789 19250 25552
leaf_count=85747 6742 29132 22784 52236 11329 84620 29322 13616 11373 76716 13724 25283 28053 10560 33408 12016 22011 26136 26665 1179 3338 23533 3384 1789 19250 25552
internal_value=3.9935e-10 -1.80362e-08 7.31357e-09 1.02948e-07 -5.90111e-08 -1.1007e-07 -1.83075e-07 2.0923e-07 -4.05438e-08 -7.33151e-08 9.19069e-08 7.4303e-08 4.18682e-10 1.31233e-07 1.60931e-07 3.76928e-08 2.86064e-07 0 4.50852e-08 1.06286e-07 0 5.70868e-08 -1.60752e-08 2.35369e-07 -4.95688e-08 0
internal_weight=699498 538184 302332 114772 235852 171127 113942 65852 187560 162463 25097 161314 57185 84737 74177 45424 28753 48920 64725 27844 76577 28660 47917 5127 22634 36881
internal_count=699498 538184 302332 114772 235852 171127 113942 65852 187560 162463 25097 161314 57185 84737 74177 45424 28753 48920 64725 27844 76577 28660 47917 5127 22634 36881
is_linear=0
shrinkage=0.02


Tree=234
num_leaves=22
num_cat=0
split_feature=1 4 2 1 1 1 1 1 1 2 1 2 4 4 1 3 4 3 2 4 2
split_gain=2.565e-06 1.56814e-06 1.76709e-06 1.58331e-06 1.18811e-06 5.06556e-06 1.19742e-06 1.10386e-06 1.47998e-06 1.90924e-06 9.82542e-07 8.9583e-07 6.65399e-07 6.29968e-07 6.10118e-07 4.27941e-07 3.49121e-07 3.19758e-07 1.85227e-07 2.65578e-08 2.987e-09
threshold=-0.0012107486836612222 2.9999792575836186 0.37443275749683386 -0.4755482673645019 -0.023908871226012703 -0.016625771299004551 -0.043180983513593667 0.0021756297210231428 0.28815434873104101 0.28651750087738043 0.042436886578798301 0.29156830906867987 -0.36604945361614222 1.2617099285125735 -0.0037759890547022219 1.5600675344467165 0.23688752204179767 -1.5946172475814817 0.3372232466936112 -0.60379907488822926 0.18808144330978396
decision_type=2 2 2 2 2 2 2 2 2 2 2 2 2 2 2 2 2 2 2 2 2
left_child=1 3 14 18 6 -6 -5 12 9 16 -11 20 -2 15 17 -14 -9 -3 19 -1 -10
right_child=7 2 -4 4 5 -7 -8 8 11 10 -12 -13 13 -15 -16 -17 -18 -19 -20 -21 -22
leaf_value=0 0 0 0 0 -2.4593852714374037e-07 -2.8129932228273436e-09 1.0589838159437053e-07 -9.4661150154963822e-08 0 2.0539686040101024e-07 0 0 2.672562357798793e-07 0 0 0 0 4.2446831592338319e-07 0 -2.0831958249833682e-07 2.0852518363382909e-07
leaf_weight=492 3436 257 1809 69797 40815 338180 54104 53560 434 19352 9523 8639 26530 2104 469 525 13131 8428 1381 22452 24080
leaf_count=492 3436 257 1809 69797 40815 338180 54104 53560 434 19352 9523 8639 26530 2104 469 525 13131 8428 1381 22452 24080
internal_value=4.41962e-10 -1.75899e-08 2.00275e-07 -2.59137e-08 -1.39399e-08 -3.4273e-08 3.21143e-08 7.2999e-08 2.72456e-08 0 1.21093e-07 1.44008e-07 1.92321e-07 2.24664e-07 3.53909e-07 2.52414e-07 -7.14316e-08 4.00144e-07 -1.91241e-07 -2.04947e-07 2.06553e-07
internal_weight=699498 538184 10963 527221 502896 378995 123901 161314 128719 95566 28875 33153 32595 29159 9154 27055 66691 8685 24325 22944 24514
internal_count=699498 538184 10963 527221 502896 378995 123901 161314 128719 95566 28875 33153 32595 29159 9154 27055 66691 8685 24325 22944 24514
is_linear=0
shrinkage=0.02


Tree=235
num_leaves=22
num_cat=0
split_feature=0 0 0 2 2 0 4 0 3 3 4 2 4 2 0 3 0 3 2 2 2
split_gain=5.74926e-07 5.84023e-07 1.98757e-06 1.56648e-06 1.355e-06 1.32449e-06 1.28331e-06 1.14392e-06 1.10425e-06 9.41191e-07 4.78247e-07 8.00451e-07 4.2956e-07 4.25033e-07 3.86677e-07 1.80036e-07 6.85508e-07 4.26179e-07 2.07573e-09 2.82094e-08 2.79821e-08
threshold=-0.83138933777809132 -0.81697812676429737 -0.77513739466667164 0.2490995451807976 0.32023353874683386 -0.82333832979202259 -0.47126354277133936 1.2293903827667239 1.5297405123710635 -0.013639857061207293 -0.0034588885027915235 0.26515540480613714 -0.47316445410251612 0.3372232466936112 -0.82431402802467335 -0.013260199688374994 -0.82380205392837513 -0.015489713754504917 0.26515540480613714 0.27997407317161566 0.18808144330978396
decision_type=2 2 2 2 2 2 2 2 2 2 2 2 2 2 2 2 2 2 2 2 2
left_child=10 3 4 15 6 14 -3 8 -4 -7 18 -12 -9 -6 -5 17 -17 -2 20 -20 -1
right_child=1 2 7 5 13 9 -8 12 -10 -11 11 -13 -14 -15 -16 16 -18 -19 19 -21 -22
leaf_value=0 0 0 -7.0539372502019719e-08 -5.6201246184538953e-08 -1.126974622525722e-07 0 1.338589469255641e-07 0 6.5475853238093278e-10 -1.8446917121205647e-07 0 3.197181600699257e-07 7.806111885456412e-08 0 6.5941569991933478e-08 0 1.0238461723598658e-07 -9.4320188495848171e-08 -3.1894815112671455e-08 0 4.8001233423893548e-08
leaf_weight=618 15014 18165 158059 25214 13386 4948 103504 7712 81881 50227 2625 7279 54950 12288 17255 54453 33294 19162 11092 3874 5218
leaf_count=618 15014 18165 158059 25214 13386 4948 103504 7712 81881 50227 2625 7279 54950 12288 17255 54453 33294 19162 11092 3874 5218
internal_value=1.93365e-09 0 1.10068e-08 -2.85603e-08 7.36522e-08 -9.06792e-08 1.04995e-07 -1.28872e-08 -3.79085e-08 -1.55415e-07 8.70326e-08 2.0688e-07 5.10051e-08 0 0 4.7849e-09 2.91979e-08 0 0 0 1.19276e-08
internal_weight=700218 669512 449945 219567 147343 97644 121669 302602 239940 55175 30706 9904 62662 25674 42469 121923 87747 34176 20802 14966 5836
internal_count=700218 669512 449945 219567 147343 97644 121669 302602 239940 55175 30706 9904 62662 25674 42469 121923 87747 34176 20802 14966 5836
is_linear=0
shrinkage=0.02


Tree=236
num_leaves=27
num_cat=0
split_feature=1 1 1 0 1 0 0 1 1 1 3 0 5 5 5 5 1 1 1 3 1 0 3 5 1 1
split_gain=2.59482e-06 1.73443e-06 3.6464e-06 3.61434e-06 4.74415e-06 3.53096e-06 3.33118e-06 2.49434e-06 1.44325e-06 2.11683e-06 1.03097e-06 9.97674e-07 8.39288e-07 7.72005e-07 1.47926e-06 7.91612e-07 5.51403e-07 3.73627e-07 2.25912e-07 2.02628e-07 1.84519e-07 1.58511e-07 2.30984e-07 3.58094e-08 2.32246e-08 1.22127e-08
threshold=-0.010131907183676956 -0.023105703294277188 -0.016625771299004551 -0.82164779305458058 -0.013754040934145449 -0.82308480143547047 -0.79700732231140126 -0.043180983513593667 -0.053514508530497544 -0.27149467170238489 -0.0061258319765329352 1.2046065330505373 -1.3610993027687071 -1.9531639814376829 0.68347594141960155 2.1655551195144658 -0.0073362695984542361 -0.0070691171567887059 -0.006835649022832512 -0.024107821285724636 0.54579138755798351 -0.82328352332115162 1.5308507084846499 -0.93507561087608326 -0.036125754937529557 -0.007980648893862961
decision_type=2 2 2 2 2 2 2 2 2 2 2 2 2 2 2 2 2 2 2 2 2 2 2 2 2 2
left_child=1 7 5 4 -4 -3 -5 8 9 -1 24 -12 -10 20 16 17 25 -16 -17 -7 21 -2 -23 -18 -9 -15
right_child=13 2 3 6 -6 19 -8 10 12 -11 11 -13 -14 14 15 18 23 -19 -20 -21 -22 22 -24 -25 -26 -27
leaf_value=-1.3101472218494904e-07 0 0 0 1.4366531873228365e-07 -5.384997102556947e-07 0 -7.6603512637960022e-08 0 0 7.8843591172515028e-08 3.2596285772533764e-07 0 -2.9154696048336297e-07 1.2246833718015437e-08 4.9466965455544418e-08 0 2.4699704077187066e-08 -2.7835346246989552e-08 1.1896496912541068e-07 -4.1355343703770617e-07 0 -1.3310555879905985e-07 0 1.3435679723816078e-07 1.8963014647325726e-08 -1.8058751922004614e-08
leaf_weight=33460 6165 4865 6359 51853 11491 10292 49370 9377 5656 43819 14654 7674 13708 13636 18612 3370 55058 143131 28266 23836 1140 14161 2994 92729 25834 8708
leaf_count=33460 6165 4865 6359 51853 11491 10292 49370 9377 5656 43819 14654 7674 13708 13636 18612 3370 55058 143131 28266 23836 1140 14161 2994 92729 25834 8708
internal_value=1.93876e-09 -3.78413e-08 -8.4958e-08 -1.16967e-08 -2.8349e-07 -2.57385e-07 1.64742e-08 0 -5.10812e-08 0 1.13831e-07 2.2773e-07 -2.06967e-07 3.91098e-08 4.92284e-08 3.44332e-10 9.30368e-08 -6.57474e-09 9.89378e-08 -3.42162e-07 -2.9501e-08 -6.38579e-08 -9.61209e-08 1.07037e-07 0 0
internal_weight=700218 312248 158066 119073 17850 38993 101223 154182 96643 77279 57539 22328 19364 387970 363510 193379 170131 161743 31636 34128 24460 23320 17155 147787 35211 22344
internal_count=700218 312248 158066 119073 17850 38993 101223 154182 96643 77279 57539 22328 19364 387970 363510 193379 170131 161743 31636 34128 24460 23320 17155 147787 35211 22344
is_linear=0
shrinkage=0.02


Tree=237
num_leaves=25
num_cat=0
split_feature=1 1 1 2 2 0 1 2 2 1 2 2 1 2 1 1 1 2 2 2 0 0 2 2
split_gain=2.50228e-06 1.67532e-06 3.49647e-06 6.04284e-06 5.3158e-06 3.44774e-06 2.40996e-06 3.11772e-06 5.8222e-06 2.12127e-06 1.57641e-06 1.20141e-06 1.15453e-06 7.19006e-07 6.39132e-07 1.10628e-06 9.65432e-07 2.51297e-06 1.93452e-06 9.13625e-07 1.17281e-07 7.41846e-08 3.1809e-08 1.31835e-08
threshold=-0.010131907183676956 -0.023105703294277188 -0.016625771299004551 0.20991390198469165 0.26254323124885565 -0.82308480143547047 -0.043180983513593667 0.26817244291305548 0.28437720239162451 -0.014365794137120245 0.29303336143493658 0.21978401392698291 -0.081132266670465455 0.3372232466936112 0.28815434873104101 0.036303956061601646 -0.0012107486836612222 0.28651750087738043 0.2490995451807976 0.29156830906867987 1.2420287132263186 -0.8322148025035857 0.18808144330978396 0.24338329583406451
decision_type=2 2 2 2 2 2 2 2 2 2 2 2 2 2 2 2 2 2 2 2 2 2 2 2
left_child=1 6 5 9 -5 -3 10 23 -9 -4 11 -1 -12 -7 15 16 18 -18 -2 22 21 -17 -16 -8
right_child=14 2 3 4 -6 13 7 8 -10 -11 12 -13 -14 -15 19 20 17 -19 -20 -21 -22 -23 -24 -25
leaf_value=0 7.7703016496605408e-08 0 0 1.0079213404909414e-07 -2.4918709239665458e-07 -3.592697544863044e-07 0 4.9954824538996744e-07 0 -6.37799340674427e-07 0 -1.5534087330244749e-07 2.4567631671378057e-07 0 0 0 0 2.5708399409887533e-07 -3.5876802849819322e-08 0 0 -7.6028005540949455e-08 2.0498336180348642e-07 -1.7167337887125054e-08
leaf_weight=18969 104396 4865 2924 87807 20349 32147 12022 17222 10402 7993 14954 54393 8327 1981 461 971 61543 28471 121869 8630 947 36595 24087 17893
leaf_count=18969 104396 4865 2924 87807 20349 32147 12022 17222 10402 7993 14954 54393 8327 1981 461 971 61543 28471 121869 8630 947 36595 24087 17893
internal_value=1.93288e-09 -3.70703e-08 -8.33919e-08 -1.12733e-08 1.64534e-08 -2.52329e-07 0 1.12001e-07 2.66971e-07 -4.69162e-07 -5.00619e-08 -1.06493e-07 4.18548e-08 -3.36386e-07 3.84787e-08 2.35137e-08 3.99084e-08 9.86797e-08 7.68841e-09 1.38227e-07 -5.9193e-08 -6.95769e-08 2.01769e-07 0
internal_weight=700218 312248 158066 119073 108156 38993 154182 57539 27624 10917 96643 73362 23281 34128 387970 354792 316279 90014 226265 33178 38513 37566 24548 29915
internal_count=700218 312248 158066 119073 108156 38993 154182 57539 27624 10917 96643 73362 23281 34128 387970 354792 316279 90014 226265 33178 38513 37566 24548 29915
is_linear=0
shrinkage=0.02


Tree=238
num_leaves=28
num_cat=0
split_feature=1 3 3 4 1 4 3 4 3 1 1 3 2 2 2 3 2 1 3 1 1 1 4 1 2 2 2
split_gain=2.412e-06 1.63271e-06 2.57343e-06 1.91882e-06 2.10909e-06 1.42074e-06 1.22923e-06 1.19506e-06 1.15327e-06 2.19505e-06 9.62382e-07 1.67727e-06 9.43657e-07 1.75902e-06 5.87961e-07 5.43592e-07 2.68205e-07 3.83482e-07 2.44784e-07 1.10759e-06 2.43577e-07 6.44968e-07 4.54159e-07 2.19819e-07 1.51137e-07 4.53284e-08 3.2824e-08
threshold=-0.010131907183676956 0.0078098736703395852 -0.014565916266292332 -0.44133009016513819 -0.022364044561982151 -0.32000666856765742 0.16808518767356875 0.44384607672691351 -1.529495060443878 -0.017436144873499867 -0.045517876744270318 0.049615744501352317 0.31830170750617987 0.31380893290042883 0.38169445097446447 -1.5946172475814817 0.38230906426906591 0.24620272219181064 1.5487532019615176 -0.018277906812727448 0.036303956061601646 0.28815434873104101 -0.1157933473587036 -0.007980648893862961 0.29508076608181005 0.24565702676773074 0.23735909163951877
decision_type=2 2 2 2 2 2 2 2 2 2 2 2 2 2 2 2 2 2 2 2 2 2 2 2 2 2 2
left_child=1 2 8 25 -5 16 10 20 15 -10 24 -12 13 -9 -14 -1 17 23 19 -8 22 -22 -7 -2 -3 -4 -20
right_child=5 6 3 4 -6 7 18 12 9 -11 11 -13 14 -15 -16 -17 -18 -19 26 -21 21 -23 -24 -25 -26 -27 -28
leaf_value=0 0 -3.6071524994644632e-08 5.0999313334522609e-08 -2.5603843689195463e-08 -2.7145797480297689e-07 1.6212306071822172e-08 0 0 -2.021276199673302e-09 1.9097152261319379e-07 4.881742822204159e-07 0 -2.2139373194674813e-07 4.8335944861463449e-07 0 -1.2520754310239779e-07 0 0 0 -3.2641577090770141e-07 -3.5964441694294479e-08 1.0732097105505533e-07 1.276411753300129e-07 -7.1028392424755814e-08 1.102688516464509e-07 0 2.2191933304982186e-08
leaf_weight=20314 7514 7334 6971 48753 49267 71124 14348 51059 31721 30082 6679 5787 11505 3220 6159 29313 2283 6456 13715 5077 22279 19897 112812 73662 4187 12040 26660
leaf_count=20314 7514 7334 6971 48753 49267 71124 14348 51059 31721 30082 6679 5787 11505 3220 6159 29313 2283 6456 13715 5077 22279 19897 112812 73662 4187 12040 26660
internal_value=1.86893e-09 -3.63673e-08 -6.68798e-08 -1.32391e-07 -1.6958e-07 3.77975e-08 2.29607e-08 6.07376e-08 0 5.95554e-08 1.49464e-07 2.71782e-07 0 2.99605e-08 -1.36421e-07 -6.98458e-08 -1.60024e-08 -3.85614e-08 0 -7.09969e-08 8.35279e-08 0 9.54275e-08 -5.91174e-08 0 0 0
internal_weight=700218 312248 228461 117031 98020 387970 83787 298055 111430 61803 23987 12466 71943 54279 17664 49627 89915 87632 59800 19425 226112 42176 183936 81176 11521 19011 40375
internal_count=700218 312248 228461 117031 98020 387970 83787 298055 111430 61803 23987 12466 71943 54279 17664 49627 89915 87632 59800 19425 226112 42176 183936 81176 11521 19011 40375
is_linear=0
shrinkage=0.02


Tree=239
num_leaves=25
num_cat=0
split_feature=1 1 1 0 0 1 0 1 4 1 1 4 5 5 4 5 5 0 4 0 1 1 0 0
split_gain=2.33658e-06 1.56077e-06 3.30012e-06 3.33697e-06 3.28896e-06 4.44121e-06 3.12311e-06 2.26018e-06 2.06084e-06 1.38588e-06 2.00549e-06 1.35698e-06 1.312e-06 2.70936e-06 2.28102e-06 8.08089e-07 6.17947e-07 5.34279e-07 4.58333e-07 2.26417e-07 2.4741e-07 1.80715e-07 1.5939e-07 2.126e-07
threshold=-0.010131907183676956 -0.023105703294277188 -0.016625771299004551 -0.82308480143547047 -0.82164779305458058 -0.013754040934145449 -0.79700732231140126 -0.043180983513593667 -0.41602167487144465 -0.053514508530497544 -0.27149467170238489 -0.32000666856765742 -1.8184449076652525 0.6255820393562318 0.27219337224960333 -1.3610993027687071 -1.4199540615081785 1.2052083015441897 -0.55907264351844776 -0.82300785183906544 0.54579138755798351 0.24620272219181064 1.2420287132263186 -0.75122475624084462
decision_type=2 2 2 2 2 2 2 2 2 2 2 2 2 2 2 2 2 2 2 2 2 2 2 2
left_child=1 7 3 -3 5 -4 -6 9 -5 10 -1 21 19 16 -15 -11 -14 18 -9 -13 -21 22 23 -2
right_child=11 2 4 8 6 -7 -8 17 -10 15 -12 12 13 14 -16 -17 -18 -19 -20 20 -22 -23 -24 -25
leaf_value=-1.2627255925844666e-07 0 0 0 0 1.3970871052001182e-07 -5.1749563366631525e-07 -7.3072220356404979e-08 0 -3.8723083710369952e-07 0 7.8304572816673111e-08 0 0 6.9365642312713234e-08 -9.5907357115970878e-08 -2.838618581205128e-07 1.6864225688012309e-07 0 1.7253064416293367e-07 -1.0106491650189771e-07 0 0 0 -9.1937464484164245e-08
leaf_weight=33460 53358 4865 6359 4181 51853 11491 49370 7319 29947 5656 43819 7836 18868 102003 46146 13708 101805 14135 36085 20394 1003 6518 1541 28498
leaf_count=33460 53358 4865 6359 4181 51853 11491 49370 7319 29947 5656 43819 7836 18868 102003 46146 13708 101805 14135 36085 20394 1003 6518 1541 28498
internal_value=1.84609e-09 -3.57355e-08 -8.04508e-08 -2.44519e-07 -9.92671e-09 -2.69957e-07 1.61697e-08 0 -3.27755e-07 -4.84624e-08 0 3.72478e-08 5.9671e-08 7.63558e-08 4.38585e-09 -2.00872e-07 1.48139e-07 1.08478e-07 1.4326e-07 -2.53438e-08 -7.14857e-08 -1.48386e-08 -3.3229e-08 -4.36329e-08
internal_weight=700218 312248 158066 38993 119073 17850 101223 154182 34128 96643 77279 387970 298055 268822 148149 19364 120673 57539 43404 29233 21397 89915 83397 81856
internal_count=700218 312248 158066 38993 119073 17850 101223 154182 34128 96643 77279 387970 298055 268822 148149 19364 120673 57539 43404 29233 21397 89915 83397 81856
is_linear=0
shrinkage=0.02


Tree=240
num_leaves=25
num_cat=0
split_feature=1 4 2 1 2 2 2 2 3 2 1 1 2 1 2 4 4 2 1 4 3 4 1 2
split_gain=2.05007e-06 1.40409e-06 2.14439e-06 2.19919e-06 2.09115e-06 1.62958e-06 1.50877e-06 1.50874e-06 1.94659e-06 1.31563e-06 7.74729e-07 1.36692e-06 1.53902e-06 1.50226e-06 7.11047e-07 5.60353e-07 5.80493e-07 3.79905e-07 3.78782e-07 2.45498e-07 2.22885e-07 1.97123e-07 1.89598e-07 2.2255e-08
threshold=-0.0012107486836612222 1.3905907869338991 0.28437720239162451 -0.045517876744270318 0.26848219335079199 0.38251720368862158 0.27134127914905554 0.3687931895256043 -0.0095868487842380983 0.21978401392698291 0.0011714734719134869 0.28815434873104101 0.25380052626132971 0.010153800249099733 0.31525824964046484 -0.4068105667829513 1.197090804576874 0.1808944642543793 -0.0046587106771767131 1.6552135944366457 1.5579820871353152 0.046626728028059013 -0.0056495836470276109 0.25626331567764288
decision_type=2 2 2 2 2 2 2 2 2 2 2 2 2 2 2 2 2 2 2 2 2 2 2 2
left_child=1 2 3 9 -5 6 23 8 -4 -1 15 12 17 -14 -13 -2 20 -12 -8 -7 -17 -9 -21 -3
right_child=10 5 7 4 -6 19 18 21 -10 -11 11 14 13 -15 -16 16 -18 -19 -20 22 -22 -23 -24 -25
leaf_value=0 0 2.7609449424374167e-08 -1.9024206439491149e-07 0 1.4690658395908532e-07 0 3.7505878427945439e-07 9.6936954047637062e-08 0 -1.7101792132787429e-07 0 1.7962141314797452e-07 1.9804684634186623e-07 0 0 2.5161459067388606e-07 0 -1.1025351507392815e-07 0 -2.8379672999554697e-07 0 0 0 0
leaf_weight=17116 1973 11678 70674 288961 43384 405 12454 8391 27920 44657 844 28983 20760 33510 4244 23255 1918 45592 1205 2168 492 5787 224 3141
leaf_count=17116 1973 11678 70674 288961 43384 405 12454 8391 27920 44657 844 28983 20760 33510 4244 23255 1918 45592 1205 2168 492 5787 224 3141
internal_value=1.9785e-09 -1.37641e-08 -2.50452e-08 0 1.73319e-08 1.05126e-07 1.87097e-07 -1.02105e-07 -1.34334e-07 -1.12358e-07 6.67927e-08 2.78548e-08 0 6.27013e-08 1.39939e-07 1.8312e-07 2.11764e-07 -9.3072e-08 3.42296e-07 -1.44231e-08 2.41338e-07 0 -2.03211e-07 0
internal_weight=699736 538165 506890 394118 332345 31275 28478 112772 98594 61773 161571 133933 100706 54270 33227 27638 25665 46436 13659 2797 23747 14178 2392 14819
internal_count=699736 538165 506890 394118 332345 31275 28478 112772 98594 61773 161571 133933 100706 54270 33227 27638 25665 46436 13659 2797 23747 14178 2392 14819
is_linear=0
shrinkage=0.02


Tree=241
num_leaves=31
num_cat=0
split_feature=5 0 3 3 4 4 0 5 0 0 5 0 4 0 0 4 5 5 5 0 0 3 3 0 0 3 3 4 0 4
split_gain=9.3642e-07 1.59459e-06 1.2969e-06 1.22242e-06 8.81767e-07 8.62784e-07 8.29444e-07 4.3593e-07 7.51116e-07 1.21252e-06 7.33757e-07 7.69548e-07 3.78912e-07 1.97504e-06 1.22355e-06 1.31577e-06 9.77648e-07 6.30528e-07 5.14839e-07 2.96654e-07 1.51853e-06 2.40462e-07 1.73528e-07 7.62379e-07 1.63358e-07 1.60395e-07 1.52975e-07 8.95809e-08 5.88998e-08 4.07854e-09
threshold=-0.95464482903480519 -0.74753293395042408 1.5442298650741579 -1.5737095475196836 -0.11830182746052741 0.44384607672691351 1.2157504558563235 -0.28919559717178339 -0.81012982130050648 1.2134102582931521 1.3498364686965945 1.2311196327209475 0.27219337224960333 -0.77294790744781483 -0.81532222032546986 -0.20310960710048673 -2.9997932910919185 -1.3805279731750486 -1.1702011227607725 -0.81697812676429737 -0.82204344868659962 1.5459767580032351 -0.012584329582750796 -0.82539144158363331 1.2144819498062136 -0.011938347015529869 -0.014413633383810518 -0.34680460393428797 -0.82431402802467335 2.1840573549270634
decision_type=2 2 2 2 2 2 2 2 2 2 2 2 2 2 2 2 2 2 2 2 2 2 2 2 2 2 2 2 2 2
left_child=1 12 3 -3 7 19 -5 8 26 -10 11 -9 14 16 15 -1 -14 -16 -15 20 -6 -21 28 -24 27 -12 -2 -4 -7 -26
right_child=4 2 24 6 5 22 -8 10 9 -11 25 -13 13 18 17 -17 -18 -19 -20 21 -22 -23 23 -25 29 -27 -28 -29 -30 -31
leaf_value=0 1.7312095975622693e-08 0 0 -2.5853361646538151e-07 7.6037703353217229e-08 0 0 -7.845393762239427e-08 2.9896203392046365e-07 0 0 0 0 -2.5316267521694312e-07 1.2633561727956234e-07 -1.522499698450687e-07 2.4699851037816757e-07 0 0 1.1242563956046261e-07 -1.5865900060163595e-07 0 1.1254246066136392e-08 -9.8304890353265246e-08 -1.5693049391497618e-08 3.9650314510093606e-08 -6.4545121106808461e-08 1.3324008091083273e-07 3.8145336338236571e-08 0
leaf_weight=26642 4150 15746 1526 32439 51422 2692 3972 108551 9929 10125 44924 12648 1948 4016 24999 37544 20978 11997 517 86953 12319 17865 8769 36527 15634 44352 14389 5574 30115 474
leaf_count=26642 4150 15746 1526 32439 51422 2692 3972 108551 9929 10125 44924 12648 1948 4016 24999 37544 20978 11997 517 86953 12319 17865 8769 36527 15634 44352 14389 5574 30115 474
internal_value=1.96064e-09 -3.05884e-08 -1.04862e-07 -1.60732e-07 1.93899e-08 4.67496e-08 -2.2458e-07 0 5.14072e-08 1.4166e-07 -1.85445e-08 -5.45245e-08 0 7.3965e-08 -3.64025e-09 -7.32046e-08 1.96894e-07 6.29902e-08 -1.06548e-07 7.24268e-08 0 9.78143e-08 0 -3.29411e-08 0 7.89868e-09 0 9.429e-08 2.48503e-08 -1.17365e-08
internal_weight=699736 204006 75365 52157 495730 246662 36411 249068 38593 20054 210475 121199 128641 27459 101182 64186 22926 36996 4533 168559 63741 104818 78103 45296 23208 89276 18539 7100 32807 16108
internal_count=699736 204006 75365 52157 495730 246662 36411 249068 38593 20054 210475 121199 128641 27459 101182 64186 22926 36996 4533 168559 63741 104818 78103 45296 23208 89276 18539 7100 32807 16108
is_linear=0
shrinkage=0.02


Tree=242
num_leaves=31
num_cat=0
split_feature=5 0 3 3 4 4 0 5 0 0 5 0 4 0 0 4 5 5 5 0 0 0 3 0 0 3 3 4 0 4
split_gain=9.07943e-07 1.53171e-06 1.24535e-06 1.16946e-06 8.47385e-07 8.22166e-07 8.01205e-07 4.12876e-07 7.20244e-07 1.16628e-06 6.98881e-07 7.49239e-07 3.47872e-07 1.89376e-06 1.16345e-06 1.27094e-06 9.51794e-07 6.10651e-07 4.99962e-07 2.86094e-07 1.4584e-06 2.40634e-07 1.59479e-07 7.38557e-07 1.56148e-07 1.54847e-07 1.46917e-07 8.67094e-08 5.73761e-08 3.98158e-09
threshold=-0.95464482903480519 -0.74753293395042408 1.5442298650741579 -1.5737095475196836 -0.11830182746052741 0.44384607672691351 1.2157504558563235 -0.28919559717178339 -0.81012982130050648 1.2134102582931521 1.3498364686965945 1.2311196327209475 0.27219337224960333 -0.77294790744781483 -0.81532222032546986 -0.20310960710048673 -2.9997932910919185 -1.3805279731750486 -1.1702011227607725 -0.81697812676429737 -0.82204344868659962 -0.8027336299419402 -0.012584329582750796 -0.82539144158363331 1.2144819498062136 -0.011938347015529869 -0.014413633383810518 -0.34680460393428797 -0.82431402802467335 2.1840573549270634
decision_type=2 2 2 2 2 2 2 2 2 2 2 2 2 2 2 2 2 2 2 2 2 2 2 2 2 2 2 2 2 2
left_child=1 12 3 -3 7 19 -5 8 26 -10 11 -9 14 16 15 -1 -14 -16 -15 20 -6 -21 28 -24 27 -12 -2 -4 -7 -26
right_child=4 2 24 6 5 22 -8 10 9 -11 25 -13 13 18 17 -17 -18 -19 -20 21 -22 -23 23 -25 29 -27 -28 -29 -30 -31
leaf_value=0 1.6965858209288569e-08 0 0 -2.5336296066195903e-07 7.4516952306942958e-08 0 0 -7.6884860356580302e-08 2.9298285254252078e-07 0 0 0 0 -2.4809954490700255e-07 1.2380891615555184e-07 -1.4920497771466043e-07 2.4205856118009557e-07 0 0 2.0182077406543996e-07 -1.5548584787500755e-07 4.3129306327071615e-08 1.1029161653994642e-08 -9.6338799896022526e-08 -1.5379191963685282e-08 3.8857309805173523e-08 -6.3254225726234549e-08 1.3057532927798916e-07 3.7382433123161343e-08 0
leaf_weight=26642 4150 15746 1526 32439 51422 2692 3972 108551 9929 10125 44924 12648 1948 4016 24999 37544 20978 11997 517 22285 12319 82533 8769 36527 15634 44352 14389 5574 30115 474
leaf_count=26642 4150 15746 1526 32439 51422 2692 3972 108551 9929 10125 44924 12648 1948 4016 24999 37544 20978 11997 517 22285 12319 82533 8769 36527 15634 44352 14389 5574 30115 474
internal_value=2.00467e-09 -2.99726e-08 -1.02768e-07 -1.57516e-07 1.91986e-08 4.59884e-08 -2.19974e-07 0 5.0313e-08 1.387e-07 -1.79023e-08 -5.31191e-08 0 7.09315e-08 -3.13466e-09 -7.14235e-08 1.92373e-07 6.12828e-08 -1.02062e-07 7.10348e-08 0 9.5949e-08 0 -3.13992e-08 0 7.50472e-09 0 9.2198e-08 2.415e-08 -1.14319e-08
internal_weight=699736 204006 75365 52157 495730 246662 36411 249068 38593 20054 210475 121199 128641 27459 101182 64186 22926 36996 4533 168559 63741 104818 78103 45296 23208 89276 18539 7100 32807 16108
internal_count=699736 204006 75365 52157 495730 246662 36411 249068 38593 20054 210475 121199 128641 27459 101182 64186 22926 36996 4533 168559 63741 104818 78103 45296 23208 89276 18539 7100 32807 16108
is_linear=0
shrinkage=0.02


Tree=243
num_leaves=26
num_cat=0
split_feature=1 0 0 1 0 2 1 0 0 1 0 2 5 5 0 0 0 2 2 1 0 0 5 0 5
split_gain=1.94409e-06 1.60037e-06 5.96565e-06 6.04597e-06 2.62099e-06 3.41717e-06 4.21345e-06 1.71083e-06 2.10291e-06 1.70156e-06 1.5271e-06 2.37403e-06 1.10161e-06 9.36752e-07 9.95951e-07 8.69736e-07 2.40417e-06 7.38115e-07 7.1005e-07 6.58121e-07 2.60949e-07 2.2213e-07 2.34433e-07 1.90461e-07 3.20815e-08
threshold=-0.0012107486836612222 -0.74753293395042408 -0.73402133584022511 -0.0059627522714436046 -0.81697812676429737 0.32956945896148687 -0.014041732531040905 1.2230691313743594 1.2033933997154238 -0.013372395653277634 -0.82347664237022389 0.2490995451807976 2.0241403579711919 0.78050038218498241 1.2162267565727236 -0.8038269281387328 -0.82259488105773915 0.19769876450300219 0.38169445097446447 -0.014365794137120245 -0.75499424338340748 1.1998248696327212 1.9445440769195559 -0.82190400362014759 0.90646404027938854
decision_type=2 2 2 2 2 2 2 2 2 2 2 2 2 2 2 2 2 2 2 2 2 2 2 2 2
left_child=1 4 3 12 10 6 -6 8 -4 -9 19 -12 -3 14 15 16 -2 -17 -7 -1 23 22 -22 -15 -25
right_child=13 2 7 -5 5 18 -8 9 -10 -11 11 -13 -14 20 -16 17 -18 -19 -20 -21 21 -23 -24 24 -26
leaf_value=6.4691001509305834e-08 2.0252662608207031e-07 -7.4884906133634992e-07 7.1756773802168387e-08 0 0 -1.2611299043774115e-07 2.5264865011904905e-07 0 -1.1042013773363281e-07 1.6284086007270287e-07 0 -2.0494016907734354e-07 0 0 0 0 -7.6641948584356955e-08 2.962270174854236e-07 0 -2.7544885478972418e-08 0 0 3.821883063886435e-07 0 -6.0710826471800989e-08
leaf_weight=52140 21431 10485 18955 2792 45245 23947 60057 34381 110558 31333 34043 41883 405 28531 9238 2413 18030 23710 12570 59371 3973 26717 1959 1189 24380
leaf_count=52140 21431 10485 18955 2792 45245 23947 60057 34381 110558 31333 34043 41883 405 28531 9238 2413 18030 23710 12570 59371 3973 26717 1959 1189 24380
internal_value=2.09136e-09 -1.31504e-08 -5.80848e-08 -4.69874e-07 9.28568e-09 7.86884e-08 1.42828e-07 -1.89809e-08 -6.8315e-08 4.78148e-08 -3.25557e-08 -1.03255e-07 -7.06723e-07 6.52373e-08 1.19156e-07 1.49239e-07 2.42899e-08 2.61425e-07 -5.14984e-08 0 0 5.63133e-08 1.80088e-07 -3.94827e-09 -5.48865e-08
internal_weight=699736 538165 208909 13682 329256 141819 105302 195227 129513 65714 187437 75926 10890 161571 74822 65584 39461 26123 36517 111511 86749 32649 5932 54100 25569
internal_count=699736 538165 208909 13682 329256 141819 105302 195227 129513 65714 187437 75926 10890 161571 74822 65584 39461 26123 36517 111511 86749 32649 5932 54100 25569
is_linear=0
shrinkage=0.02


Tree=244
num_leaves=19
num_cat=0
split_feature=5 4 5 5 3 0 3 5 4 4 0 3 5 5 3 0 5 5
split_gain=8.91968e-07 1.06508e-06 2.22024e-06 1.71425e-06 1.42481e-06 2.97008e-06 1.30603e-06 1.29119e-06 1.00976e-06 6.66429e-07 6.07486e-07 8.79739e-07 5.4754e-07 4.34082e-07 6.99535e-07 3.81464e-07 1.37209e-07 8.86292e-10
threshold=-2.9997932910919185 0.18309029936790469 1.3354969024658205 1.3638594746589663 -0.01096379943192005 -0.74753293395042408 1.5450865626335146 -1.4590219259262083 -0.22346211224794385 0.087549582123756423 -0.77984917163848866 1.5308507084846499 0.76048725843429577 2.1398497819900517 -0.014311873354017733 1.2214513421058657 -2.0588593482971187 1.8055209517478945
decision_type=2 2 2 2 2 2 2 2 2 2 2 2 2 2 2 2 2 2
left_child=10 3 7 4 5 -2 -6 16 17 -10 -1 15 -9 14 -4 -12 -3 -5
right_child=1 2 13 8 6 -7 -8 12 9 -11 11 -13 -14 -15 -16 -17 -18 -19
leaf_value=0 5.8980208202434028e-08 4.9145004766476642e-08 0 0 -1.0569996263538609e-07 -9.0770440020123537e-08 0 1.9254725040612177e-07 1.3223587454866492e-07 0 -7.9101223338480277e-07 0 0 0 -1.3558328142929866e-07 0 -3.257639317745373e-08 -3.8040245217836303e-09
leaf_weight=4722 148836 15184 7399 39273 123419 81352 48226 55251 61379 8104 1710 1341 18482 16377 26558 464 17160 24499
leaf_count=4722 148836 15184 7399 39273 123419 81352 48226 55251 61379 8104 1710 1341 18482 16377 26558 464 17160 24499
internal_value=2.06389e-09 7.33787e-09 5.4206e-08 -2.62441e-09 -2.67046e-08 0 -7.0639e-08 1.11252e-07 5.49812e-08 1.07751e-07 -1.9788e-07 -4.01105e-07 1.57515e-07 -2.62814e-08 -7.83398e-08 -6.49599e-07 0 0
internal_weight=699736 691499 156411 535088 401833 230188 171645 106077 133255 69483 8237 3515 73733 50334 33957 2174 32344 63772
internal_count=699736 691499 156411 535088 401833 230188 171645 106077 133255 69483 8237 3515 73733 50334 33957 2174 32344 63772
is_linear=0
shrinkage=0.02


Tree=245
num_leaves=19
num_cat=0
split_feature=5 4 2 2 5 5 2 2 2 2 5 5 2 0 2 5 0 2
split_gain=1.56371e-06 8.92056e-07 3.87787e-06 2.88547e-06 2.78952e-06 1.44285e-06 2.96833e-06 2.69738e-06 1.83552e-06 1.52876e-06 1.49408e-06 8.68619e-07 1.40177e-06 7.26013e-07 7.12013e-07 5.52668e-07 4.96074e-07 4.08549e-08
threshold=-2.9997932910919185 0.23688752204179767 0.31708136200904852 0.31380893290042883 0.6255820393562318 1.3776112794876101 0.3367739617824555 0.27489407360553747 0.26413430273532873 0.31525824964046484 0.88717454671859752 2.1398497819900517 0.38169445097446447 -0.77984917163848866 0.31593863666057592 2.4006228446960454 1.2286439538002016 0.38240106403827673
decision_type=2 2 2 2 2 2 2 2 2 2 2 2 2 2 2 2 2 2
left_child=13 5 3 4 -3 6 7 -2 15 -10 -8 12 -4 -1 -5 -7 -15 -13
right_child=1 2 11 14 -6 8 10 -9 9 -11 -12 17 -14 16 -16 -17 -18 -19
leaf_value=0 -3.4706190463880917e-09 1.6984929936063889e-07 -2.6897160149187239e-07 8.4100870497888633e-07 0 -2.7096867059042076e-08 3.1152592555999659e-07 -1.354123433774932e-07 2.1788784995422182e-07 0 0 9.8274145339572035e-08 0 -6.4240264489531757e-07 0 1.2656408865700131e-07 0 0
leaf_weight=4761 303089 59118 18671 3318 50884 71943 14447 91698 35819 16215 4107 1692 8565 2621 1163 10503 910 526
leaf_count=4761 303089 59118 18671 3318 50884 71943 14447 91698 35819 16215 4107 1692 8565 2621 1163 10503 910 526
internal_value=8.11096e-10 6.91715e-09 5.19883e-08 1.14372e-07 7.32161e-08 -1.27424e-09 -2.32389e-08 -3.9183e-08 5.13648e-08 1.44668e-07 2.08221e-07 -1.22586e-07 -1.70317e-07 -2.67386e-07 6.78359e-07 0 -5.00134e-07 0
internal_weight=700050 691758 143937 114483 110002 547821 413341 394787 134480 52034 18554 29454 27236 8292 4481 82446 3531 2218
internal_count=700050 691758 143937 114483 110002 547821 413341 394787 134480 52034 18554 29454 27236 8292 4481 82446 3531 2218
is_linear=0
shrinkage=0.02


Tree=246
num_leaves=17
num_cat=0
split_feature=5 5 2 0 3 0 0 0 3 2 0 5 2 0 2 0
split_gain=1.51514e-06 7.49305e-07 7.65108e-07 6.87285e-07 6.82482e-07 5.96087e-07 2.08057e-06 1.96955e-06 1.64588e-06 1.16473e-06 1.09291e-06 8.72945e-07 3.33405e-07 5.34351e-07 2.06412e-07 8.99125e-08
threshold=-2.9997932910919185 2.2191196680068974 0.35104535520076757 -0.77984917163848866 1.5499454140663149 -0.74753293395042408 -0.81292775273323048 -0.73402133584022511 -0.0061258319765329352 0.31708136200904852 1.2033933997154238 1.9796719551086428 0.23817130178213122 -0.82380205392837513 0.20794577896595004 1.2230691313743594
decision_type=2 2 2 2 2 2 2 2 2 2 2 2 2 2 2 2
left_child=3 5 12 -1 15 6 8 11 -2 -8 -9 -7 14 -14 -3 -5
right_child=1 2 -4 4 -6 7 9 10 -10 -11 -12 -13 13 -15 -16 -17
leaf_value=0 -3.4339844075770239e-08 1.225773192723435e-07 0 -7.2005235199626856e-07 0 -2.6875552440821725e-07 1.2817890010457732e-07 1.3147926346982949e-07 1.1991591655636857e-07 0 -2.0189509312589829e-08 0 0 2.2595720065704277e-07 0 0
leaf_weight=4761 235257 5495 2413 2235 841 17510 84094 20350 28379 57053 209447 626 3000 19278 8856 455
leaf_count=4761 235257 5495 2413 2235 841 17510 84094 20350 28379 57053 209447 626 3000 19278 8856 455
internal_value=6.82298e-10 6.73813e-09 9.20942e-08 -2.63324e-07 -4.90598e-07 0 1.65361e-08 -2.26994e-08 -1.01488e-08 8.0548e-08 0 -2.24685e-07 1.31891e-07 1.85976e-07 0 -6.46074e-07
internal_weight=700050 691758 39042 8292 3531 652716 404783 247933 263636 141147 229797 18136 36629 22278 14351 2690
internal_count=700050 691758 39042 8292 3531 652716 404783 247933 263636 141147 229797 18136 36629 22278 14351 2690
is_linear=0
shrinkage=0.02


Tree=247
num_leaves=27
num_cat=0
split_feature=1 2 1 1 5 3 2 1 1 2 2 2 1 2 5 3 5 2 3 3 1 2 5 3 5 2
split_gain=2.22444e-06 1.42368e-06 1.67069e-06 3.73128e-06 1.2356e-06 1.7604e-06 1.22341e-06 4.71735e-06 2.61554e-06 2.07273e-06 1.27832e-06 9.88538e-07 9.43731e-07 8.73294e-07 9.43309e-07 7.52185e-07 3.94303e-07 5.99914e-07 3.83829e-07 3.74196e-07 2.28705e-07 3.50812e-07 2.27926e-07 1.48735e-07 3.86212e-08 9.8862e-10
threshold=-0.0066061720717698327 0.2106181010603905 -0.014219467062503098 -0.010311079211533068 0.68347594141960155 -0.01377098076045513 0.28929464519023901 -0.019502669572830197 -0.045517876744270318 0.26848219335079199 0.3372232466936112 0.19769876450300219 -0.057665662840008729 0.20794577896595004 1.1466934084892275 1.5562921166419985 2.1398497819900517 0.23817130178213122 0.05360574088990689 -1.549938380718231 0.28815434873104101 0.20867690443992618 -0.65239155292510975 -1.5763772726058958 2.9999673366546635 0.31317803263664251
decision_type=2 2 2 2 2 2 2 2 2 2 2 2 2 2 2 2 2 2 2 2 2 2 2 2 2 2
left_child=1 2 -1 23 5 20 8 18 12 -10 -9 -7 -3 14 -6 -13 19 -18 -8 -15 21 -2 -5 -4 -16 -22
right_child=4 6 3 22 13 11 7 10 9 -11 -12 15 -14 16 24 -17 17 -19 -20 -21 25 -23 -24 -25 -26 -27
leaf_value=0 0 -6.2178932526357586e-09 0 0 0 0 0 -4.453034310006663e-07 2.1410829541759567e-09 1.7688010890559519e-07 0 1.5585218572801875e-07 -2.7846120886756493e-07 0 1.9758898337426995e-07 0 0 1.1459618907503185e-07 1.2748904740829889e-07 -5.6484452302305983e-08 9.9878237643466759e-09 -9.8293280479531479e-08 -7.7551457786827362e-08 -6.1503064463381784e-07 0 0
leaf_weight=25331 5520 40220 210 7626 5380 6197 25662 14597 186799 38510 4478 101866 13549 12198 18286 5837 5158 19063 9446 101927 4016 23992 15159 8164 624 235
leaf_count=25331 5520 40220 210 7626 5380 6197 25662 14597 186799 38510 4478 101866 13549 12198 18286 5837 5158 19063 9446 101927 4016 23992 15159 8164 624 235
internal_value=5.89024e-10 -2.82201e-08 -1.2395e-07 -2.22038e-07 4.32201e-08 8.52786e-08 -5.99185e-09 -9.57031e-08 4.25917e-09 4.08844e-08 -3.53466e-07 1.24942e-07 -1.12016e-07 0 1.14983e-07 1.42056e-07 -1.42707e-08 2.06979e-08 0 -3.92168e-08 0 -5.56743e-08 0 -6.01392e-07 1.92188e-07 1.10436e-09
internal_weight=700050 389751 56490 31159 310299 147663 333261 54183 279078 225309 19075 113900 53769 162636 24290 107703 138346 24221 35108 114125 33763 29512 22785 8374 18910 4251
internal_count=700050 389751 56490 31159 310299 147663 333261 54183 279078 225309 19075 113900 53769 162636 24290 107703 138346 24221 35108 114125 33763 29512 22785 8374 18910 4251
is_linear=0
shrinkage=0.02


Tree=248
num_leaves=25
num_cat=0
split_feature=1 2 1 1 2 1 1 0 2 2 2 2 2 1 1 1 0 1 0 3 3 3 2 0
split_gain=2.14328e-06 1.36956e-06 1.61046e-06 3.56868e-06 1.17318e-06 4.53997e-06 2.54285e-06 2.08519e-06 1.2193e-06 1.04678e-06 1.0613e-06 8.94129e-07 7.17847e-07 1.61748e-06 2.52694e-06 9.55635e-07 1.23541e-06 4.01453e-07 4.10185e-07 3.6863e-07 1.41964e-07 7.10001e-08 6.80852e-08 4.95847e-08
threshold=-0.0066061720717698327 0.2106181010603905 -0.014219467062503098 -0.010311079211533068 0.28929464519023901 -0.019502669572830197 -0.045517876744270318 -0.83550119400024403 0.3372232466936112 0.20794577896595004 0.19769876450300219 0.26179260015487676 0.28713957965373998 -0.00044116322533227498 0.042436886578798301 0.47703766822814947 -0.82240936160087574 -0.0064672213047742835 -0.82864734530448902 0.05360574088990689 -1.5763772726058958 1.5472643971443178 0.20942569524049762 -0.7987534999847411
decision_type=2 2 2 2 2 2 2 2 2 2 2 2 2 2 2 2 2 2 2 2 2 2 2 2
left_child=1 2 -1 20 6 19 11 -8 -7 10 -2 -3 15 23 -15 16 -11 -12 -19 -6 -4 -5 -17 -14
right_child=9 4 3 21 5 8 7 -9 -10 12 17 -13 13 14 -16 22 -18 18 -20 -21 -22 -23 -24 -25
leaf_value=0 0 0 0 -3.6759786849091387e-08 0 -4.3639742429813018e-07 3.246282461842644e-07 1.6576586071387554e-08 0 2.6069770312246133e-08 0 -1.998553836868411e-07 -2.9171363114901611e-08 2.7319900693071396e-07 0 0 -8.0796866063047358e-08 0 2.6099572649845997e-07 1.2493929461102618e-07 -6.0273017930310233e-07 0 1.4575533967723983e-07 5.9997586598034104e-09
leaf_weight=25331 13745 28372 210 21017 25662 14597 10818 214491 4478 47397 5758 25397 21333 27167 18766 494 87395 3310 24097 9446 8164 1768 14164 46673
leaf_count=25331 13745 28372 210 21017 25662 14597 10818 214491 4478 47397 5758 25397 21333 27167 18766 494 87395 3310 24097 9446 8164 1768 14164 46673
internal_value=4.37768e-10 -2.7794e-08 -1.21756e-07 -2.1806e-07 -5.86539e-09 -9.37483e-08 4.03065e-09 4.02442e-08 -3.46651e-07 4.23436e-08 1.37918e-07 -1.10519e-07 1.77284e-08 5.69794e-08 1.48792e-07 0 -2.83816e-08 1.9926e-07 2.32175e-07 0 -5.894e-07 0 1.36641e-07 0
internal_weight=700050 389751 56490 31159 333261 54183 279078 225309 19075 310299 46910 53769 263389 113939 45933 149450 134792 33165 27407 35108 8374 22785 14658 68006
internal_count=700050 389751 56490 31159 333261 54183 279078 225309 19075 310299 46910 53769 263389 113939 45933 149450 134792 33165 27407 35108 8374 22785 14658 68006
is_linear=0
shrinkage=0.02


Tree=249
num_leaves=19
num_cat=0
split_feature=5 4 5 5 5 3 0 5 3 4 0 3 4 5 0 5 0 5
split_gain=1.45499e-06 8.50329e-07 2.3358e-06 1.71048e-06 1.44321e-06 1.40981e-06 2.02099e-06 1.27546e-06 1.2075e-06 9.42306e-07 6.49638e-07 6.54457e-07 6.14529e-07 5.65376e-07 7.97358e-07 2.55883e-07 7.65223e-08 2.68824e-08
threshold=-2.9997932910919185 0.18309029936790469 1.3498364686965945 1.3638594746589663 -1.4771350622177122 -0.010781649965792893 -0.74753293395042408 -0.62913131713867176 -0.0088305631652474386 -0.22346211224794385 -0.77984917163848866 1.5499454140663149 0.054882613942027099 2.1398497819900517 -0.825274497270584 -2.0588593482971187 1.2230691313743594 1.8055209517478945
decision_type=2 2 2 2 2 2 2 2 2 2 2 2 2 2 2 2 2 2
left_child=10 3 4 5 15 6 -2 -6 -7 17 -1 16 -11 14 -4 -3 -12 -5
right_child=1 2 13 9 7 8 -8 -9 -10 12 11 -13 -14 -15 -16 -17 -18 -19
leaf_value=0 4.8082904341814406e-08 5.328972013056095e-08 0 1.0147512433441883e-08 3.2530000510552125e-07 -1.5649270421149813e-07 -7.4663293519918328e-08 5.5657703163798651e-08 -1.3347823592647206e-08 1.3438615660059017e-07 -7.0342167524123156e-07 0 0 0 -1.4776738176192001e-07 -5.9647495906641727e-08 0 -1.6604913664968245e-08
leaf_weight=4761 153540 15161 5053 39233 20280 53196 81336 54922 113784 57213 2235 841 12275 16502 28249 16667 455 24347
leaf_count=4761 153540 15161 5053 39233 20280 53196 81336 54922 113784 57213 2235 841 12275 16502 28249 16667 455 24347
internal_value=4.17305e-10 6.41098e-09 4.83162e-08 -2.13634e-09 1.07145e-07 -2.62127e-08 0 1.54968e-07 -7.0928e-08 5.55427e-08 -2.58404e-07 -4.79993e-07 1.06452e-07 -3.79509e-08 -9.45771e-08 0 -6.32245e-07 0
internal_weight=700050 691758 156834 534924 107030 401856 234876 75202 166980 133068 8292 3531 69488 49804 33302 31828 2690 63580
internal_count=700050 691758 156834 534924 107030 401856 234876 75202 166980 133068 8292 3531 69488 49804 33302 31828 2690 63580
is_linear=0
shrinkage=0.02


Tree=250
num_leaves=26
num_cat=0
split_feature=1 4 1 4 1 0 0 4 4 0 0 0 1 0 4 3 1 1 1 3 1 0 0 3 3
split_gain=2.06389e-06 1.82471e-06 2.07684e-06 1.6545e-06 1.52338e-06 2.75201e-06 2.11033e-06 1.12012e-06 9.96387e-07 6.83513e-07 1.66498e-06 1.33731e-06 5.54639e-07 5.70462e-07 4.09627e-07 4.64546e-07 2.09962e-07 2.01208e-07 1.71878e-07 2.27801e-07 1.5615e-07 1.9646e-07 4.58999e-07 1.04535e-07 2.06372e-08
threshold=-0.010131907183676956 0.23688752204179767 -0.014041732531040905 -0.25954553484916681 -0.015189735218882559 -0.82142761349678028 -0.82308480143547047 -0.32000666856765742 0.33841955661773687 -0.81697812676429737 -0.82292619347572316 1.2137084603309634 -1.1745486259460447 1.2311196327209475 1.9138938784599306 -1.5961386561393736 -0.4755482673645019 -0.053514508530497544 -0.0057980886194854966 1.5400573015213015 0.24620272219181064 1.2144819498062136 -0.75122475624084462 0.16808518767356875 -1.5895702242851255
decision_type=2 2 2 2 2 2 2 2 2 2 2 2 2 2 2 2 2 2 2 2 2 2 2 2 2
left_child=1 3 12 16 6 -6 -5 20 9 10 -9 -11 -3 -14 15 -4 24 -18 19 -10 21 22 -2 -20 -1
right_child=7 2 14 4 5 -7 -8 8 18 11 -12 -13 13 -15 -16 -17 17 -19 23 -21 -22 -23 -24 -25 -26
leaf_value=0 0 0 0 0 -3.2421713256929402e-07 5.8143627990536129e-08 -1.9882869952804392e-07 8.7983523814169544e-08 -7.517699099683782e-08 1.5543970044572781e-07 -8.8226335223836314e-08 0 1.8637802979802135e-07 0 0 -2.4383705017310059e-07 7.4695418242850119e-08 0 3.5216841584527652e-08 0 0 0 -1.4849975234729972e-07 0 -1.2599175781820781e-07
leaf_weight=293 53026 2878 458 25163 9157 40891 77649 56964 25907 86419 29193 43613 37328 2687 1374 8197 15306 84159 44564 3181 6476 14849 15280 7991 5501
leaf_count=293 53026 2878 458 25163 9157 40891 77649 56964 25907 86419 29193 43613 37328 2687 1374 8197 15306 84159 44564 3181 6476 14849 15280 7991 5501
internal_value=4.64831e-10 -3.48655e-08 5.38706e-08 -6.08074e-08 -1.02826e-07 0 -1.47129e-07 3.39885e-08 5.446e-08 7.70033e-08 5.06403e-09 1.09288e-07 1.40491e-07 1.63407e-07 -1.17176e-07 -1.86658e-07 0 7.02997e-09 0 -4.36002e-08 -1.17219e-08 -2.99872e-08 -4.73834e-08 1.60009e-08 -1.16818e-07
internal_weight=698504 311041 52922 258119 152860 50048 102812 387463 297832 216189 86157 130032 42893 40015 10029 8655 105259 99465 81643 29088 89631 83155 68306 52555 5794
internal_count=698504 311041 52922 258119 152860 50048 102812 387463 297832 216189 86157 130032 42893 40015 10029 8655 105259 99465 81643 29088 89631 83155 68306 52555 5794
is_linear=0
shrinkage=0.02


Tree=251
num_leaves=29
num_cat=0
split_feature=1 4 1 5 4 1 0 0 5 5 4 4 1 4 4 5 1 4 5 1 1 1 1 0 0 5 5 1
split_gain=1.98285e-06 1.74134e-06 1.98345e-06 1.6764e-06 1.58515e-06 1.46169e-06 2.64303e-06 2.03126e-06 1.08408e-06 1.69728e-06 2.46085e-06 1.68106e-06 8.71692e-07 7.60794e-07 7.65404e-07 5.0117e-07 4.21608e-07 3.95803e-07 5.3107e-07 2.01158e-07 1.93544e-07 1.82746e-07 1.81341e-07 3.66734e-07 2.95821e-07 5.81853e-08 2.11604e-08 1.28315e-08
threshold=-0.010131907183676956 0.23688752204179767 -0.014041732531040905 -1.4771350622177122 -0.25954553484916681 -0.015189735218882559 -0.82142761349678028 -0.82308480143547047 0.68347594141960155 -1.2630876898765562 -0.32528607547283167 0.46454431116580969 -1.1745486259460447 -0.13806440681219098 0.034576734527945525 2.1655551195144658 -0.0071247143205255261 1.9138938784599306 1.8055209517478945 -0.4755482673645019 -0.053514508530497544 -0.0059062461368739596 -0.0067667609546333543 -0.82328352332115162 1.2221465110778811 -1.8184449076652525 1.3776112794876101 0.40004085004329687
decision_type=2 2 2 2 2 2 2 2 2 2 2 2 2 2 2 2 2 2 2 2 2 2 2 2 2 2 2 2
left_child=1 4 3 -3 19 7 -7 -6 9 22 27 13 -5 26 -15 16 -13 18 -4 25 -21 -12 24 -24 -2 -1 -10 -11
right_child=8 2 17 12 5 6 -8 -9 11 10 21 15 -14 14 -16 -17 -18 -19 -20 20 -22 -23 23 -25 -26 -27 -28 -29
leaf_value=0 -1.1217836253971235e-07 0 -2.585708536906598e-07 0 0 -3.17732861430875e-07 5.6980758807496389e-08 -1.9485213055170403e-07 -1.5465708947618746e-08 -1.353473826829722e-08 2.3665400138930882e-08 0 2.5810968858430636e-07 1.4082689235597804e-07 0 0 -1.8803927029081032e-07 0 0 7.3201520802302886e-08 0 1.9945303112570703e-07 1.0782888018695517e-07 0 0 -1.3498215947043625e-07 0 0
leaf_weight=353 15163 13479 7467 1987 25163 9157 40891 77649 35387 28018 32934 2162 27427 36976 31301 7785 25982 1374 1188 15306 84159 64888 12621 37549 1759 5441 53507 1431
leaf_count=353 15163 13479 7467 1987 25163 9157 40891 77649 35387 28018 32934 2162 27427 36976 31301 7785 25982 1374 1188 15306 84159 64888 12621 37549 1759 5441 53507 1431
internal_value=3.90374e-10 -3.41826e-08 5.19967e-08 1.37247e-07 -5.96002e-08 -1.00728e-07 0 -1.44125e-07 3.3306e-08 6.66514e-08 1.10085e-07 0 2.24201e-07 2.79564e-08 7.90962e-08 -1.23678e-07 -1.6325e-07 -1.1319e-07 -1.82039e-07 0 6.80009e-09 1.60715e-07 0 1.02637e-09 -6.54475e-08 -1.14426e-07 0 0
internal_weight=698504 311041 52922 42893 258119 152860 50048 102812 387463 194363 127271 193100 29414 157171 68277 35929 28144 10029 8655 105259 99465 97822 67092 50170 16922 5794 88894 29449
internal_count=698504 311041 52922 42893 258119 152860 50048 102812 387463 194363 127271 193100 29414 157171 68277 35929 28144 10029 8655 105259 99465 97822 67092 50170 16922 5794 88894 29449
is_linear=0
shrinkage=0.02


Tree=252
num_leaves=26
num_cat=0
split_feature=1 4 1 5 4 1 3 5 4 5 5 4 5 1 4 4 5 1 1 1 5 5 1 3 5
split_gain=1.90636e-06 1.6591e-06 1.89225e-06 1.61538e-06 1.51894e-06 1.40248e-06 1.6216e-06 1.19237e-06 1.04839e-06 1.64402e-06 3.37721e-06 1.79279e-06 8.76934e-07 8.47811e-07 5.96833e-07 3.82569e-07 5.16362e-07 1.92098e-07 1.86174e-07 1.50733e-07 1.76055e-07 1.65525e-07 9.94712e-08 7.85281e-08 5.66816e-08
threshold=-0.010131907183676956 0.23688752204179767 -0.014041732531040905 -1.4771350622177122 -0.25954553484916681 -0.015189735218882559 -0.014565916266292332 -1.6598051786422727 -0.32000666856765742 0.6255820393562318 -1.4199540615081785 0.25969775021076208 2.1655551195144658 -1.1745486259460447 -0.13806440681219098 1.9138938784599306 1.8055209517478945 -0.4755482673645019 -0.053514508530497544 0.24620272219181064 -1.5122827291488645 0.48133535683155065 0.47703766822814947 -1.6159074902534483 -1.8184449076652525
decision_type=2 2 2 2 2 2 2 2 2 2 2 2 2 2 2 2 2 2 2 2 2 2 2 2 2
left_child=1 4 3 -3 17 7 -7 -6 19 10 22 14 -13 -5 -11 16 -4 24 -19 20 -2 -22 -10 -12 -1
right_child=8 2 15 13 5 6 -8 -9 9 11 23 12 -14 -15 -16 -17 -18 18 -20 -21 21 -23 -24 -25 -26
leaf_value=0 0 0 -2.5339950660546846e-07 0 0 1.3489180014444668e-07 -9.909108123680156e-08 -1.8130600964477429e-07 -2.9666841957615579e-08 0 0 -1.4792787402245952e-07 0 2.5294751290144367e-07 9.243581642081595e-08 0 0 7.1737499264877552e-08 0 0 -8.5684738084817768e-08 0 0 1.6802695791751266e-07 -1.3228256453904473e-07
leaf_weight=353 6343 13479 7467 1987 25961 18768 31280 76851 45403 41039 587 36197 10427 27427 60219 1374 1188 15306 84159 6476 28315 48497 2622 101338 5441
leaf_count=353 6343 13479 7467 1987 25961 18768 31280 76851 45403 41039 587 36197 10427 27427 60219 1374 1188 15306 84159 6476 28315 48497 2622 101338 5441
internal_value=3.1589e-10 -3.35283e-08 5.0051e-08 1.33947e-07 -5.84129e-08 -9.86729e-08 0 -1.41182e-07 3.26465e-08 5.25145e-08 9.93127e-08 0 -9.72902e-08 2.19388e-07 5.21896e-08 -1.0934e-07 -1.77577e-07 0 6.5748e-09 -1.10583e-08 -2.92725e-08 -4.2947e-08 -1.89121e-09 1.6662e-07 -1.11891e-07
internal_weight=698504 311041 52922 42893 258119 152860 50048 102812 387463 297832 149950 147882 46624 29414 101258 10029 8655 105259 99465 89631 83155 76812 48025 101925 5794
internal_count=698504 311041 52922 42893 258119 152860 50048 102812 387463 297832 149950 147882 46624 29414 101258 10029 8655 105259 99465 89631 83155 76812 48025 101925 5794
is_linear=0
shrinkage=0.02


Tree=253
num_leaves=28
num_cat=0
split_feature=1 2 1 5 5 1 1 2 0 1 0 1 1 0 2 2 2 2 2 2 1 1 2 1 2 1 5
split_gain=1.8328e-06 1.37376e-06 5.43212e-06 9.98072e-07 1.57719e-06 8.7621e-07 4.47734e-06 4.33738e-06 1.97063e-06 1.54709e-06 1.18877e-06 7.28216e-07 4.30547e-07 2.05429e-06 4.06386e-07 1.25013e-06 9.04039e-07 3.74342e-07 2.05018e-07 7.44616e-07 5.13479e-07 9.80842e-07 2.37062e-07 2.11411e-07 1.06321e-07 7.66637e-08 2.25771e-08
threshold=-0.010131907183676956 0.2106181010603905 -0.014365794137120245 0.68347594141960155 -1.2630876898765562 -0.016625771299004551 -0.022364044561982151 0.26254323124885565 -0.82353356480598439 -0.043180983513593667 -0.82265678048133839 -0.011896760202944277 -0.0059062461368739596 -0.794795662164688 0.21302869170904162 0.28651750087738043 0.20435421913862231 0.26195338368415838 0.27550996840000158 0.26515540480613714 -0.004267071606591343 -0.0061261767987161866 0.2490995451807976 -0.0084880236536264402 0.1808944642543793 0.031688872724771507 1.7308012843132021
decision_type=2 2 2 2 2 2 2 2 2 2 2 2 2 2 2 2 2 2 2 2 2 2 2 2 2 2 2
left_child=1 2 -1 4 14 6 9 10 -8 -3 -7 -9 17 -14 16 -16 -2 -6 19 22 21 -20 -5 -21 -4 -22 -26
right_child=3 5 24 18 12 7 8 11 -10 -11 -12 -13 13 -15 15 -17 -18 -19 20 23 25 -23 -24 -25 26 -27 -28
leaf_value=0 0 -4.8114882068901657e-08 0 1.4016596072265782e-08 6.5020652708455305e-08 0 0 0 -3.1073126450564395e-07 8.7326063485000452e-08 1.316204747779346e-07 -3.092741804961543e-07 0 2.5874655155221317e-07 -1.3555091352959011e-07 1.0086695116570949e-08 2.3129790959833899e-07 -8.3672519658418651e-09 0 0 3.6019448762270476e-08 -1.6649818562246587e-07 -5.7018904953912185e-08 1.9220874481081318e-07 -6.2095813707137675e-07 0 0
leaf_weight=24910 7487 83125 246 88092 35411 6178 2613 7917 30033 55915 79457 12392 43413 36128 31878 19568 8159 12319 8288 1142 23636 23499 23843 11117 7991 13483 264
leaf_count=24910 7487 83125 246 88092 35411 6178 2613 7917 30033 55915 79457 12392 43413 36128 31878 19568 8159 12319 8288 1142 23636 23499 23843 11117 7991 13483 264
internal_value=1.90236e-10 -3.29446e-08 -1.60145e-07 3.19514e-08 6.39468e-08 -1.0433e-08 -4.32148e-08 2.38131e-08 -2.54323e-07 0 1.02574e-07 -2.09812e-07 1.05839e-07 1.41698e-07 0 -4.12806e-08 6.91825e-08 4.17715e-09 0 1.50958e-08 -2.79178e-08 -9.02829e-08 0 1.63109e-07 -5.96985e-07 0 -6.10052e-07
internal_weight=698504 311041 33411 387463 194363 277630 171686 105944 32646 139040 85635 20309 127271 79541 67092 51446 15646 47730 193100 124194 68906 31787 111935 12259 8501 37119 8255
internal_count=698504 311041 33411 387463 194363 277630 171686 105944 32646 139040 85635 20309 127271 79541 67092 51446 15646 47730 193100 124194 68906 31787 111935 12259 8501 37119 8255
is_linear=0
shrinkage=0.02


Tree=254
num_leaves=18
num_cat=0
split_feature=5 4 2 5 2 2 5 5 2 2 5 2 3 4 4 4 2
split_gain=1.13729e-06 7.45304e-07 4.07829e-06 3.53042e-06 5.45446e-06 1.59511e-06 2.37782e-06 1.86589e-06 3.16071e-06 2.32194e-06 6.80725e-07 1.10733e-06 6.32511e-07 6.73931e-07 4.34619e-07 1.58612e-07 1.35063e-07
threshold=-2.9997932910919185 0.18309029936790469 0.31830170750617987 1.1017863750457766 0.24228780716657641 0.3367739617824555 0.88717454671859752 1.3776112794876101 0.27489407360553747 0.26848219335079199 2.1655551195144658 0.38169445097446447 -0.010196385905146597 -0.12117508053779601 -0.35301177203655237 2.9999792575836186 0.2490995451807976
decision_type=2 2 2 2 2 2 2 2 2 2 2 2 2 2 2 2 2
left_child=12 5 3 4 -3 7 14 8 -2 -9 11 -4 13 -1 -7 -15 -5
right_child=1 2 10 16 -6 6 -8 9 -10 -11 -12 -13 -14 15 -16 -17 -18
leaf_value=0 0 0 -2.5849514067907875e-07 0 3.2767399160171992e-07 0 0 0 -1.433727029278725e-07 1.8267748373136421e-07 0 0 0 -4.8269054234661864e-07 4.0325593267392687e-07 0 -4.676042034172881e-08
leaf_weight=811 296300 31786 19211 23219 46342 3551 12180 86851 88789 36158 2057 8876 2634 4369 10287 375 24708
leaf_count=811 296300 31786 19211 23219 46342 3551 12180 86851 88789 36158 2057 8876 2634 4369 10287 375 24708
internal_value=1.47965e-10 5.77141e-09 4.51882e-08 1.04699e-07 1.89107e-07 -2.0113e-09 1.4511e-07 -1.34812e-08 -3.81627e-08 4.75273e-08 -1.37325e-07 -1.73013e-07 -2.29663e-07 -3.5114e-07 3.29125e-07 -4.48553e-07 0
internal_weight=698504 690315 156199 126055 78128 534116 26018 508098 385089 123009 30144 28087 8189 5555 13838 4744 47927
internal_count=698504 690315 156199 126055 78128 534116 26018 508098 385089 123009 30144 28087 8189 5555 13838 4744 47927
is_linear=0
shrinkage=0.02


Tree=255
num_leaves=28
num_cat=0
split_feature=1 0 0 0 1 0 1 4 3 3 4 0 0 0 0 1 1 1 1 0 4 4 1 1 4 4 1
split_gain=1.61742e-06 2.23924e-06 4.49881e-06 3.85009e-06 4.56699e-06 2.49118e-06 3.61121e-06 2.18505e-06 1.76384e-06 3.61032e-06 1.72668e-06 1.37017e-06 3.09401e-06 1.84339e-06 1.09225e-06 2.05772e-06 1.72862e-06 6.70815e-07 5.4924e-07 5.17132e-07 3.9996e-07 5.50873e-07 3.27613e-07 2.59352e-07 2.49631e-07 6.90544e-08 8.96107e-09
threshold=-0.0057980886194854966 -0.77513739466667164 -0.73402133584022511 -0.81292775273323048 -0.014041732531040905 -0.74753293395042408 -0.0059627522714436046 -0.41602167487144465 -0.012230542022734879 -0.0061258319765329352 0.20245481282472613 -0.7987534999847411 1.2123870253562929 -0.82240936160087574 1.2230691313743594 -0.013372395653277634 -0.023908871226012703 -0.029030052945017811 0.33824791014194494 -0.76602378487586964 0.98864674568176281 -0.25158137083053583 -0.024912522174417969 -0.0051632986869662991 -0.50335505604743946 0.2967591285705567 -0.0027240018825978036
decision_type=2 2 2 2 2 2 2 2 2 2 2 2 2 2 2 2 2 2 2 2 2 2 2 2 2 2 2
left_child=1 3 5 8 22 10 -7 -6 17 -10 -3 13 19 20 16 -16 -4 -1 23 25 21 -2 -5 -15 -21 -13 -14
right_child=11 2 14 4 7 6 -8 -9 9 -11 -12 12 26 18 15 -17 -18 -19 -20 24 -22 -23 -24 -25 -26 -27 -28
leaf_value=-6.4778661054562567e-09 0 5.5696593354612777e-09 0 4.6675966755456651e-08 0 -6.9623480483562452e-07 0 4.1004133900446399e-07 -1.5950344445573673e-07 7.0926684901969601e-08 -2.4787951553113038e-07 4.4653173172964983e-08 -1.3092152987566357e-08 0 -2.7177682662392584e-08 1.7901998963345021e-07 -1.3356372560751474e-07 8.0256979152332753e-08 0 0 0 1.1855764568079891e-07 -6.7211740698075933e-08 -1.2854313032399564e-07 2.7691513414509256e-07 0 0
leaf_weight=14132 19910 9523 44042 17195 11505 10807 1917 24420 83346 26388 11823 13853 20912 870 34382 26599 63202 51304 7138 2386 7635 46900 20716 47321 32806 7376 41268
leaf_count=14132 19910 9523 44042 17195 11505 10807 1917 24420 83346 26388 11823 13853 20912 870 34382 26599 63202 51304 7138 2386 7635 46900 20716 47321 32806 7376 41268
internal_value=0 -2.22641e-08 -7.33422e-08 1.12004e-08 1.37946e-07 -2.88401e-07 -5.46066e-07 2.99933e-07 -3.08066e-08 -8.58655e-08 -4.11159e-08 4.1281e-08 9.0498e-08 0 -1.78981e-08 2.99658e-08 -6.37634e-08 3.0961e-08 -9.10283e-08 1.97866e-07 6.12067e-08 8.10493e-08 0 -1.18627e-07 2.62003e-07 0 0
internal_weight=699676 451301 202295 249006 73836 34070 12724 35925 175170 109734 21346 248375 118601 129774 168225 60981 107244 65436 55329 56421 74445 66810 37911 48191 35192 21229 62180
internal_count=699676 451301 202295 249006 73836 34070 12724 35925 175170 109734 21346 248375 118601 129774 168225 60981 107244 65436 55329 56421 74445 66810 37911 48191 35192 21229 62180
is_linear=0
shrinkage=0.02


Tree=256
num_leaves=23
num_cat=0
split_feature=5 2 2 0 2 2 2 5 2 5 5 2 3 5 2 0 5 3 2 0 0 3
split_gain=7.83101e-07 9.0437e-07 5.11832e-07 6.20612e-07 5.02245e-07 2.29478e-06 1.49568e-06 1.41658e-06 1.61432e-06 9.0062e-07 5.83702e-07 9.44308e-07 6.92094e-07 5.46608e-07 1.47883e-06 9.97699e-07 2.84125e-07 1.97555e-07 1.68047e-07 4.0258e-07 7.82213e-08 6.38751e-08
threshold=-2.4220364093780513 0.27329581975936895 0.19769876450300219 1.2277394533157351 0.24565702676773074 0.23817130178213122 0.25084936618804937 -0.092109680175781236 0.2490995451807976 0.16952627897262576 -1.8184449076652525 0.27550996840000158 -0.012303462717682121 0.21551591157913211 0.21790298074483874 1.2063207626342776 -1.1876928806304929 1.5704089999198916 0.31830170750617987 -0.75499424338340748 1.2134102582931521 1.5450865626335146
decision_type=2 2 2 2 2 2 2 2 2 2 2 2 2 2 2 2 2 2 2 2 2 2
left_child=1 2 -1 21 5 13 7 8 -6 16 11 -8 -12 14 -2 -15 -7 -11 20 -20 -3 -4
right_child=4 18 3 -5 6 9 10 -9 -10 17 12 -13 -14 15 -16 -17 -18 -19 19 -21 -22 -23
leaf_value=0 1.0287778523785173e-07 1.5991368687382564e-07 -2.7266652082067227e-07 0 0 1.3049173641488992e-07 0 0 -6.2692695077086797e-07 2.7363347049411469e-07 4.8826785699742519e-08 -1.8500224219143247e-07 -3.1369294251952205e-09 -7.1195555491211557e-08 -1.9550404323974637e-08 2.2929663012020512e-08 -6.9171396783530753e-09 0 0 -4.4124226967394152e-07 0 0
leaf_weight=554 68607 3852 15322 2013 10708 6649 14175 13482 4647 20789 136946 16353 188622 86669 45596 50193 8955 637 1819 827 935 1326
leaf_count=554 68607 3852 15322 2013 10708 6649 14175 13482 4647 20789 136946 16353 188622 86669 45596 50193 8955 637 1819 827 935 1326
internal_value=0 -1.05904e-07 -1.8542e-07 -2.15342e-07 4.61967e-09 2.63089e-08 -6.4175e-09 -1.45933e-07 -2.77302e-07 1.73705e-07 0 -7.72069e-08 1.25778e-08 0 3.64852e-08 -2.20627e-08 0 2.62604e-07 0 0 1.18498e-07 -2.58632e-07
internal_weight=699676 26648 19215 18661 673028 288095 384933 28837 15355 37030 356096 30528 325568 251065 114203 136862 15604 21426 7433 2646 4787 16648
internal_count=699676 26648 19215 18661 673028 288095 384933 28837 15355 37030 356096 30528 325568 251065 114203 136862 15604 21426 7433 2646 4787 16648
is_linear=0
shrinkage=0.02


Tree=257
num_leaves=28
num_cat=0
split_feature=1 1 1 2 2 0 1 2 2 4 2 1 2 1 4 2 1 1 1 2 1 0 2 1 0 1 2
split_gain=1.57127e-06 1.19898e-06 2.65828e-06 4.21416e-06 3.77227e-06 3.69235e-06 2.0666e-06 2.63057e-06 4.20116e-06 2.00463e-06 1.50647e-06 1.39422e-06 1.24967e-06 9.57881e-07 8.04295e-07 1.3232e-06 2.50366e-06 1.79907e-06 2.08122e-06 1.09731e-06 7.99164e-07 4.18529e-07 2.04245e-07 3.34671e-07 2.6787e-07 9.89288e-08 1.85867e-08
threshold=-0.010131907183676956 -0.023908871226012703 -0.016625771299004551 0.20991390198469165 0.26254323124885565 -0.82308480143547047 -0.043180983513593667 0.26817244291305548 0.28437720239162451 -0.41602167487144465 0.29303336143493658 -0.014219467062503098 0.26029770076274877 -0.081132266670465455 -0.32000666856765742 0.24833501875400546 0.00062449972028844069 -0.00044116322533227498 0.010153800249099733 0.18808144330978396 0.33824791014194494 1.2221465110778811 0.38230906426906591 0.24620272219181064 1.2144819498062136 -0.017436144873499867 0.24338329583406451
decision_type=2 2 2 2 2 2 2 2 2 2 2 2 2 2 2 2 2 2 2 2 2 2 2 2 2 2 2
left_child=1 6 5 11 -5 25 10 26 -9 -7 12 -4 -1 -12 22 16 19 21 -19 -16 -18 -17 23 24 -2 -3 -8
right_child=14 2 3 4 -6 9 7 8 -10 -11 13 -13 -14 -15 15 17 20 18 -20 -21 -22 -23 -24 -25 -26 -27 -28
leaf_value=0 -7.0822006521155939e-08 9.529901241233805e-08 0 8.848398852460563e-08 -2.0351838743966191e-07 0 0 4.4293505455332642e-07 0 -3.6325626643306443e-07 0 -5.3025789684678474e-07 -1.9865573597180873e-07 2.2490751886792061e-07 0 -6.7649685881945643e-08 -7.3449098744161533e-08 2.2006801361176304e-07 0 1.7736094689731321e-07 1.097174904975968e-07 0 0 0 0 0 -2.1210875878904633e-08
leaf_weight=41254 65878 4795 2986 87812 20413 4527 11207 17021 10214 31492 15007 7905 32484 8374 3962 86991 34613 27285 43391 81727 11043 8416 2312 6525 14760 757 16525
leaf_count=41254 65878 4795 2986 87812 20413 4527 11207 17021 10214 31492 15007 7905 32484 8374 3962 86991 34613 27285 43391 81727 11043 8416 2312 6525 14760 757 16525
internal_value=0 -3.30332e-08 -7.14745e-08 -5.39696e-09 1.49274e-08 -2.127e-07 0 1.0506e-07 2.46803e-07 -3.05137e-07 -4.75879e-08 -3.90997e-07 -1.02987e-07 4.15875e-08 2.72458e-08 4.49598e-08 9.27742e-08 0 8.31737e-08 1.57734e-07 0 -4.91739e-08 -9.28533e-09 -3.20282e-08 -5.26205e-08 2.67642e-08 0
internal_weight=699676 312773 160687 119116 108225 41571 152086 54967 27235 36019 97119 10891 73738 23381 386903 297428 131345 166083 70676 85689 45656 95407 89475 87163 80638 5552 27732
internal_count=699676 312773 160687 119116 108225 41571 152086 54967 27235 36019 97119 10891 73738 23381 386903 297428 131345 166083 70676 85689 45656 95407 89475 87163 80638 5552 27732
is_linear=0
shrinkage=0.02


Tree=258
num_leaves=29
num_cat=0
split_feature=1 5 4 4 3 3 1 3 3 4 3 1 3 1 3 5 5 5 3 4 3 1 1 3 5 1 4 1
split_gain=1.52862e-06 1.01603e-06 1.85458e-06 1.02878e-06 9.96626e-07 2.92507e-06 5.57493e-06 2.35509e-06 2.00973e-06 1.94962e-06 1.34597e-06 1.12745e-06 1.10439e-06 2.81167e-06 1.42123e-06 9.85285e-07 7.01796e-07 6.78927e-07 6.13511e-07 5.23628e-07 5.23108e-07 4.52043e-07 4.19561e-07 3.55209e-07 4.06968e-07 2.62147e-07 2.48492e-07 7.41808e-08
threshold=-0.0057980886194854966 0.68347594141960155 0.14801909029483798 0.12807027995586398 -0.015489713754504917 -1.529495060443878 -0.012805345468223093 -0.0061258319765329352 -1.5641341209411619 -0.45045319199562067 -0.023251088336110112 -0.017436144873499867 0.16808518767356875 -0.045517876744270318 1.5450865626335146 2.0917989015579228 -0.99522683024406422 1.5261341333389284 -0.01401675585657358 -0.32528607547283167 1.564464867115021 -0.013032136019319294 0.40004085004329687 -1.5465638637542722 2.3578623533248906 -0.0030996017158031459 -0.22003575414419171 -0.0061261767987161866
decision_type=2 2 2 2 2 2 2 2 2 2 2 2 2 2 2 2 2 2 2 2 2 2 2 2 2 2 2 2
left_child=4 2 16 17 5 8 10 9 21 27 -7 -10 13 -9 -14 -11 22 25 -4 -18 -20 -1 -2 -5 -25 -3 -19 -6
right_child=1 3 18 23 7 6 -8 12 11 15 -12 -13 14 -15 -16 -17 19 26 20 -21 -22 -23 -24 24 -26 -27 -28 -29
leaf_value=-4.0025968817657971e-08 -8.2007081987152476e-08 -8.8418934861833794e-08 0 0 2.9188436643189095e-08 1.4750541729282503e-07 6.7107567407576877e-07 0 0 -1.3070193458690667e-07 -2.2749898985721562e-08 -3.5315366029887954e-07 -1.5234667180846918e-07 3.2512554299131037e-07 2.6023588071751241e-08 0 0 0 2.8149553770626108e-07 1.12536955088418e-07 0 7.3942822823575328e-08 0 -1.4148355923176789e-07 0 4.0675762169459423e-09 1.3376690914923826e-07 0
leaf_weight=29138 29419 13353 6264 4704 34828 24911 7099 13695 9084 156380 29272 11736 22698 15098 61545 8463 11736 25838 25242 36586 691 24533 3420 28782 5633 28138 28569 2821
leaf_count=29138 29419 13353 6264 4704 34828 24911 7099 13695 9084 156380 29272 11736 22698 15098 61545 8463 11736 25838 25242 36586 691 24533 3420 28782 5633 28138 28569 2821
internal_value=0 4.0155e-08 8.43691e-08 0 -2.16207e-08 1.34677e-08 1.26833e-07 -4.3058e-08 -5.29467e-08 -8.59956e-08 1.86144e-08 -2.20548e-07 1.61667e-08 1.2794e-07 0 -1.17538e-07 6.28047e-09 3.82406e-08 2.19094e-07 7.24861e-08 2.62792e-07 0 -3.02369e-08 -8.32746e-08 -1.09595e-07 0 8.69999e-08 0
internal_weight=699676 248375 113358 135017 451301 135773 61282 315528 74491 202492 54183 20820 113036 28793 84243 164843 81161 95898 32197 48322 25933 53671 32839 39119 34415 41491 54407 37649
internal_count=699676 248375 113358 135017 451301 135773 61282 315528 74491 202492 54183 20820 113036 28793 84243 164843 81161 95898 32197 48322 25933 53671 32839 39119 34415 41491 54407 37649
is_linear=0
shrinkage=0.02


Tree=259
num_leaves=25
num_cat=0
split_feature=1 3 3 0 0 0 1 3 1 0 0 1 5 5 5 1 0 3 1 0 3 5 3 1
split_gain=1.50451e-06 1.21146e-06 1.88635e-06 2.66277e-06 2.13132e-06 1.28071e-06 2.42368e-06 1.01e-06 1.84804e-06 8.89369e-07 6.19496e-07 6.17971e-07 1.21234e-06 5.85887e-07 8.01071e-07 5.43554e-07 5.11852e-07 3.34489e-07 3.2768e-07 2.28219e-07 1.85493e-07 1.6272e-07 3.19052e-08 3.81603e-09
threshold=-0.010131907183676956 0.0078098736703395852 -0.014565916266292332 -0.74753293395042408 -0.81735354661941517 1.2033933997154238 -0.045517876744270318 -1.529495060443878 -0.017436144873499867 -0.73599040508270253 1.2221465110778811 0.54579138755798351 0.88717454671859752 -1.2630876898765562 0.68347594141960155 0.010153800249099733 -0.82328352332115162 1.5666375756263735 -0.048548012971878045 -0.82431402802467335 -1.5623992681503294 2.1920609474182133 0.019835521467030052 -0.014796895906329153
decision_type=2 2 2 2 2 2 2 2 2 2 2 2 2 2 2 2 2 2 2 2 2 2 2 2
left_child=1 2 7 4 -4 6 22 10 -9 -5 -1 13 -13 16 15 -15 19 18 -7 -2 -18 -16 -3 -19
right_child=11 5 3 9 -6 17 -8 8 -10 -11 -12 12 -14 14 21 -17 20 23 -20 -21 -22 -23 -24 -25
leaf_value=-1.3783156435144018e-07 0 -5.9856008043110198e-08 -1.5743317169841942e-07 -6.6516224467492744e-07 0 0 2.8817727974639697e-07 0 1.7487857521778973e-07 0 0 2.8730080830172389e-07 0 9.1098253904614026e-08 -4.9845479988987491e-09 0 0 0 -1.1775787952341296e-07 1.3990150725384242e-07 -8.6767591607397796e-08 4.7188321235276979e-08 0 1.2434573956082493e-08
leaf_weight=24839 11326 3562 55015 5540 54292 9060 17947 32023 30054 1862 24961 11340 10984 96532 153355 23297 4831 12035 20030 4664 43055 27519 11681 9872
leaf_count=24839 11326 3562 55015 5540 54292 9060 17947 32023 30054 1862 24961 11340 10984 96532 153355 23297 4831 12035 20030 4664 43055 27519 11681 9872
internal_value=0 -3.21746e-08 -5.86688e-08 -1.1492e-07 -6.83753e-08 1.60061e-08 1.25285e-07 0 5.38355e-08 -5.32057e-07 -6.70795e-08 2.68062e-08 1.4215e-07 1.42577e-08 2.95885e-08 6.97926e-08 -2.66033e-08 -1.58974e-08 -7.10098e-08 0 -7.22471e-08 0 0 0
internal_weight=699676 312773 228586 116709 109307 84187 33190 111877 62077 7402 49800 386903 22324 364579 300703 119829 63876 50997 29090 15990 47886 180874 15243 21907
internal_count=699676 312773 228586 116709 109307 84187 33190 111877 62077 7402 49800 386903 22324 364579 300703 119829 63876 50997 29090 15990 47886 180874 15243 21907
is_linear=0
shrinkage=0.02


Tree=260
num_leaves=29
num_cat=0
split_feature=1 4 5 1 5 4 0 0 1 0 0 0 0 1 4 1 4 1 5 5 5 0 4 1 4 0 1 0
split_gain=1.52104e-06 1.33455e-06 1.25176e-06 1.54628e-06 1.23479e-06 1.40162e-06 1.17149e-06 2.06478e-06 1.74882e-06 1.16786e-06 2.08065e-06 3.92783e-06 1.59262e-06 1.29994e-06 1.34828e-06 8.24491e-07 5.98543e-07 5.75485e-07 5.71742e-07 4.57567e-07 3.72166e-07 3.19094e-07 2.65621e-07 2.18676e-07 2.15024e-07 4.09041e-07 1.37123e-07 7.40098e-08
threshold=-0.0066061720717698327 0.18309029936790469 -1.3992488980293272 -0.014219467062503098 0.70304545760154735 0.46454431116580969 -0.82259488105773915 -0.80213230848312367 -0.0059062461368739596 1.2293903827667239 -0.74937453866004933 -0.81735354661941517 -0.73599040508270253 -0.013372395653277634 -0.47126354277133936 -1.1745486259460447 -0.54196897149085987 -0.0051632986869662991 1.5261341333389284 2.1398497819900517 0.54261341691017162 -0.82478407025337208 -0.22003575414419171 -0.0027240018825978036 2.9999792575836186 -0.82478407025337208 -0.022364044561982151 -0.82142761349678028
decision_type=2 2 2 2 2 2 2 2 2 2 2 2 2 2 2 2 2 2 2 2 2 2 2 2 2 2 2 2
left_child=1 9 24 15 6 18 16 17 -9 10 11 -1 -12 26 -15 -4 -2 -8 23 21 -18 -7 -20 -6 25 -3 -11 -5
right_child=4 2 3 27 5 19 7 8 -10 13 12 -13 -14 14 -16 -17 20 -19 22 -21 -22 -23 -24 -25 -26 -27 -28 -29
leaf_value=-1.0755047098958951e-07 0 0 0 -6.7069562034955703e-08 -5.6432865941587394e-08 0 0 0 1.5140170837774175e-07 0 -6.6675586136157009e-07 7.1506719964133974e-08 -1.0231391628646949e-07 0 2.9183517897428597e-07 2.2777866163925349e-07 2.1041702851122533e-07 -1.3463421233862396e-07 0 0 0 -1.9540513444654778e-07 9.6183835379047118e-08 0 0 -1.2332330497561368e-07 -6.3036074291861587e-08 0
leaf_weight=102363 4053 4332 2083 6581 27466 2651 2299 19404 55256 9157 3918 84779 83898 3866 12621 29110 36970 28270 29261 7215 2307 21229 42768 30948 2202 18038 14072 12528
leaf_count=102363 4053 4332 2083 6581 27466 2651 2299 19404 55256 9157 3918 84779 83898 3866 12621 29110 36970 28270 29261 7215 2307 21229 42768 30948 2202 18038 14072 12528
internal_value=0 -2.77021e-08 3.38942e-08 1.05701e-07 3.15911e-08 0 7.35384e-08 1.49147e-08 8.7152e-08 -4.87142e-08 -6.59856e-08 -1.5747e-08 -1.50273e-07 2.05005e-08 1.80239e-07 1.9454e-07 1.69751e-07 -9.60878e-08 2.15746e-08 -1.26797e-07 1.9464e-07 -1.69114e-07 6.33878e-08 0 -3.17107e-08 -7.03519e-08 -6.77673e-09 0
internal_weight=699645 389548 74874 50302 310097 161538 148559 105229 74660 314674 274958 187142 87816 39716 16487 31193 43330 30569 130443 31095 39277 23880 72029 58414 24572 22370 23229 19109
internal_count=699645 389548 74874 50302 310097 161538 148559 105229 74660 314674 274958 187142 87816 39716 16487 31193 43330 30569 130443 31095 39277 23880 72029 58414 24572 22370 23229 19109
is_linear=0
shrinkage=0.02


Tree=261
num_leaves=17
num_cat=0
split_feature=5 4 2 2 2 2 2 2 4 5 2 2 3 4 5 4
split_gain=1.04797e-06 8.26764e-07 2.27063e-06 2.05477e-06 1.94373e-06 3.66088e-06 1.20694e-06 1.35066e-06 1.05608e-06 9.62667e-07 7.82937e-07 7.10998e-07 5.88429e-07 6.12877e-07 4.37836e-07 3.16025e-07
threshold=-2.9997932910919185 -0.082619264721870408 0.38251720368862158 0.38847307860851293 0.26848219335079199 0.27682664990425115 0.20733901858329776 0.35543212294578558 0.054882613942027099 2.0241403579711919 0.19769876450300219 0.30051009356975561 -0.010151803027838467 -0.12404925376176833 -0.56088954210281361 -0.50335505604743946
decision_type=2 2 2 2 2 2 2 2 2 2 2 2 2 2 2 2
left_child=12 6 4 8 10 -6 14 11 -4 -9 -3 -8 13 -1 -2 -16
right_child=1 2 3 -5 5 -7 7 9 -10 -11 -12 -13 -14 -15 15 -17
leaf_value=0 0 -1.26856570850248e-07 0 0 3.4736111502572982e-07 2.8888699364435411e-08 -2.3269250464296327e-08 2.4555932954766031e-07 -6.6579669975378048e-07 0 1.4364434668096049e-08 -1.2765910881075626e-07 0 -4.3392395773662391e-07 0 1.5273130331767241e-07
leaf_weight=826 11908 17249 329 3288 22334 98840 269467 10269 4186 1545 172494 49368 2567 4773 8015 22187
leaf_count=826 11908 17249 329 3288 22334 98840 269467 10269 4186 1545 172494 49368 2567 4773 8015 22187
internal_value=0 1.19393e-09 2.73561e-08 -2.79893e-07 4.14997e-08 1.04093e-07 -1.58101e-08 -3.29938e-08 -5.63405e-07 1.40783e-07 0 -4.57057e-08 -2.26301e-07 -3.41656e-07 7.16217e-08 1.13802e-07
internal_weight=699645 691479 318720 7803 310917 121174 372759 330649 4515 11814 189743 318835 8166 5599 42110 30202
internal_count=699645 691479 318720 7803 310917 121174 372759 330649 4515 11814 189743 318835 8166 5599 42110 30202
is_linear=0
shrinkage=0.02


Tree=262
num_leaves=28
num_cat=0
split_feature=1 4 1 0 0 0 0 1 4 0 3 0 1 0 1 4 1 1 4 0 0 0 4 1 0 0 1
split_gain=1.45894e-06 1.26909e-06 1.16167e-06 1.12152e-06 2.01702e-06 3.7843e-06 1.49495e-06 1.24117e-06 1.30669e-06 6.79848e-07 9.91745e-07 8.60555e-07 1.15529e-06 2.2048e-06 6.96365e-07 6.28879e-07 5.68239e-07 6.13702e-07 5.03112e-07 5.50461e-07 4.41471e-07 7.5944e-07 4.15729e-07 1.31054e-07 1.0848e-07 3.38143e-08 4.73886e-09
threshold=-0.0066061720717698327 0.18309029936790469 -0.014219467062503098 1.2293903827667239 -0.74937453866004933 -0.81735354661941517 -0.73599040508270253 -0.013372395653277634 -0.47126354277133936 -0.82328352332115162 -0.013165763579308985 -0.7987534999847411 -0.0053387673106044522 1.2123870253562929 0.0011714734719134869 -0.58989599347114552 -0.0054120214190334073 0.0085185919888317602 0.2967591285705567 1.2342745661735537 -0.82142761349678028 -0.82767733931541432 0.20245481282472613 -0.022364044561982151 -0.77513739466667164 -0.82322019338607777 0.022493975237011913
decision_type=2 2 2 2 2 2 2 2 2 2 2 2 2 2 2 2 2 2 2 2 2 2 2 2 2 2 2
left_child=1 3 18 4 5 -1 -6 23 -9 10 -2 16 22 -14 15 -12 25 -18 -3 -20 21 -4 -13 -5 -22 -11 -16
right_child=9 2 20 7 6 -7 -8 8 -10 11 14 12 13 -15 26 -17 17 -19 19 -21 24 -23 -24 -25 -26 -27 -28
leaf_value=-1.0535534564369001e-07 0 0 0 0 -6.5283189850095689e-07 7.0380203023560811e-08 -1.0023113950132711e-07 0 2.8612228824763174e-07 0 0 0 1.8012322586126339e-07 0 0 2.013181410986794e-07 -1.1883570756453219e-07 0 1.6150304572015174e-07 0 8.6338164568801141e-08 -2.6139200552404214e-07 -9.542189180869664e-08 -6.1476922604893634e-08 0 4.9310681353535212e-08 1.0442772231151158e-08
leaf_weight=102363 7912 7896 2597 9157 3918 84779 83898 3866 12621 494 1212 33385 48740 57938 8438 36718 41220 32366 36572 2204 5821 7191 18690 14072 12593 5602 17382
leaf_count=102363 7912 7896 2597 9157 3918 84779 83898 3866 12621 494 1212 33385 48740 57938 8438 36718 41220 32366 36572 2204 5821 7191 18690 14072 12593 5602 17382
internal_value=0 -2.71793e-08 3.244e-08 -4.7721e-08 -6.46818e-08 -1.50566e-08 -1.47662e-07 1.93433e-08 1.75976e-07 3.08857e-08 8.8506e-08 5.17978e-09 3.89781e-08 8.09714e-08 1.2259e-07 1.8056e-07 -3.70579e-08 -6.76357e-08 1.06814e-07 1.37558e-07 -1.97255e-08 -1.38428e-07 -8.64097e-09 -5.72952e-09 0 3.96885e-09 0
internal_weight=699645 389548 74874 314674 274958 187142 87816 39716 16487 310097 71662 238435 158753 106678 63750 37930 79682 73586 46672 38776 28202 9788 52075 23229 18414 6096 25820
internal_count=699645 389548 74874 314674 274958 187142 87816 39716 16487 310097 71662 238435 158753 106678 63750 37930 79682 73586 46672 38776 28202 9788 52075 23229 18414 6096 25820
is_linear=0
shrinkage=0.02


Tree=263
num_leaves=29
num_cat=0
split_feature=1 4 5 4 5 1 0 0 1 0 0 0 0 1 4 1 4 1 5 5 5 0 4 1 4 0 1 0
split_gain=1.40559e-06 1.21593e-06 1.18591e-06 1.35636e-06 1.16629e-06 1.42821e-06 1.09012e-06 1.92888e-06 1.67424e-06 1.07689e-06 1.95052e-06 3.63738e-06 1.40677e-06 1.18307e-06 1.26715e-06 7.91009e-07 5.70978e-07 5.52175e-07 5.43585e-07 4.40565e-07 3.59399e-07 3.04944e-07 2.49303e-07 2.1442e-07 2.1009e-07 3.98477e-07 1.26253e-07 6.3183e-08
threshold=-0.0066061720717698327 0.18309029936790469 0.70304545760154735 0.46454431116580969 -1.3992488980293272 -0.014219467062503098 -0.82259488105773915 -0.80213230848312367 -0.0059062461368739596 1.2293903827667239 -0.74937453866004933 -0.81735354661941517 -0.73599040508270253 -0.013372395653277634 -0.47126354277133936 -1.1745486259460447 -0.54196897149085987 -0.0051632986869662991 1.5261341333389284 2.1398497819900517 0.54261341691017162 -0.82478407025337208 -0.22003575414419171 -0.0027240018825978036 2.9999792575836186 -0.82478407025337208 -0.022364044561982151 -0.82142761349678028
decision_type=2 2 2 2 2 2 2 2 2 2 2 2 2 2 2 2 2 2 2 2 2 2 2 2 2 2 2 2
left_child=1 9 6 18 24 15 16 17 -9 10 11 -1 -12 26 -15 -6 -2 -8 23 21 -18 -5 -20 -4 25 -3 -11 -7
right_child=2 4 3 19 5 27 7 8 -10 13 12 -13 -14 14 -16 -17 20 -19 22 -21 -22 -23 -24 -25 -26 -27 -28 -29
leaf_value=-1.0324824026875306e-07 0 0 -5.5880969854791553e-08 0 0 -6.1969934030860776e-08 0 0 1.474772750738017e-07 0 -6.3977559320605461e-07 6.8972600752462933e-08 -9.8226518827230821e-08 0 2.8039988437602731e-07 2.1960593675187482e-07 2.044499648355707e-07 -1.3046548437867196e-07 0 0 0 -1.9246493789090526e-07 9.3203276264648443e-08 0 0 -1.2161100058707516e-07 -6.0247396526022102e-08 0
leaf_weight=102363 4053 4332 27466 2651 2083 6581 2299 19404 55256 9157 3918 84779 83898 3866 12621 29110 36970 28270 29261 7215 2307 21229 42768 30948 2202 18038 14072 12528
leaf_count=102363 4053 4332 27466 2651 2083 6581 2299 19404 55256 9157 3918 84779 83898 3866 12621 29110 36970 28270 29261 7215 2307 21229 42768 30948 2202 18038 14072 12528
internal_value=0 -2.67424e-08 3.02442e-08 0 3.12301e-08 1.01301e-07 7.14314e-08 1.40831e-08 8.44214e-08 -4.68923e-08 -6.35337e-08 -1.45418e-08 -1.45164e-07 1.79604e-08 1.71595e-07 1.86716e-07 1.64547e-07 -9.22814e-08 2.0415e-08 -1.25298e-07 1.88903e-07 -1.66801e-07 6.14285e-08 0 -3.08215e-08 -6.92828e-08 -4.98468e-09 0
internal_weight=699645 389548 310097 161538 74874 50302 148559 105229 74660 314674 274958 187142 87816 39716 16487 31193 43330 30569 130443 31095 39277 23880 72029 58414 24572 22370 23229 19109
internal_count=699645 389548 310097 161538 74874 50302 148559 105229 74660 314674 274958 187142 87816 39716 16487 31193 43330 30569 130443 31095 39277 23880 72029 58414 24572 22370 23229 19109
is_linear=0
shrinkage=0.02


Tree=264
num_leaves=28
num_cat=0
split_feature=1 5 3 3 3 0 0 1 3 1 3 1 0 1 3 3 3 5 1 5 0 0 3 0 1 3 0
split_gain=1.35071e-06 1.13209e-06 1.43937e-06 1.00764e-06 2.49621e-06 2.88995e-06 4.92156e-06 4.51776e-06 2.22511e-06 5.02497e-06 1.53985e-06 1.42893e-06 1.17167e-06 4.13849e-06 1.55097e-06 1.1504e-06 7.88025e-07 6.42149e-07 3.51754e-07 2.89229e-07 1.12033e-06 1.35384e-06 2.83212e-07 6.80119e-07 2.66849e-07 1.16925e-07 3.07705e-08
threshold=-0.0066061720717698327 0.70304545760154735 -0.01377098076045513 -0.015489713754504917 -0.0061258319765329352 -0.81854501366615284 -0.74753293395042408 -0.017792390659451481 -1.5209892392158506 -0.012805345468223093 -1.5641341209411619 -0.019108296371996399 1.1998248696327212 -0.045517876744270318 1.5472643971443178 -0.022610324434936043 1.5487532019615176 -1.8622773885726926 -0.013032136019319294 2.1655551195144658 -0.75703293085098255 1.0000000180025095e-35 -1.549938380718231 -0.76832804083824147 0.28815434873104101 -1.5623992681503294 1.2063207626342776
decision_type=2 2 2 2 2 2 2 2 2 2 2 2 2 2 2 2 2 2 2 2 2 2 2 2 2 2 2
left_child=3 2 24 8 5 7 -7 -5 10 15 18 -12 13 -6 -14 -10 17 -4 -1 22 -21 -22 26 -24 25 -2 -3
right_child=1 19 16 4 12 6 -8 -9 9 -11 11 -13 14 -15 -16 -17 -18 -19 -20 20 21 -23 23 -25 -26 -27 -28
leaf_value=-3.3304471821894141e-08 0 0 0 0 -1.7563576259013475e-08 3.6330838887464481e-08 -4.8438217422601634e-07 -3.1207378787442773e-07 1.3119699886972586e-07 6.4545397350751664e-07 0 -3.9145580305960228e-07 -1.7086257910717677e-07 3.2927245949140231e-07 1.2576836935997329e-08 -3.6466212243214458e-08 0 1.424879484059877e-07 7.5424324539662e-08 0 7.2696450755582449e-07 0 0 -1.0492460270988708e-07 0 -8.6069818002404982e-08 2.8145726474950423e-08
leaf_weight=29059 8963 823 14361 32079 17206 71524 7988 47403 24708 6546 10782 8920 21633 19458 46033 27142 8022 92198 19067 16568 1999 9043 78127 39441 4293 20722 15537
leaf_count=29059 8963 823 14361 32079 17206 71524 7988 47403 24708 6546 10782 8920 21633 19458 46033 27142 8022 92198 19067 16568 1999 9043 78127 39441 4293 20722 15537
internal_value=0 2.95744e-08 6.98133e-08 -2.6281e-08 -5.02295e-08 -1.01979e-07 0 -1.88009e-07 7.83461e-09 1.10916e-07 -5.14263e-08 -2.00916e-07 9.46495e-09 1.11957e-07 -1.65125e-08 4.85744e-09 1.06508e-07 1.2311e-07 0 0 4.91911e-08 2.1595e-07 -1.91046e-08 -3.71395e-08 0 -5.99644e-08 0
internal_weight=699645 310097 148559 389548 263324 158994 79512 79482 126224 58396 67828 19702 104330 36664 67666 51850 114581 106559 48126 161538 27610 11042 133928 117568 33978 29685 16360
internal_count=699645 310097 148559 389548 263324 158994 79512 79482 126224 58396 67828 19702 104330 36664 67666 51850 114581 106559 48126 161538 27610 11042 133928 117568 33978 29685 16360
is_linear=0
shrinkage=0.02


Tree=265
num_leaves=19
num_cat=0
split_feature=5 3 0 0 2 3 3 2 2 0 5 0 5 5 5 2 0 0
split_gain=6.51261e-07 5.24189e-07 5.1876e-07 1.6944e-06 1.28957e-06 1.07947e-06 1.51196e-06 1.55264e-06 8.8038e-07 8.63742e-07 1.55128e-06 6.28638e-07 5.40186e-07 5.26819e-07 3.65419e-07 2.81181e-07 1.1826e-08 5.42659e-08
threshold=-2.9997932910919185 -0.010151803027838467 -0.81292775273323048 -0.74753293395042408 0.35104535520076757 -0.0061258319765329352 -0.010839406400918959 0.24950165301561358 0.38169445097446447 -0.73982456326484669 2.0241403579711919 1.2033933997154238 -0.24259728938341138 -0.7426658272743224 2.2834680080413823 0.20991390198469165 1.2230691313743594 -0.77984917163848866
decision_type=2 2 2 2 2 2 2 2 2 2 2 2 2 2 2 2 2 2
left_child=1 16 5 4 15 6 13 -8 -6 10 -5 -11 -7 -2 -14 -4 17 -1
right_child=2 -3 3 9 8 12 7 -9 -10 11 -12 -13 14 -15 -16 -17 -18 -19
leaf_value=0 6.6310883457272116e-08 0 0 -3.0872297289798411e-07 -1.3751864209354113e-07 0 0 -1.4742026717217898e-07 5.245124025643607e-08 8.9961658391251307e-08 0 -6.4119664850116327e-09 1.9238180768396089e-07 -1.0771809976541457e-08 0 1.1367849627404415e-07 0 -5.4644447458475771e-07
leaf_weight=3571 45727 2649 2614 10154 16181 12717 49713 68084 16773 29941 820 222287 15702 84274 1436 115035 438 1610
leaf_count=3571 45727 2649 2614 10154 16181 12717 49713 68084 16773 29941 820 222287 15702 84274 1436 115035 438 1610
internal_value=0 -1.72022e-07 4.78597e-09 2.09888e-08 7.54912e-08 -1.2159e-08 -3.20117e-08 -8.53743e-08 0 -2.5985e-09 -1.7789e-07 0 8.56285e-08 9.57067e-10 1.59314e-07 1.08073e-07 -2.84353e-07 -2.97666e-07
internal_weight=699726 8268 691458 413805 150603 277653 247798 117797 32954 263202 10974 252228 29855 130001 17138 117649 5619 5181
internal_count=699726 8268 691458 413805 150603 277653 247798 117797 32954 263202 10974 252228 29855 130001 17138 117649 5619 5181
is_linear=0
shrinkage=0.02


Tree=266
num_leaves=28
num_cat=0
split_feature=1 3 3 3 1 5 5 3 2 2 2 2 2 1 5 1 2 2 2 2 3 2 3 3 2 1 1
split_gain=1.5819e-06 1.10119e-06 1.95434e-06 2.37481e-06 9.69458e-07 8.14426e-07 1.3213e-06 8.0235e-07 7.62861e-07 1.05653e-06 8.19231e-07 6.17917e-07 5.96849e-07 5.35004e-07 5.25169e-07 4.89227e-07 4.33555e-07 1.35902e-06 8.55051e-07 2.86317e-07 3.5478e-07 2.75338e-07 2.39301e-07 2.17754e-07 2.06246e-07 1.83211e-07 1.70191e-07
threshold=-0.010131907183676956 0.019835521467030052 -0.022610324434936043 -1.529495060443878 -0.022364044561982151 0.88717454671859752 -1.2630876898765562 0.16808518767356875 0.20794577896595004 0.21893128007650378 0.2490995451807976 0.20483652502298358 0.25548927485942846 -0.0074535734020173541 2.4006228446960454 -0.081132266670465455 0.21978401392698291 0.29999144375324255 0.20435421913862231 0.19769876450300219 -0.01908017601817846 0.276648759841919 1.5433971881866457 -1.5946172475814817 0.23735909163951877 -0.053514508530497544 -0.0071247143205255261
decision_type=2 2 2 2 2 2 2 2 2 2 2 2 2 2 2 2 2 2 2 2 2 2 2 2 2 2 2
left_child=1 2 3 23 -5 6 16 12 11 13 -11 -7 -3 -10 21 -14 18 -18 -2 -8 -21 -4 25 -1 -24 -9 -13
right_child=5 7 14 4 -6 8 19 22 9 10 -12 26 15 -15 -16 -17 17 -19 -20 20 -22 -23 24 -25 -26 -27 -28
leaf_value=0 0 0 -6.0651261135469975e-08 0 3.3267968469924942e-07 0 0 0 0 8.8895266468553654e-08 -2.8440289080232487e-08 0 0 -1.9112498633691775e-07 0 2.2308073920445005e-07 -1.4294029838209728e-07 1.3679256415880035e-08 1.925440498652467e-07 0 1.139159575623454e-07 -1.9653173308690784e-07 0 -8.4684396108896752e-08 5.2859993767451561e-08 -1.4581105930185881e-07 2.1932209372876312e-07
leaf_weight=20228 7565 1136 116671 17033 10983 16125 8642 4727 1150 31676 95662 925 2308 19145 3048 15609 31936 16756 10881 23953 111530 35897 17689 29384 29525 7949 11593
leaf_count=20228 7565 1136 116671 17033 10983 16125 8642 4727 1150 31676 95662 925 2308 19145 3048 15609 31936 16756 10881 23953 111530 35897 17689 29384 29525 7949 11593
internal_value=0 -3.08015e-08 -5.53759e-08 4.36918e-09 1.71891e-07 2.94704e-08 5.59928e-08 1.64711e-08 0 -2.06139e-08 0 9.19952e-08 1.34047e-07 -1.54643e-07 -9.80314e-08 1.8009e-07 0 -4.79697e-08 5.76833e-08 9.08997e-08 9.81587e-08 -1.05731e-07 0 -4.99182e-08 0 -8.68979e-08 1.97761e-07
internal_weight=699726 312187 233244 77628 28016 387539 211263 78943 176276 147633 127338 28643 19053 20295 155616 17917 67138 48692 18446 144125 135483 152568 59890 49612 47214 12676 12518
internal_count=699726 312187 233244 77628 28016 387539 211263 78943 176276 147633 127338 28643 19053 20295 155616 17917 67138 48692 18446 144125 135483 152568 59890 49612 47214 12676 12518
is_linear=0
shrinkage=0.02


Tree=267
num_leaves=26
num_cat=0
split_feature=1 4 2 2 4 4 2 1 1 1 2 3 1 1 2 3 1 2 4 3 3 2 3 1 4
split_gain=1.5266e-06 1.2719e-06 1.62547e-06 1.94579e-06 1.21291e-06 1.01014e-06 1.07157e-06 2.87151e-06 1.19492e-06 2.31094e-06 1.08692e-06 9.25329e-07 8.70033e-07 7.44592e-07 6.51422e-07 5.84753e-07 5.43168e-07 4.75776e-07 4.46383e-07 7.66453e-07 3.28353e-07 2.56638e-07 3.52247e-07 2.68847e-07 1.11557e-07
threshold=-0.010131907183676956 0.23688752204179767 0.23817130178213122 0.31593863666057592 -0.20670456439256665 -0.32000666856765742 0.2490995451807976 0.00062449972028844069 -0.00044116322533227498 0.010153800249099733 0.18808144330978396 -0.022610324434936043 -0.011561084073036907 0.33824791014194494 0.3372232466936112 -0.012610824778676031 -0.4755482673645019 0.24565702676773074 2.9999792575836186 -0.013833564706146715 -0.028692940250039097 0.38230906426906591 -0.0083053451962769014 0.62887588143348705 -0.22003575414419171
decision_type=2 2 2 2 2 2 2 2 2 2 2 2 2 2 2 2 2 2 2 2 2 2 2 2 2
left_child=1 4 18 12 16 21 7 10 15 -10 -7 20 -4 -9 -13 -8 24 -18 19 -3 -6 22 23 -2 -1
right_child=5 2 3 -5 11 6 8 13 9 -11 -12 14 -14 -15 -16 -17 17 -19 -20 -21 -22 -23 -24 -25 -26
leaf_value=-1.9576859628704062e-07 -7.6353891172132896e-08 0 2.5659390260934927e-07 0 -3.7014379657671633e-08 0 0 -7.811897279255391e-08 2.195651892321672e-07 0 1.8067560992846792e-07 -1.3780338901962262e-07 0 8.5593081389198901e-08 0 -7.4598433411624104e-08 5.915326013427886e-08 -1.1457649956768623e-08 0 -2.4695971821072503e-07 1.133045911099308e-07 0 0 0 0
leaf_weight=6809 63526 5256 27369 8504 26608 3933 35079 35244 27135 42798 83388 96113 2125 11296 3597 59001 52180 65931 991 8923 7391 2297 21434 2408 390
leaf_count=6809 63526 5256 27369 8504 26608 3933 35079 35244 27135 42798 83388 96113 2125 11296 3597 59001 52180 65931 991 8923 7391 2297 21434 2408 390
internal_value=0 -3.02196e-08 3.98785e-08 1.33347e-07 -5.23299e-08 2.89831e-08 4.88334e-08 9.22321e-08 1.21883e-09 7.40793e-08 1.61847e-07 -9.45162e-08 2.2203e-07 0 -1.25266e-07 -3.16825e-08 0 2.8042e-09 -6.24046e-08 -1.29457e-07 0 -1.46557e-08 -3.73552e-08 -6.31348e-08 -1.73352e-07
internal_weight=699726 312187 53168 37998 259019 387539 297874 133861 164013 69933 87321 133709 29494 46540 99710 94080 125310 118111 15170 14179 33999 89665 87368 65934 7199
internal_count=699726 312187 53168 37998 259019 387539 297874 133861 164013 69933 87321 133709 29494 46540 99710 94080 125310 118111 15170 14179 33999 89665 87368 65934 7199
is_linear=0
shrinkage=0.02


Tree=268
num_leaves=18
num_cat=0
split_feature=5 4 2 4 2 5 2 2 5 5 2 2 2 0 0 4 4
split_gain=6.22166e-07 8.15766e-07 3.16538e-06 3.63558e-06 3.18701e-06 2.15839e-06 1.92719e-06 1.69955e-06 2.61177e-06 1.89384e-06 3.19946e-06 2.21865e-06 1.5315e-06 1.40321e-06 1.28778e-06 3.38325e-07 3.05357e-07
threshold=-2.9997932910919185 0.18309029936790469 0.31830170750617987 0.98864674568176281 0.31380893290042883 0.6255820393562318 0.31593863666057592 0.3367739617824555 0.88717454671859752 1.3776112794876101 0.27489407360553747 0.26413430273532873 0.38847307860851293 -0.76371872425079335 -0.800277680158615 2.9999792575836186 -0.098992612212896333
decision_type=2 2 2 2 2 2 2 2 2 2 2 2 2 2 2 2 2
left_child=15 7 4 12 5 -3 -6 9 14 10 -2 -11 -4 -5 -9 16 -1
right_child=1 2 3 13 6 -7 -8 8 -10 11 -12 -13 -14 -15 -16 -17 -18
leaf_value=0 -1.6646096093127691e-09 1.3989262083333771e-07 -4.2197891478920114e-07 0 8.727329845996046e-07 -1.2066842689746544e-09 0 0 0 0 -1.4611955548309589e-07 1.6428797894087159e-07 0 3.0969545760632176e-07 4.4264348278156204e-07 0 -2.760512090109572e-07
leaf_weight=1326 296685 65106 13627 9692 3773 55555 1964 3038 12070 80689 89136 42370 1056 5852 10845 485 6457
leaf_count=1326 296685 65106 13627 9692 3773 55555 1964 3038 12070 80689 89136 42370 1056 5852 10845 485 6457
internal_value=0 4.54456e-09 4.60777e-08 -1.09086e-07 9.90068e-08 5.83521e-08 6.05437e-07 -3.87889e-09 1.47559e-07 -1.55325e-08 -4.02217e-08 4.56221e-08 -3.5148e-07 0 3.4052e-07 -1.68441e-07 -2.18009e-07
internal_weight=699726 691458 156625 30227 126398 120661 5737 534833 25953 508880 385821 123059 14683 15544 13883 8268 7783
internal_count=699726 691458 156625 30227 126398 120661 5737 534833 25953 508880 385821 123059 14683 15544 13883 8268 7783
is_linear=0
shrinkage=0.02


Tree=269
num_leaves=20
num_cat=0
split_feature=1 1 1 1 2 4 1 1 2 2 2 4 4 2 1 4 2 4 2
split_gain=1.48801e-06 8.26929e-07 1.51894e-06 3.37366e-06 2.88642e-06 1.6006e-06 8.8123e-07 1.41167e-06 1.38044e-06 8.45228e-07 9.8147e-07 5.84848e-07 1.30382e-06 8.60165e-07 3.38181e-07 1.65016e-07 1.20765e-07 1.28927e-08 8.5548e-10
threshold=-0.4755482673645019 -0.0066061720717698327 -0.023908871226012703 -0.016625771299004551 0.21033938229084018 -0.41602167487144465 -0.036897409707307809 -0.053514508530497544 0.26724930107593542 0.20794577896595004 0.19769876450300219 -0.098992612212896333 0.042121857404708869 0.31708136200904852 -0.0064672213047742835 2.9999792575836186 0.3372232466936112 -0.63389638066291798 0.18466155976057055
decision_type=2 2 2 2 2 2 2 2 2 2 2 2 2 2 2 2 2 2 2
left_child=15 2 6 5 -5 -4 7 -2 -8 10 -3 13 -13 -11 -12 16 17 -1 -19
right_child=1 9 3 4 -6 -7 8 -9 -10 11 14 12 -14 -15 -16 -17 -18 18 -20
leaf_value=0 7.0929250523134172e-08 0 0 -1.7497384353952661e-07 2.7093565267194189e-08 -2.5933307278697165e-07 0 -9.1575093148248227e-08 2.5055325884864166e-07 -4.7743126667525927e-08 0 1.3492043269046881e-07 0 7.4425382063049376e-08 2.0784170892426072e-07 0 0 0 -1.7305850650987315e-07
leaf_weight=259 52554 13711 5389 33820 162299 35969 20936 35806 17648 100531 5719 42646 97548 22582 27400 823 1354 291 22441
leaf_count=259 52554 13711 5389 33820 162299 35969 20936 35806 17648 100531 5719 42646 97548 22582 27400 823 1354 291 22441
internal_value=0 7.97681e-09 -8.2826e-09 -4.25202e-08 0 -2.07389e-07 4.00114e-08 0 1.20012e-07 3.35309e-08 1.18335e-07 1.08524e-08 4.26302e-08 -9.0891e-09 1.77917e-07 -1.48134e-07 -1.59364e-07 -1.70275e-07 -1.71903e-07
internal_weight=699726 674558 364421 237477 196119 41358 126944 88360 38584 310137 46830 263307 140194 123113 33119 25168 24345 22991 22732
internal_count=699726 674558 364421 237477 196119 41358 126944 88360 38584 310137 46830 263307 140194 123113 33119 25168 24345 22991 22732
is_linear=0
shrinkage=0.02


Tree=270
num_leaves=20
num_cat=0
split_feature=0 0 0 0 2 4 2 3 2 0 0 4 4 2 2 3 0 3 0
split_gain=3.95961e-07 6.06408e-07 1.53971e-06 1.55573e-06 1.27914e-06 1.25323e-06 1.1271e-06 1.24089e-06 2.26413e-06 8.37704e-07 5.3306e-07 4.90906e-07 4.4118e-07 4.32005e-07 2.41e-07 1.10644e-07 5.9182e-07 4.73867e-07 7.55915e-08
threshold=-0.83138933777809132 -0.81697812676429737 -0.74753293395042408 -0.73982456326484669 0.32023353874683386 -0.41602167487144465 0.2490995451807976 -0.011021239217370747 0.28713957965373998 -0.76602378487586964 1.2293903827667239 0.077253796160221114 1.3905907869338991 0.26515540480613714 0.27682664990425115 -0.013333744835108517 -0.82380205392837513 -0.015489713754504917 -0.81882670521736134
decision_type=2 2 2 2 2 2 2 2 2 2 2 2 2 2 2 2 2 2 2
left_child=11 6 4 12 5 -3 15 18 -9 -6 -5 -1 -4 -13 -15 17 -17 -2 -8
right_child=1 2 3 10 9 -7 7 8 -10 -11 -12 13 -14 14 -16 16 -18 -19 -20
leaf_value=0 0 0 -3.0235383884816543e-07 -2.0423163457509361e-08 -7.7201937275149642e-08 1.3257759453948036e-07 3.6077863020203251e-08 -2.2404186203262039e-07 0 7.4296286648872326e-08 4.6038208873495115e-08 0 0 3.6789965769124419e-07 0 0 9.076966929322236e-08 -1.0484042889079326e-07 0
leaf_weight=22736 14913 32825 9327 192975 36762 92526 23230 40722 27352 21010 62624 2097 1719 4613 1343 55125 33467 17722 6199
leaf_count=22736 14913 32825 9327 192975 36762 92526 23230 40722 27352 21010 62624 2097 1719 4613 1343 55125 33467 17722 6199
internal_value=7.88998e-10 0 1.0688e-08 -1.42176e-08 5.78745e-08 9.47363e-08 -2.95647e-08 -8.1146e-08 -1.29316e-07 0 0 7.18213e-08 -2.47417e-07 2.10012e-07 2.97735e-07 0 2.09846e-08 -1.26784e-08 0
internal_weight=699287 668498 449768 266645 183123 125351 218730 97503 68074 57772 255599 30789 11046 8053 5956 121227 88592 32635 29429
internal_count=699287 668498 449768 266645 183123 125351 218730 97503 68074 57772 255599 30789 11046 8053 5956 121227 88592 32635 29429
is_linear=0
shrinkage=0.02


Tree=271
num_leaves=28
num_cat=0
split_feature=1 1 1 2 2 1 2 2 1 4 2 1 2 3 4 2 1 1 1 2 1 3 2 2 3 2 2
split_gain=1.38289e-06 1.16055e-06 2.24161e-06 4.47178e-06 3.28752e-06 1.62425e-06 1.92489e-06 4.22326e-06 1.61165e-06 1.60531e-06 1.45636e-06 1.052e-06 9.76376e-07 9.495e-07 8.31524e-07 1.12912e-06 2.93762e-06 1.25067e-06 2.34236e-06 1.08615e-06 9.53618e-07 6.17921e-07 1.7941e-07 3.23781e-07 2.10156e-07 4.44735e-08 2.64175e-12
threshold=-0.010131907183676956 -0.023908871226012703 -0.016625771299004551 0.2106181010603905 0.26254323124885565 -0.043180983513593667 0.26817244291305548 0.28437720239162451 -0.014219467062503098 -0.41602167487144465 0.29303336143493658 -0.081132266670465455 0.26379968225955969 -0.023251088336110112 -0.32000666856765742 0.2490995451807976 0.00062449972028844069 -0.00044116322533227498 0.010153800249099733 0.18808144330978396 0.33824791014194494 -0.012303462717682121 0.38230906426906591 0.30784957110881811 1.534297049045563 0.2229886129498482 0.24338329583406451
decision_type=2 2 2 2 2 2 2 2 2 2 2 2 2 2 2 2 2 2 2 2 2 2 2 2 2 2 2
left_child=1 5 9 8 -5 10 26 -8 -4 -3 12 -12 -1 -11 22 16 19 21 -19 -16 -18 -17 23 25 -25 -2 -7
right_child=14 2 3 4 -6 6 7 -9 -10 13 11 -13 -14 -15 15 17 20 18 -20 -21 -22 -23 -24 24 -26 -27 -28
leaf_value=0 -2.4513889588144942e-08 0 0 9.108027271643521e-08 -1.7790464503234855e-07 0 4.1922075490077931e-07 0 -5.2860141555058376e-07 0 0 2.4563486721289208e-07 -1.9001206942036139e-07 -3.2351968699045304e-07 0 0 -8.7745650233282864e-08 2.200036445897051e-07 0 1.8034899392375033e-07 9.9136464074834736e-08 -8.3680715360379953e-08 0 -1.386653764053142e-07 0 0 -2.5256062129135232e-10
leaf_weight=45668 29603 5410 3941 86004 20439 11161 17016 10209 8553 10919 14969 8312 27997 24999 3952 41489 35162 27171 42734 83175 11266 52732 2283 15170 481 41906 16566
leaf_count=45668 29603 5410 3941 86004 20439 11161 17016 10209 8553 10919 14969 8312 27997 24999 3952 41489 35162 27171 42734 83175 11266 52732 2283 15170 481 41906 16566
internal_value=7.40286e-10 -2.74735e-08 -6.60815e-08 -3.97303e-09 2.06408e-08 9.44015e-11 9.83235e-08 2.18619e-07 -3.73745e-07 -1.96428e-07 -3.49549e-08 5.88838e-08 -9.17615e-08 -2.49546e-07 2.86572e-08 4.65186e-08 9.05817e-08 0 7.35523e-08 1.61443e-07 0 -3.59964e-08 -8.42793e-09 -2.99374e-08 -1.15179e-07 0 0
internal_weight=699287 312163 160265 118937 106443 151898 54952 27225 12494 41328 96946 23281 73665 35918 387124 297681 133555 164126 69905 87127 46428 94221 89443 87160 15651 71509 27727
internal_count=699287 312163 160265 118937 106443 151898 54952 27225 12494 41328 96946 23281 73665 35918 387124 297681 133555 164126 69905 87127 46428 94221 89443 87160 15651 71509 27727
is_linear=0
shrinkage=0.02


Tree=272
num_leaves=17
num_cat=0
split_feature=5 4 5 2 2 5 2 2 2 3 4 2 3 2 2 4
split_gain=6.69781e-07 6.96246e-07 2.18581e-06 1.81042e-06 4.02366e-06 5.43419e-07 5.30238e-07 4.64436e-07 5.64441e-07 3.00185e-07 5.36397e-07 2.75245e-07 1.80237e-07 1.29307e-07 3.93595e-08 1.08655e-08
threshold=-2.9997932910919185 1.3905907869338991 1.3776112794876101 0.27550996840000158 0.38251720368862158 2.3578623533248906 0.29978042840957647 0.38847307860851293 0.27489407360553747 -0.010151803027838467 -0.12117508053779601 0.22717908769845965 -0.0078230686485767347 0.34787845611572271 0.25626331567764288 2.9999792575836186
decision_type=2 2 2 2 2 2 2 2 2 2 2 2 2 2 2 2
left_child=9 5 3 14 -5 7 12 8 -2 10 -1 -4 -7 -13 -3 -12
right_child=1 2 11 4 -6 6 -8 -9 -10 -11 15 13 -14 -15 -16 -17
leaf_value=0 2.8964026945768153e-10 3.9026108966881124e-08 0 5.4232814981901344e-07 0 1.8599680223970195e-07 0 2.1833341221924809e-07 -3.8070210436784454e-08 0 -3.6720106691780695e-07 -1.5065117278147901e-07 0 0 0 0
leaf_weight=828 439986 10337 3278 11910 2880 14304 4606 3272 180941 2588 4348 7318 6265 2668 3383 375
leaf_count=828 439986 10337 3278 11910 2880 14304 4606 3272 180941 2588 4348 7318 6265 2668 3383 375
internal_value=5.34149e-10 5.48691e-09 8.46456e-08 2.02523e-07 3.57808e-07 0 9.14751e-08 -3.27879e-09 -7.66761e-09 -1.74312e-07 -2.57257e-07 -1.79408e-08 1.43362e-07 -1.07017e-07 0 -3.51014e-07
internal_weight=699287 691148 41774 28510 14790 649374 25175 624199 620927 8139 5551 13264 20569 9986 13720 4723
internal_count=699287 691148 41774 28510 14790 649374 25175 624199 620927 8139 5551 13264 20569 9986 13720 4723
is_linear=0
shrinkage=0.02


Tree=273
num_leaves=17
num_cat=0
split_feature=5 4 5 0 0 5 0 0 3 3 4 0 3 4 0 4
split_gain=6.4101e-07 6.49578e-07 2.09456e-06 5.37517e-07 6.23903e-07 5.1744e-07 3.72553e-07 6.76337e-07 4.50231e-07 2.87088e-07 5.21509e-07 2.2778e-07 6.9966e-07 1.73357e-07 1.52869e-07 8.32761e-09
threshold=-2.9997932910919185 1.3905907869338991 1.3776112794876101 1.235261917114258 -0.82431402802467335 2.3578623533248906 -0.8291628062725066 -0.81697812676429737 -0.012853075750172136 -0.010151803027838467 -0.12117508053779601 -0.76158341765403736 -0.0076516193803399793 0.94587191939353954 -0.82380205392837513 2.9999792575836186
decision_type=2 2 2 2 2 2 2 2 2 2 2 2 2 2 2 2
left_child=9 5 3 4 -3 6 8 -8 -2 10 -1 12 -4 14 -7 -12
right_child=1 2 11 -5 -6 13 7 -9 -10 -11 15 -13 -14 -15 -16 -17
leaf_value=0 0 0 -2.4431212744499626e-07 0 2.6186116327582138e-07 0 -4.2294912995164293e-08 0 9.2626992743029355e-08 0 -3.5985721578833457e-07 0 0 0 1.2805887053904579e-07 0
leaf_weight=828 8699 3972 6274 1511 23027 3503 184565 398833 32102 2588 4348 5695 1295 1456 20216 375
leaf_count=828 8699 3972 6274 1511 23027 3503 184565 398833 32102 2588 4348 5695 1295 1456 20216 375
internal_value=5.11917e-10 5.41821e-09 8.18878e-08 1.97709e-07 2.21901e-07 0 -3.08505e-09 -1.01096e-08 4.83384e-08 -1.70389e-07 -2.51505e-07 -1.62784e-08 -1.11811e-07 8.93615e-08 1.06767e-07 -3.44253e-07
internal_weight=699287 691148 41774 28510 26999 649374 624199 583398 40801 8139 5551 13264 7569 25175 23719 4723
internal_count=699287 691148 41774 28510 26999 649374 624199 583398 40801 8139 5551 13264 7569 25175 23719 4723
is_linear=0
shrinkage=0.02


Tree=274
num_leaves=31
num_cat=0
split_feature=1 3 3 0 3 0 2 1 0 1 2 0 2 1 1 1 2 1 1 0 0 2 0 3 2 2 3 1 0 2
split_gain=1.33632e-06 1.13071e-06 1.75701e-06 2.35696e-06 2.31451e-06 1.44233e-06 1.41936e-06 1.20613e-06 9.99254e-07 2.33746e-06 1.54352e-06 7.46005e-07 6.72249e-07 1.86571e-06 1.74107e-06 1.4929e-06 2.78371e-06 1.22245e-06 1.91407e-06 1.20322e-06 1.06004e-06 1.02784e-06 8.25843e-07 6.38551e-07 4.07207e-07 3.84298e-07 3.06051e-07 2.98769e-07 4.84333e-08 3.82159e-08
threshold=-0.010131907183676956 0.0078098736703395852 -0.022610324434936043 -0.74753293395042408 -1.529495060443878 -0.81250971555709828 0.19532891362905505 -0.022364044561982151 1.2033933997154238 -0.045517876744270318 0.25548927485942846 1.2221465110778811 0.2490995451807976 0.00062449972028844069 0.33824791014194494 -0.0062610872555524102 0.22911778092384341 -0.00044116322533227498 0.010153800249099733 -0.81697812676429737 -0.7417098581790923 0.25395394861698156 1.2139123082160952 -0.0092558162286877615 0.23817130178213122 0.29508076608181005 1.5666375756263735 -0.050871439278125756 -0.82973113656043995 0.23645998537540439
decision_type=2 2 2 2 2 2 2 2 2 2 2 2 2 2 2 2 2 2 2 2 2 2 2 2 2 2 2 2 2 2
left_child=1 2 4 5 11 -4 -5 -6 9 25 -11 -1 13 15 24 16 -2 19 21 23 -21 -19 -17 -14 -15 -3 27 -10 -16 -28
right_child=12 8 3 6 7 -7 -8 -9 26 10 -12 -13 17 14 28 22 -18 18 -20 20 -22 -23 -24 -25 -26 -27 29 -29 -30 -31
leaf_value=-1.3233490289475387e-07 0 -1.1921178335176487e-07 -1.1620775632172091e-07 0 0 0 -6.1576295199842078e-07 3.4104438820304277e-07 0 0 3.401299267874876e-07 0 -1.7089300693666631e-07 -1.2412837142441939e-07 0 2.4422029617331285e-07 3.7023315806857528e-07 0 0 6.0019066381890658e-08 -8.0407192459165782e-08 2.2001777915593344e-07 0 0 0 2.2499262659679529e-08 0 -1.0921815554397896e-07 1.5338009839170901e-07 3.2419682685338619e-08
leaf_weight=24891 65443 10655 81395 1203 17055 61385 6174 10926 8879 798 17161 24978 30806 37364 449 37176 8317 1823 54212 53009 36048 31044 5633 4817 8006 4533 7285 20301 12977 14544
leaf_count=24891 65443 10655 81395 1203 17055 61385 6174 10926 8879 798 17161 24978 30806 37364 449 37176 8317 1823 54212 53009 36048 31044 5633 4817 8006 4533 7285 20301 12977 14544
internal_value=4.92223e-10 -2.72142e-08 -5.33926e-08 -9.49141e-08 1.00378e-09 -6.0479e-08 -4.90278e-07 1.67855e-07 1.99464e-08 1.14287e-07 2.75988e-07 -5.251e-08 2.8e-08 5.71321e-08 -6.26723e-09 1.06267e-07 1.89764e-08 0 6.11872e-08 -3.61535e-08 0 1.82246e-07 2.0995e-07 -1.34482e-07 -9.53881e-08 0 -2.14972e-09 -6.48338e-08 1.45931e-07 0
internal_weight=699287 312163 228007 150157 77850 142780 7377 27981 84156 33147 17959 49869 387124 175365 58796 116569 73760 211759 87079 124680 89057 32867 42809 35623 45370 15188 51009 29180 13426 21829
internal_count=699287 312163 228007 150157 77850 142780 7377 27981 84156 33147 17959 49869 387124 175365 58796 116569 73760 211759 87079 124680 89057 32867 42809 35623 45370 15188 51009 29180 13426 21829
is_linear=0
shrinkage=0.02


Tree=275
num_leaves=14
num_cat=0
split_feature=1 5 1 5 1 1 1 5 0 3 5 3 1
split_gain=1.22398e-06 1.25835e-06 6.07492e-07 1.0791e-06 6.96597e-07 3.05306e-06 9.1633e-07 5.74752e-07 2.67031e-07 1.92792e-07 1.55065e-07 4.6096e-08 2.6424e-08
threshold=-0.4755482673645019 -2.5857044458389278 0.28815434873104101 0.79872074723243724 -0.023908871226012703 -0.016625771299004551 -0.043180983513593667 -1.8622773885726926 -0.82539144158363331 1.5450865626335146 2.4006228446960454 1.585928797721863 0.54579138755798351
decision_type=2 2 2 2 2 2 2 2 2 2 2 2 2
left_child=7 8 4 -4 6 -6 -3 -1 -2 12 11 -9 -10
right_child=1 2 3 -5 5 -7 -8 10 9 -11 -12 -13 -14
leaf_value=0 0 0 2.207305113463326e-07 0 -1.7425045571585364e-07 7.6363467868022037e-09 1.1072272479592366e-07 -1.9727200693146677e-07 -2.1695260761672601e-07 0 0 0 0
leaf_weight=4386 2161 69035 15549 17282 39449 462875 53197 20187 13144 2013 449 214 233
leaf_count=4386 2161 69035 15549 17282 39449 462875 53197 20187 13144 2013 449 214 233
internal_value=0 4.61113e-09 1.19271e-08 9.96387e-08 4.11409e-09 -2.6663e-09 4.8341e-08 -1.37229e-07 -1.5546e-07 -1.85747e-07 -1.83901e-07 -1.93918e-07 -2.1321e-07
internal_weight=700174 674938 657387 32831 624556 502324 122232 25236 17551 15390 20850 20401 13377
internal_count=700174 674938 657387 32831 624556 502324 122232 25236 17551 15390 20850 20401 13377
is_linear=0
shrinkage=0.02


Tree=276
num_leaves=14
num_cat=0
split_feature=1 1 1 1 0 3 1 1 3 4 4 3 4
split_gain=1.16853e-06 7.024e-07 5.78397e-07 3.45527e-06 3.03192e-06 1.15903e-06 8.85338e-07 2.16678e-06 3.97699e-07 2.04225e-07 1.79032e-07 3.42164e-08 3.21793e-09
threshold=-0.4755482673645019 0.28815434873104101 -0.023908871226012703 -0.016625771299004551 -0.82308480143547047 -0.010839406400918959 -0.043180983513593667 -0.053514508530497544 -0.0061258319765329352 0.40581038594245916 0.8009973168373109 1.585928797721863 -0.62016034126281727
decision_type=2 2 2 2 2 2 2 2 2 2 2 2 2
left_child=9 2 6 4 -4 -5 7 -2 -8 11 -3 12 -1
right_child=1 10 3 5 -6 -7 8 -9 -10 -11 -12 -13 -14
leaf_value=0 5.8553305047512278e-08 1.142200170462512e-07 1.0302076330763439e-08 3.0786021132902241e-08 -2.7042706590988032e-07 -3.2178542687800685e-08 0 -1.8734336577395262e-07 1.7912759359318429e-07 0 0 0 -1.698096147065224e-07
leaf_weight=385 52365 28081 5488 286128 36099 187104 33180 19579 21741 5558 5173 209 19084
leaf_count=385 52365 28081 5488 286128 36099 187104 33180 19579 21741 5558 5173 209 19084
internal_value=0 4.51834e-09 0 -9.55214e-09 -1.85289e-07 1.66516e-09 3.81234e-08 0 9.90219e-08 -1.34073e-07 9.41448e-08 -1.64936e-07 -1.67926e-07
internal_weight=700174 674938 641684 514819 41587 473232 126865 71944 54921 25236 33254 19678 19469
internal_count=700174 674938 641684 514819 41587 473232 126865 71944 54921 25236 33254 19678 19469
is_linear=0
shrinkage=0.02


Tree=277
num_leaves=18
num_cat=0
split_feature=1 5 2 2 1 2 4 1 1 5 2 4 2 2 4 5 2
split_gain=1.12569e-06 1.20351e-06 6.27026e-07 1.7608e-06 1.9906e-06 1.25649e-06 2.22228e-06 1.18956e-06 6.73775e-07 5.50818e-07 4.7312e-07 6.02563e-07 5.77291e-07 2.22006e-07 2.4595e-07 1.79854e-07 4.86195e-08
threshold=-0.4755482673645019 -2.5857044458389278 0.24565702676773074 0.23817130178213122 -0.016949015669524666 0.25084936618804937 0.7047223448753358 -0.019502669572830197 -0.012805345468223093 -1.8622773885726926 0.27360902726650244 2.7072849273681645 0.19769876450300219 0.29303336143493658 2.9999792575836186 2.4006228446960454 0.31830170750617987
decision_type=2 2 2 2 2 2 2 2 2 2 2 2 2 2 2 2 2
left_child=9 10 3 8 -5 6 -4 -7 -3 -1 11 12 -2 14 15 -11 -12
right_child=1 2 5 4 -6 7 -8 -9 -10 13 16 -13 -14 -15 -16 -17 -18
leaf_value=0 0 -2.8449745017522708e-08 -2.3084403669050793e-07 0 2.5178486506511186e-07 6.9265372808978078e-08 6.8599623798719182e-08 -1.135215900166921e-08 3.6099465868410461e-08 -2.4972600339302054e-07 7.4874792631370484e-08 0 -2.9386400028869404e-07 0 0 0 -4.8375323041107411e-08
leaf_weight=4386 308 80568 25725 7538 28874 94040 2723 252272 165647 14686 2740 416 12341 5437 387 340 1746
leaf_count=4386 308 80568 25725 7538 28874 94040 2723 252272 165647 14686 2740 416 12341 5437 387 340 1746
internal_value=0 4.53072e-09 1.17474e-08 3.47608e-08 1.68535e-07 -2.71621e-10 -1.31878e-07 4.76417e-09 6.85429e-09 -1.31505e-07 -1.5182e-07 -2.13186e-07 -2.569e-07 -1.77478e-07 -2.19934e-07 -2.3699e-07 0
internal_weight=700174 674938 657387 282627 36412 374760 28448 346312 246215 25236 17551 13065 12649 20850 15413 15026 4486
internal_count=700174 674938 657387 282627 36412 374760 28448 346312 246215 25236 17551 13065 12649 20850 15413 15026 4486
is_linear=0
shrinkage=0.02


Tree=278
num_leaves=18
num_cat=0
split_feature=1 5 2 2 1 2 4 1 1 5 2 4 2 2 4 5 2
split_gain=1.07561e-06 1.14308e-06 5.996e-07 1.67491e-06 1.93045e-06 1.18015e-06 2.15999e-06 1.19269e-06 6.4842e-07 5.34069e-07 4.49339e-07 5.86743e-07 5.63912e-07 2.06663e-07 2.39718e-07 1.75203e-07 4.66943e-08
threshold=-0.4755482673645019 -2.5857044458389278 0.24565702676773074 0.23817130178213122 -0.016949015669524666 0.25084936618804937 0.7047223448753358 -0.00044116322533227498 -0.012805345468223093 -1.8622773885726926 0.27360902726650244 2.7072849273681645 0.19769876450300219 0.29303336143493658 2.9999792575836186 2.4006228446960454 0.31830170750617987
decision_type=2 2 2 2 2 2 2 2 2 2 2 2 2 2 2 2 2
left_child=9 10 3 8 -5 6 -4 -7 -3 -1 11 12 -2 14 15 -11 -12
right_child=1 2 5 4 -6 7 -8 -9 -10 13 16 -13 -14 -15 -16 -17 -18
leaf_value=0 0 -2.7880750581710613e-08 -2.2622717261380716e-07 0 2.4674918495906064e-07 -9.9898300169519541e-09 6.7227685586085105e-08 7.3898671477512829e-08 3.5377476456311769e-08 -2.4473151623143925e-07 7.3377354810521721e-08 0 -2.879867662002713e-07 0 0 0 -4.7407877945595012e-08
leaf_weight=4386 308 80568 25725 7538 28874 262433 2723 83879 165647 14686 2740 416 12341 5437 387 340 1746
leaf_count=4386 308 80568 25725 7538 28874 262433 2723 83879 165647 14686 2740 416 12341 5437 387 340 1746
internal_value=0 4.37219e-09 1.14779e-08 3.39854e-08 1.64542e-07 -1.59454e-10 -1.27835e-07 4.55338e-09 6.55475e-09 -1.28598e-07 -1.47825e-07 -2.07635e-07 -2.51166e-07 -1.7396e-07 -2.15175e-07 -2.32108e-07 0
internal_weight=700174 674938 657387 282627 36412 374760 28448 346312 246215 25236 17551 13065 12649 20850 15413 15026 4486
internal_count=700174 674938 657387 282627 36412 374760 28448 346312 246215 25236 17551 13065 12649 20850 15413 15026 4486
is_linear=0
shrinkage=0.02


Tree=279
num_leaves=18
num_cat=0
split_feature=1 5 2 2 1 2 4 1 1 5 2 4 2 2 4 5 2
split_gain=1.02765e-06 1.08537e-06 5.73338e-07 1.59285e-06 1.87225e-06 1.10764e-06 2.09937e-06 1.15646e-06 6.24012e-07 5.17873e-07 4.26628e-07 5.71304e-07 5.5085e-07 1.92068e-07 2.33653e-07 1.70686e-07 4.48453e-08
threshold=-0.4755482673645019 -2.5857044458389278 0.24565702676773074 0.23817130178213122 -0.016949015669524666 0.25084936618804937 0.7047223448753358 -0.019502669572830197 -0.012805345468223093 -1.8622773885726926 0.27360902726650244 2.7072849273681645 0.19769876450300219 0.29303336143493658 2.9999792575836186 2.4006228446960454 0.31830170750617987
decision_type=2 2 2 2 2 2 2 2 2 2 2 2 2 2 2 2 2
left_child=9 10 3 8 -5 6 -4 -7 -3 -1 11 12 -2 14 15 -11 -12
right_child=1 2 5 4 -6 7 -8 -9 -10 13 16 -13 -14 -15 -16 -17 -18
leaf_value=0 0 -2.7323136711968438e-08 -2.2170264733696334e-07 0 2.4181421836669609e-07 6.8079864210741355e-08 6.5883178533547435e-08 -1.1483167442538104e-08 3.4669927884366677e-08 -2.3983692004149017e-07 7.1909854278694115e-08 0 -2.8222707854932336e-07 0 0 0 -4.6459767988769064e-08
leaf_weight=4386 308 80568 25725 7538 28874 94040 2723 252272 165647 14686 2740 416 12341 5437 387 340 1746
leaf_count=4386 308 80568 25725 7538 28874 94040 2723 252272 165647 14686 2740 416 12341 5437 387 340 1746
internal_value=0 4.21682e-09 1.12139e-08 3.32255e-08 1.60629e-07 -4.95299e-11 -1.23872e-07 4.34681e-09 6.26119e-09 -1.2575e-07 -1.43909e-07 -2.02194e-07 -2.45547e-07 -1.70513e-07 -2.10512e-07 -2.27325e-07 0
internal_weight=700174 674938 657387 282627 36412 374760 28448 346312 246215 25236 17551 13065 12649 20850 15413 15026 4486
internal_count=700174 674938 657387 282627 36412 374760 28448 346312 246215 25236 17551 13065 12649 20850 15413 15026 4486
is_linear=0
shrinkage=0.02


Tree=280
num_leaves=15
num_cat=0
split_feature=4 2 0 0 3 3 4 4 3 4 0 2 0 2
split_gain=4.35939e-07 2.28705e-06 3.84004e-07 1.27728e-06 8.60381e-07 1.36353e-06 1.13365e-06 6.77326e-07 6.44476e-07 3.32518e-07 4.48889e-07 4.73248e-07 3.14799e-07 1.51928e-07
threshold=2.9999792575836186 0.25626331567764288 1.2293903827667239 1.2137084603309634 -0.0061258319765329352 -0.010839406400918959 0.077253796160221114 -0.48997050523757929 -1.5946172475814817 -0.47316445410251612 1.2925076484680178 0.2106181010603905 1.2230691313743594 0.20226748287677768
decision_type=2 2 2 2 2 2 2 2 2 2 2 2 2 2
left_child=2 12 3 4 5 -1 -6 -5 -9 -4 11 -11 13 -2
right_child=1 -3 9 7 6 -7 -8 8 -10 10 -12 -13 -14 -15
leaf_value=9.4534960850045271e-09 0 0 0 0 0 -6.3942611912368831e-08 1.7992194012068892e-07 0 -1.2335572669344117e-07 0 0 1.1376063506374858e-07 0 5.2404518292397306e-07
leaf_weight=324844 238 9919 7795 8339 55208 132479 23858 7065 71313 1854 4889 47192 204 4643
leaf_count=324844 238 9919 7795 8339 55208 132479 23858 7065 71313 1854 4889 47192 204 4643
internal_value=0 1.07562e-07 -1.07015e-09 -8.54641e-09 0 -7.43489e-09 6.35058e-08 -8.01034e-08 -1.02742e-07 4.19965e-08 6.69677e-08 9.26966e-08 4.62644e-07 4.98781e-07
internal_weight=699840 15004 684836 623106 536389 457323 79066 86717 78378 61730 53935 49046 5085 4881
internal_count=699840 15004 684836 623106 536389 457323 79066 86717 78378 61730 53935 49046 5085 4881
is_linear=0
shrinkage=0.02


Tree=281
num_leaves=31
num_cat=0
split_feature=1 3 3 0 3 2 0 0 1 2 1 2 1 1 2 1 2 1 1 2 2 2 2 0 2 2 1 3 1 0
split_gain=1.148e-06 1.36912e-06 1.82467e-06 2.39936e-06 2.1802e-06 1.60943e-06 1.35569e-06 1.15587e-06 2.11542e-06 1.46681e-06 9.65032e-07 5.37084e-07 1.73095e-06 1.4182e-06 2.67171e-06 1.04936e-06 1.01936e-06 1.21173e-06 1.63494e-06 9.47645e-07 7.04413e-07 6.95748e-07 4.51533e-07 4.25338e-07 3.19127e-07 2.15013e-07 2.00385e-07 1.43891e-07 2.28094e-07 5.2474e-08
threshold=-0.010131907183676956 0.0078098736703395852 -0.022610324434936043 -0.74753293395042408 -1.5209892392158506 0.19532891362905505 -0.81292775273323048 1.2033933997154238 -0.045517876744270318 0.25548927485942846 -0.021635770797729489 0.24565702676773074 0.00062449972028844069 -0.0062610872555524102 0.22911778092384341 0.33824791014194494 0.28713957965373998 -0.0052821983117610207 0.042436886578798301 0.22869872301816943 0.23939661681652072 0.28286364674568182 0.26515540480613714 1.2221465110778811 0.29508076608181005 0.28651750087738043 -0.0062420733738690606 1.5666375756263735 -0.053514508530497544 -0.82973113656043995
decision_type=2 2 2 2 2 2 2 2 2 2 2 2 2 2 2 2 2 2 2 2 2 2 2 2 2 2 2 2 2 2
left_child=1 2 4 6 23 -5 -4 8 24 -10 -6 12 13 14 -2 20 21 26 -19 -15 -14 22 -13 -1 -3 -23 -18 28 -9 -17
right_child=11 7 3 5 10 -7 -8 27 9 -11 -12 16 15 19 -16 29 17 18 -20 -21 -22 25 -24 -25 -26 -27 -28 -29 -30 -31
leaf_value=-1.0373131530180724e-07 0 -1.0010023140063185e-07 -1.1792791843901178e-07 0 0 -6.3224355210068138e-07 0 0 0 3.3831492365639435e-07 3.3295800281033608e-07 -5.674492413988158e-08 -1.2646537168225262e-07 2.4905114487271529e-07 4.1277014351772385e-07 0 0 1.562942889408267e-07 0 0 0 -4.3426429536478219e-07 8.3047353755250928e-09 0 6.5823520232897135e-08 0 -4.969066066207819e-08 0 -8.531799690919096e-08 9.9855716756142136e-08
leaf_weight=26313 65662 10765 80363 1204 15175 6189 62815 8757 784 17103 10329 58629 38038 33228 6354 448 11808 55566 18883 7544 5232 2875 37413 25735 4566 972 32623 21858 20441 12168
leaf_count=26313 65662 10765 80363 1204 15175 6189 62815 8757 784 17103 10329 58629 38038 33228 6354 448 11808 55566 18883 7544 5232 2875 37413 25735 4566 972 32623 21858 20441 12168
internal_value=0 -2.71699e-08 -5.6021e-08 -9.79903e-08 0 -4.9755e-07 -6.339e-08 2.71955e-08 1.25678e-07 2.76837e-07 1.7252e-07 2.42897e-08 5.12724e-08 1.00032e-07 1.39038e-08 -1.13465e-08 0 4.29299e-08 9.72003e-08 2.03108e-07 -8.68784e-08 -4.34579e-08 -1.05808e-08 -4.65944e-08 0 -3.44357e-07 -2.99258e-09 0 -4.43987e-08 8.91817e-08
internal_weight=699840 312397 228123 150571 77552 7393 143178 84274 33218 17887 25504 387443 168674 112788 72016 55886 218769 118880 74449 40772 43270 99889 96042 52048 15331 3847 44431 51056 29198 12616
internal_count=699840 312397 228123 150571 77552 7393 143178 84274 33218 17887 25504 387443 168674 112788 72016 55886 218769 118880 74449 40772 43270 99889 96042 52048 15331 3847 44431 51056 29198 12616
is_linear=0
shrinkage=0.02


Tree=282
num_leaves=26
num_cat=0
split_feature=1 1 2 1 2 1 4 1 4 2 4 5 5 4 5 2 4 4 2 4 5 2 1 5 4
split_gain=1.09843e-06 1.344e-06 2.21158e-06 3.78022e-06 3.44756e-06 1.7113e-06 1.35199e-06 1.26944e-06 1.12578e-06 1.2494e-06 7.5155e-07 1.38551e-06 2.14357e-06 1.45445e-06 9.18367e-07 6.82461e-07 6.48848e-07 4.82675e-07 3.76981e-07 3.04743e-07 2.3535e-07 2.19966e-07 2.79803e-07 3.11729e-07 2.07412e-07
threshold=-0.010131907183676956 -0.022364044561982151 0.2106181010603905 -0.016625771299004551 0.26220518350601202 -0.014219467062503098 -0.41602167487144465 -0.27149467170238489 0.23688752204179767 0.32098624110221868 -0.32000666856765742 0.6255820393562318 -1.4199540615081785 0.25969775021076208 2.1655551195144658 0.19769876450300219 -0.11830182746052741 -0.48106317222118372 0.21978401392698291 0.57756355404853832 -1.7752075791358946 0.38230906426906591 0.24620272219181064 -1.5122827291488645 -0.23723077774047849
decision_type=2 2 2 2 2 2 2 2 2 2 2 2 2 2 2 2 2 2 2 2 2 2 2 2 2
left_child=1 7 5 6 -5 -3 -4 19 24 -10 21 12 18 16 -15 -14 -13 -7 -12 20 -1 22 23 -2 -9
right_child=10 2 3 4 -6 17 -8 8 9 -11 11 13 15 14 -16 -17 -18 -19 -20 -21 -22 -23 -24 -25 -26
leaf_value=0 0 0 0 8.5578252337589191e-08 -1.9331169849209027e-07 0 -2.7256008372221918e-07 4.0729217961426732e-08 2.4190719207852097e-07 0 5.0181189519945863e-08 0 0 -1.4659736596131617e-07 0 1.5203730665394819e-07 8.7884943739724792e-08 -5.3837396681142041e-07 -5.8064965261076898e-08 0 -1.4701811653207412e-07 0 0 -6.7297827818452262e-08 -9.8197152057262982e-09
leaf_weight=5245 6225 7365 3998 85796 20559 264 28860 46966 20430 3870 13129 46077 7097 36451 10496 94791 55064 8314 34919 6100 22214 2289 6367 74538 52416
leaf_count=5245 6225 7365 3998 85796 20559 264 28860 46966 20430 3870 13129 46077 7097 36451 10496 94791 55064 8314 34919 6100 22214 2289 6367 74538 52416
internal_value=0 -2.65672e-08 -6.98167e-08 -2.79426e-08 1.28622e-08 -3.10009e-07 -2.20888e-07 3.3896e-09 4.45504e-08 1.69213e-07 2.37682e-08 4.12259e-08 8.41099e-08 0 -9.41349e-08 1.37208e-07 4.04837e-08 -5.08349e-07 0 -8.87122e-08 -1.18564e-07 -1.20498e-08 -3.40417e-08 -5.13419e-08 0
internal_weight=699840 312397 155156 139213 106355 15943 32858 157241 123682 24300 387443 298024 149936 148088 46947 101888 101141 8578 48048 33559 27459 89419 87130 80763 99382
internal_count=699840 312397 155156 139213 106355 15943 32858 157241 123682 24300 387443 298024 149936 148088 46947 101888 101141 8578 48048 33559 27459 89419 87130 80763 99382
is_linear=0
shrinkage=0.02


Tree=283
num_leaves=16
num_cat=0
split_feature=5 0 3 0 0 2 0 3 0 2 3 2 3 5 0
split_gain=4.05308e-07 4.74025e-07 6.28135e-07 3.48288e-07 7.82008e-07 1.37159e-06 1.29253e-06 1.23325e-06 9.27772e-07 7.75193e-07 3.58625e-07 3.28473e-07 1.64928e-07 1.32298e-07 1.03048e-07
threshold=-2.9997932910919185 -0.77984917163848866 1.5499454140663149 -0.83138933777809132 -0.81697812676429737 0.2490995451807976 -0.74753293395042408 -0.011021239217370747 -0.73982456326484669 0.35104535520076757 0.049615744501352317 0.18808144330978396 -0.020005658268928524 -1.5122827291488645 1.2230691313743594
decision_type=2 2 2 2 2 2 2 2 2 2 2 2 2 2 2
left_child=1 -1 14 10 5 13 9 -7 -8 -6 11 -2 -13 -5 -3
right_child=3 2 -4 4 6 7 8 -9 -10 -11 -12 12 -14 -15 -16
leaf_value=0 0 -5.4237450211635864e-07 0 5.1650905817175529e-08 7.8765363338966463e-08 0 -1.869257047545122e-07 -1.3616567072291895e-07 0 0 0 0 1.3841649024684699e-07 0 0
leaf_weight=4710 887 2170 844 19836 147627 28896 10961 67637 252808 32938 3975 225 25364 100503 459
leaf_count=4710 887 2170 844 19836 147627 28896 10961 67637 252808 32938 3975 225 25364 100503 459
internal_value=0 -1.38202e-07 -3.15588e-07 2.90286e-09 0 -3.12752e-08 1.50522e-08 -8.87743e-08 -6.71267e-09 5.79225e-08 6.90395e-08 1.04404e-07 1.28112e-07 0 -4.76586e-07
internal_weight=699840 8183 3473 691657 661206 216872 444334 96533 263769 180565 30451 26476 25589 120339 2629
internal_count=699840 8183 3473 691657 661206 216872 444334 96533 263769 180565 30451 26476 25589 120339 2629
is_linear=0
shrinkage=0.02


Tree=284
num_leaves=21
num_cat=0
split_feature=4 5 0 2 5 2 0 2 0 2 4 5 0 0 5 5 2 0 2 2
split_gain=4.11525e-07 2.33108e-06 1.55863e-06 1.29344e-06 6.7018e-07 8.54376e-07 1.45349e-06 1.32085e-06 5.13402e-07 4.76669e-07 1.82509e-06 1.37439e-06 9.34054e-07 5.5939e-07 4.7857e-07 3.61073e-07 4.86895e-07 1.34443e-07 3.89941e-08 8.96073e-08
threshold=2.9999792575836186 1.5261341333389284 1.235261917114258 0.38251720368862158 -2.1482818126678462 0.23700457811355594 -0.82478407025337208 0.19769876450300219 -0.83994200825691212 0.18808144330978396 -0.023149685934185978 1.8622004985809328 -0.8291628062725066 -0.81697812676429737 0.06876541301608087 2.250369787216187 0.22832852602005008 -0.82539144158363331 0.25380052626132971 0.29999144375324255
decision_type=2 2 2 2 2 2 2 2 2 2 2 2 2 2 2 2 2 2 2 2
left_child=4 2 3 8 5 6 -1 -8 -2 10 -6 -12 14 -14 -11 16 -3 -18 -7 -20
right_child=1 15 -4 -5 9 18 7 -9 -10 12 11 -13 13 -15 -16 -17 17 -19 19 -21
leaf_value=0 0 0 0 0 0 2.9571672947883767e-08 0 -3.8400742048427343e-07 5.2294228588822604e-07 1.8409665032659545e-07 -6.4211402649286011e-07 0 -2.8442055699448794e-08 1.3347942744903048e-08 0 0 0 -4.3728056762015216e-07 -5.70014903982611e-08 0
leaf_weight=3822 310 781 655 1100 5982 6167 763 11662 8931 17402 3508 357 186900 407274 19426 944 228 2055 14172 7401
leaf_count=3822 310 781 655 1100 5982 6167 763 11662 8931 17402 3508 357 186900 407274 19426 944 228 2055 14172 7401
internal_value=0 1.0447e-07 3.15735e-07 4.07789e-07 -1.1173e-09 -7.80888e-08 -1.93762e-07 -3.09652e-07 4.92008e-07 1.04507e-09 -1.30085e-07 -4.81655e-07 6.26097e-09 0 1.04003e-07 0 -2.17108e-07 -3.8544e-07 0 -2.17491e-08
internal_weight=699840 15004 10996 10341 684836 43987 16247 12425 9241 640849 9847 3865 631002 594174 36828 4008 3064 2283 27740 21573
internal_count=699840 15004 10996 10341 684836 43987 16247 12425 9241 640849 9847 3865 631002 594174 36828 4008 3064 2283 27740 21573
is_linear=0
shrinkage=0.02


Tree=285
num_leaves=29
num_cat=0
split_feature=1 3 3 0 3 0 1 1 4 0 4 0 0 4 3 4 0 1 0 0 0 3 4 4 4 0 3 0
split_gain=1.1758e-06 1.38879e-06 1.71031e-06 1.58189e-06 1.43068e-06 1.00344e-06 2.03801e-06 8.03788e-07 7.68576e-07 8.87541e-07 1.70042e-06 1.70124e-06 1.47523e-06 7.63618e-07 7.29035e-07 6.62033e-07 5.83945e-07 4.90284e-07 1.93747e-07 1.44061e-07 5.08568e-07 4.16955e-07 1.02145e-07 9.46621e-08 2.03682e-07 3.32557e-08 1.18754e-08 7.35999e-09
threshold=-0.010885349009186028 0.0078098736703395852 -0.022610324434936043 -0.74753293395042408 -1.529495060443878 1.2033933997154238 -0.045517876744270318 -0.021635770797729489 -0.32000666856765742 -0.81697812676429737 0.25969775021076208 1.2137084603309634 -0.82292619347572316 -0.22991552203893659 -0.015089721418917177 -0.27467468380928034 -0.8113701045513152 -0.0066061720717698327 1.2221465110778811 -0.75122475624084462 1.2144819498062136 1.5472643971443178 0.94587191939353954 -0.25954553484916681 0.18309029936790469 -0.79700732231140126 0.019835521467030052 -0.82879704236984242
decision_type=2 2 2 2 2 2 2 2 2 2 2 2 2 2 2 2 2 2 2 2 2 2 2 2 2 2 2 2
left_child=1 2 4 16 18 6 26 -6 19 12 11 -11 17 -5 -14 -8 -4 -10 -1 25 21 -21 -12 -7 -25 27 -3 -2
right_child=8 5 3 13 7 23 15 -9 9 10 22 -13 14 -15 -16 -17 -18 -19 -20 20 -22 -23 -24 24 -26 -27 -28 -29
leaf_value=-8.4736475321214681e-08 0 -3.6698306549902942e-08 -9.9781623434531378e-08 0 0 0 0 2.7885640391790353e-07 0 1.6172260330458234e-07 -3.6828958598497087e-08 0 0 -5.3032843292973654e-07 -1.4316284105610161e-07 4.0597462157939696e-07 0 7.7072677486317201e-08 0 -1.7408425374950383e-07 0 0 0 -7.113886560254717e-08 0 3.4972483949313753e-08 0 -8.1528648605283178e-09
leaf_weight=23680 3998 3527 84181 923 17266 16554 8536 10304 19012 85309 30123 44872 3384 6276 34547 9328 51325 62246 23074 14591 17483 1752 28387 23581 8209 10876 11648 44291
leaf_count=23680 3998 3527 84181 923 17266 16554 8536 10304 19012 85309 30123 44872 3384 6276 34547 9328 51325 62246 23074 14591 17483 1752 28387 23581 8209 10876 11648 44291
internal_value=0 -2.88213e-08 -5.86827e-08 -1.00156e-07 0 2.62367e-08 1.17661e-07 1.31912e-07 2.3556e-08 4.09194e-08 6.79229e-08 1.09141e-07 0 -4.5029e-07 -1.04781e-07 2.66904e-07 -6.67945e-08 4.62267e-08 -4.4487e-08 -1.24243e-08 -4.61293e-08 -1.29813e-07 0 0 -3.45122e-08 0 0 0
internal_weight=699283 298412 217029 142705 74324 81383 33039 27570 400871 307880 188691 130181 119189 7199 37931 17864 135506 81258 46754 92991 33826 16343 58510 48344 31790 59165 15175 48289
internal_count=699283 298412 217029 142705 74324 81383 33039 27570 400871 307880 188691 130181 119189 7199 37931 17864 135506 81258 46754 92991 33826 16343 58510 48344 31790 59165 15175 48289
is_linear=0
shrinkage=0.02


end of trees

feature_importances:
ofi=1510
vpin=1331
realized_vol=1127
stat_arb_zscore=949
microprice=834
spread_bps=660

parameters:
[boosting: gbdt]
[objective: regression]
[metric: rmse]
[tree_learner: serial]
[device_type: cpu]
[data_sample_strategy: bagging]
[data: ]
[valid: ]
[num_iterations: 500]
[learning_rate: 0.02]
[num_leaves: 31]
[num_threads: -1]
[seed: 42]
[deterministic: 0]
[force_col_wise: 0]
[force_row_wise: 0]
[histogram_pool_size: -1]
[max_depth: 5]
[min_data_in_leaf: 200]
[min_sum_hessian_in_leaf: 0.001]
[bagging_fraction: 0.7]
[pos_bagging_fraction: 1]
[neg_bagging_fraction: 1]
[bagging_freq: 5]
[bagging_seed: 400]
[bagging_by_query: 0]
[feature_fraction: 0.7]
[feature_fraction_bynode: 1]
[feature_fraction_seed: 30056]
[extra_trees: 0]
[extra_seed: 12879]
[early_stopping_round: 0]
[early_stopping_min_delta: 0]
[first_metric_only: 0]
[max_delta_step: 0]
[lambda_l1: 0.1]
[lambda_l2: 0.1]
[linear_lambda: 0]
[min_gain_to_split: 0]
[drop_rate: 0.1]
[max_drop: 50]
[skip_drop: 0.5]
[xgboost_dart_mode: 0]
[uniform_drop: 0]
[drop_seed: 17869]
[top_rate: 0.2]
[other_rate: 0.1]
[min_data_per_group: 100]
[max_cat_threshold: 32]
[cat_l2: 10]
[cat_smooth: 10]
[max_cat_to_onehot: 4]
[top_k: 20]
[monotone_constraints: ]
[monotone_constraints_method: basic]
[monotone_penalty: 0]
[feature_contri: ]
[forcedsplits_filename: ]
[refit_decay_rate: 0.9]
[cegb_tradeoff: 1]
[cegb_penalty_split: 0]
[cegb_penalty_feature_lazy: ]
[cegb_penalty_feature_coupled: ]
[path_smooth: 0]
[interaction_constraints: ]
[verbosity: -1]
[saved_feature_importance_type: 0]
[use_quantized_grad: 0]
[num_grad_quant_bins: 4]
[quant_train_renew_leaf: 0]
[stochastic_rounding: 1]
[linear_tree: 0]
[max_bin: 255]
[max_bin_by_feature: ]
[min_data_in_bin: 3]
[bin_construct_sample_cnt: 200000]
[data_random_seed: 175]
[is_enable_sparse: 1]
[enable_bundle: 1]
[use_missing: 1]
[zero_as_missing: 0]
[feature_pre_filter: 1]
[pre_partition: 0]
[two_round: 0]
[header: 0]
[label_column: ]
[weight_column: ]
[group_column: ]
[ignore_column: ]
[categorical_feature: ]
[forcedbins_filename: ]
[precise_float_parser: 0]
[parser_config_file: ]
[objective_seed: 16083]
[num_class: 1]
[is_unbalance: 0]
[scale_pos_weight: 1]
[sigmoid: 1]
[boost_from_average: 1]
[reg_sqrt: 0]
[alpha: 0.9]
[fair_c: 1]
[poisson_max_delta_step: 0.7]
[tweedie_variance_power: 1.5]
[lambdarank_truncation_level: 30]
[lambdarank_norm: 1]
[label_gain: ]
[lambdarank_position_bias_regularization: 0]
[eval_at: ]
[multi_error_top_k: 1]
[auc_mu_weights: ]
[num_machines: 1]
[local_listen_port: 12400]
[time_out: 120]
[machine_list_filename: ]
[machines: ]
[gpu_platform_id: -1]
[gpu_device_id: -1]
[gpu_device_id_list: ]
[gpu_use_dp: 0]
[num_gpu: 1]

end of parameters

pandas_categorical:null
