tree
version=v4
num_class=1
num_tree_per_iteration=1
label_index=0
max_feature_idx=10
objective=regression
feature_names=Column_0 Column_1 Column_2 Column_3 Column_4 Column_5 Column_6 Column_7 Column_8 Column_9 Column_10
feature_infos=[-4.4656038635288775:4.4790842510257569] [-4.4629685270801032:3.760155248575284] [-3.9993322490280514:4.2020258997659985] [-4.3740427988188326:3.9768681877319989] [-4.4138859664312911:3.6781914442866674] [-3.8840702038285189:4.2193663437791429] [-4.251363559315644:3.8262551725828522] [-3.7084344796721771:3.7673278434115249] [-4.1642946026433778:4.301847742725398] [-4.8294360085111574:4.0194190971628245] [-4.227231779575777:4.1010204064461107]
tree_sizes=3157 3146 3125 3116 3099 3005 3110 3090 3146 3109 3112 3119 3099 3128 3007 3018 3130 3109 3126 3105 3108 3108 3097 2822 3124 3116 3128 3107 2821 3140 3007 3112 3127 3118 2817 3100 3114 3112 3103 3111 3111 3114 3109 2925 3110 3014 3108 3027 3122 3116 3118 2555 3118 3110 3104 3113 3112 3111 3125 2922 3119 3123 2903 3103 3113 3024 2929 2737 2922 2935 3113 2826 2911 3118 2904 3095 2898 2727 2815 3098 2820 3120 2807 3112 2730 3094 2829 3077 3103 3118 3112 3104 2803 2800 2917 2735 2719 2715 2547 3114

Tree=0
num_leaves=31
num_cat=0
split_feature=0 0 0 0 0 0 0 0 0 9 1 1 1 9 9 0 0 9 1 1 1 9 9 9 9 1 9 9 9 9
split_gain=0.0054369 0.00116632 0.000866551 0.000281489 0.000178464 0.000143926 0.000109564 4.6145e-05 4.17288e-05 3.79922e-05 0.000180518 7.60598e-05 3.28266e-05 0.000106233 3.46657e-05 3.01888e-05 2.58615e-05 2.46145e-05 0.000101629 3.38404e-05 2.20998e-05 0.000116099 3.18309e-05 1.85026e-05 1.64919e-05 1.5203e-05 1.35646e-05 1.23488e-05 1.07689e-05 8.8604e-06
threshold=-0.1404527933748573 0.78887942331830607 -1.0333928545389379 1.6422172030323459 -1.7963875429977501 0.37892072255288328 -0.5343658492569543 1.2541350789664103 2.2561347275526447 -0.90523387660112575 -0.62950221850993782 1.024034392937297 1.0396456433610817 0.78317895512096569 -0.87800371259436638 -1.375897962666224 -2.4242525654851135 1.0428841977971171 0.70150287320900073 -0.66396806646538331 0.98997545618385929 0.60788293300821905 -0.93712140738179406 0.86575506480726616 1.0051986008662774 0.924558226945974 1.5095568735938416 1.6915229544802985 -0.85016065037065058 0.82314196768087178
decision_type=2 2 2 2 2 2 2 2 2 2 2 2 2 2 2 2 2 2 2 2 2 2 2 2 2 2 2 2 2 2
left_child=2 5 4 7 16 9 17 23 29 10 -2 -11 14 -14 -8 26 -1 19 -19 -4 22 -22 -7 -3 -17 -18 -6 -9 -10 -5
right_child=1 3 6 8 15 20 12 27 28 11 -12 -13 13 -15 -16 24 25 18 -20 -21 21 -23 -24 -25 -26 -27 -28 -29 -30 -31
leaf_value=-0.00016343221063490359 -5.1814239177476038e-05 -6.9781121229412429e-05 -0.0001061932589125883 -4.7741695625312373e-05 -0.00013399625033711833 -6.9664799183184937e-05 -9.3869453295782087e-05 -5.9119238232421394e-05 -9.9532352929662812e-06 -9.4046416911690054e-05 -9.36103063474089e-05 -7.7792310831712125e-05 -0.0001026265681727558 -5.7828368041322105e-05 -0.00010571869601026453 -0.00012552496369464447 -0.00014869995668308293 -0.00011512265927862011 -7.2941083161521972e-05 -0.00011655665358639494 -8.2366403983876534e-05 -3.7003589127075985e-05 -8.1784552757834813e-05 -6.0755588444322183e-05 -0.00011355563165204547 -0.00013203269554454202 -0.00011579477143338181 -3.7989868473683395e-05 -3.105426999969562e-05 -3.7336478137130532e-05
leaf_weight=264 358 2936 1057 1035 1474 653 755 1747 75 4636 928 852 563 173 3383 1905 757 541 194 3092 524 193 3180 704 339 167 110 72 312 255
leaf_count=264 358 2936 1057 1035 1474 653 755 1747 75 4636 928 852 563 173 3383 1905 757 541 194 3092 524 193 3180 704 339 167 110 72 312 255
internal_value=-9.32058e-05 -7.51138e-05 -0.000115812 -5.92818e-05 -0.000132701 -8.50906e-05 -0.00010713 -6.47858e-05 -4.13649e-05 -8.97104e-05 -8.1975e-05 -9.1523e-05 -0.000101826 -9.20966e-05 -0.000103557 -0.000127447 -0.000149631 -0.000112422 -0.000103989 -0.000113916 -7.82127e-05 -7.01558e-05 -7.97198e-05 -6.80355e-05 -0.000123717 -0.000145688 -0.000132732 -5.82829e-05 -2.69649e-05 -4.56849e-05
internal_weight=33234 18460 14774 7136 5016 11324 9758 5459 1677 6774 1286 5488 4874 736 4138 3828 1188 4884 735 4149 4550 717 3833 3640 2244 924 1584 1819 387 1290
internal_count=33234 18460 14774 7136 5016 11324 9758 5459 1677 6774 1286 5488 4874 736 4138 3828 1188 4884 735 4149 4550 717 3833 3640 2244 924 1584 1819 387 1290
is_linear=0
shrinkage=1


Tree=1
num_leaves=31
num_cat=0
split_feature=0 0 0 0 0 0 0 9 0 9 0 9 0 0 0 0 9 9 9 9 9 9 9 9 9 9 3 9 0 6
split_gain=0.00491109 0.000951294 0.000872219 0.000200104 0.000162036 0.000161204 0.000130907 3.91122e-05 3.80327e-05 3.05623e-05 2.67367e-05 2.67261e-05 2.65997e-05 2.37942e-05 2.36398e-05 2.19634e-05 2.15392e-05 2.87087e-05 1.55807e-05 1.47019e-05 1.2466e-05 1.1759e-05 1.03856e-05 8.70796e-06 7.68858e-06 6.39293e-06 5.02622e-06 4.35119e-06 3.94247e-06 3.93735e-06
threshold=-0.070221991046121104 0.93338262934155858 -1.0333928545389379 1.6422172030323459 0.39988823528022882 -1.7548499556386654 -0.51344252227505749 -0.93712140738179406 2.424259361208724 1.1259270911098571 1.3701203792074639 1.4818967210435838 -2.4242525654851135 -1.3302078855974206 -0.31351818570007056 0.74005130924269225 1.0428841977971171 -1.1806264924675525 -1.1806264924675525 -1.0008437426567074 1.3980810598853053 -0.87800371259436638 0.98988112730110023 -0.79513683367161903 0.54716566044167403 -0.95351314764218809 0.010535161149140852 -0.79513683367161903 0.37892072255288328 0.78680754544095144
decision_type=2 2 2 2 2 2 2 2 2 2 2 2 2 2 2 2 2 2 2 2 2 2 2 2 2 2 2 2 2 2
left_child=2 4 5 10 7 12 16 28 21 -9 18 13 26 -7 20 22 17 -4 -3 -16 -8 -5 -6 -17 -14 -12 -1 -10 -2 -13
right_child=1 3 6 8 15 11 14 9 27 -11 25 29 24 -15 19 23 -18 -19 -20 -21 -22 -23 -24 -25 -26 -27 -28 -29 -30 -31
leaf_value=-7.3772726764148033e-05 1.2279134758494555e-05 3.6565137339139037e-05 -9.4804725177232698e-06 5.5833072540389411e-05 1.2800224401247798e-05 -3.783448149639697e-05 -1.1707672344482255e-05 7.8049182330813022e-07 8.0665834583998469e-05 1.148237729509991e-05 4.3171934890594549e-05 -1.9617344701804815e-05 -5.1670761076241795e-05 -2.9486363521802926e-05 3.81420909749926e-06 2.7200905062783813e-05 -1.0320390819946629e-05 -2.1010578429419011e-05 2.5015780791107852e-05 -5.5407915130127398e-06 1.9100120678156946e-06 4.3923122149204067e-05 2.0013254387061972e-05 1.8803289989625201e-05 -4.2229373912276377e-05 3.3485710144460396e-05 -5.9971072615654618e-05 6.3843206824510038e-05 2.7392771072401148e-05 -3.635141980881367e-06
leaf_weight=129 1049 328 631 252 3178 1584 2194 4231 47 792 207 214 754 1851 499 394 779 3738 2662 2652 182 1167 592 1426 302 962 135 211 45 47
leaf_count=129 1049 328 631 252 3178 1584 2194 4231 47 792 207 214 754 1851 499 394 779 3738 2662 2652 182 1167 592 1426 302 962 135 211 45 47
internal_value=-6.79878e-14 1.81778e-05 -2.03233e-05 3.46685e-05 9.95707e-06 -3.75207e-05 -1.22425e-05 4.33379e-06 4.92489e-05 2.46791e-06 2.87894e-05 -3.2164e-05 -5.25195e-05 -3.3336e-05 -6.89884e-06 1.61105e-05 -1.79797e-05 -1.93453e-05 2.62827e-05 -4.05931e-06 -1.06646e-05 4.60382e-05 1.39329e-05 2.06212e-05 -4.89707e-05 3.52009e-05 -6.67151e-05 6.69078e-05 1.29008e-05 -1.67393e-05
internal_weight=33234 17543 15691 5836 11707 5016 10675 6117 1677 5023 4159 3696 1320 3435 5527 5590 5148 4369 2990 3151 2376 1419 3770 1820 1056 1169 264 258 1094 261
internal_count=33234 17543 15691 5836 11707 5016 10675 6117 1677 5023 4159 3696 1320 3435 5527 5590 5148 4369 2990 3151 2376 1419 3770 1820 1056 1169 264 258 1094 261
is_linear=0
shrinkage=0.05


Tree=2
num_leaves=31
num_cat=0
split_feature=0 0 0 0 0 0 0 9 1 1 0 1 9 9 1 9 9 0 0 1 9 9 0 9 1 1 9 9 9 9
split_gain=0.00443226 0.000858542 0.000787178 0.000180594 0.000146237 0.000146076 0.000118144 3.5352e-05 0.000149033 6.42643e-05 3.47464e-05 3.16757e-05 0.000106063 3.67018e-05 2.64309e-05 0.000132427 3.38429e-05 2.50766e-05 2.41298e-05 2.11905e-05 0.000108026 3.27496e-05 2.09374e-05 1.52848e-05 1.43233e-05 1.36202e-05 1.19446e-05 9.0669e-06 8.20827e-06 5.91988e-06
threshold=-0.070221991046121104 0.93338262934155858 -1.0333928545389379 1.6422172030323459 0.39988823528022882 -1.7963875429977501 -0.51344252227505749 -0.90523387660112575 -0.61691833778862304 1.024034392937297 2.2561347275526447 1.0396456433610817 0.76863642963887413 -0.8911961645645835 0.98997545618385929 0.70289330561619068 -0.76732555116894552 -1.4036828453978847 1.3701203792074639 1.0715333935771214 0.54716566044167403 -1.0913872154896833 -2.4242525654851135 0.86575506480726616 1.0715333935771214 0.924558226945974 1.0930368444657368 -0.85016065037065058 0.82314196768087178 1.6915229544802985
decision_type=2 2 2 2 2 2 2 2 2 2 2 2 2 2 2 2 2 2 2 2 2 2 2 2 2 2 2 2 2 2
left_child=2 4 5 18 7 22 19 8 -2 -9 28 13 -13 -8 16 -16 -6 26 23 21 -21 -4 -1 -3 -19 -24 -7 -12 -5 -20
right_child=1 3 6 10 14 17 11 9 -10 -11 27 12 -14 -15 15 -17 -18 24 29 20 -22 -23 25 -25 -26 -27 -28 -29 -30 -31
leaf_value=-6.33793091971959e-05 4.0813361024884105e-05 2.3256220678023963e-05 -7.770650863607803e-06 4.0864739334425496e-05 2.1769403113413802e-05 -3.7963832628425587e-05 1.1959105076408856e-06 -1.4478967793996046e-07 7.1509667945029326e-07 1.553400690487411e-05 7.5536097328949834e-05 -7.3117626683039194e-06 3.502930043974099e-05 -1.0244285378277845e-05 1.2480191441483408e-05 5.7806601495608511e-05 1.1543912974392238e-05 -2.939763348146847e-05 3.2680901095154485e-05 -2.1941644728645626e-05 1.8809953089319298e-05 -2.017229328975173e-05 -5.0264346802321722e-05 3.2431855395210286e-05 -1.8702870406816644e-05 -3.4488551234027072e-05 -2.5219892770028058e-05 5.6174244931730179e-05 5.0879727136905827e-05 5.0100082340827161e-05
leaf_weight=264 323 2432 620 1035 1039 1236 858 4200 820 774 75 644 192 3833 682 211 3658 2005 1118 528 235 3765 757 558 371 167 216 312 255 51
leaf_count=264 323 2432 620 1035 1039 1236 858 4200 820 774 75 644 192 3833 682 211 3658 2005 1118 528 235 3765 757 558 371 167 216 312 255 51
internal_value=-6.09485e-14 1.72689e-05 -1.93071e-05 3.29351e-05 9.45921e-06 -3.56447e-05 -1.16304e-05 4.1171e-06 1.20465e-05 2.29497e-06 4.67865e-05 -6.5539e-06 2.4125e-06 -8.15183e-06 1.5305e-05 2.319e-05 1.38058e-05 -3.08913e-05 2.735e-05 -1.70807e-05 -9.39037e-06 -1.84188e-05 -5.09611e-05 2.49686e-05 -2.77277e-05 -4.74131e-05 -3.6068e-05 5.99265e-05 4.28444e-05 3.34408e-05
internal_weight=33234 17543 15691 5836 11707 5016 10675 6117 1143 4974 1677 5527 836 4691 5590 893 4697 3828 4159 5148 763 4385 1188 2990 2376 924 1452 387 1290 1169
internal_count=33234 17543 15691 5836 11707 5016 10675 6117 1143 4974 1677 5527 836 4691 5590 893 4697 3828 4159 5148 763 4385 1188 2990 2376 924 1452 387 1290 1169
is_linear=0
shrinkage=0.05


Tree=3
num_leaves=31
num_cat=0
split_feature=0 0 0 2 2 2 2 2 2 0 2 2 0 0 0 2 2 2 2 2 2 2 2 2 0 0 2 0 0 0
split_gain=0.0040056 0.000861259 0.000635082 0.000276758 0.000301948 0.000266033 0.000267574 0.000208558 0.000211033 0.000188676 0.000150631 0.000174718 0.000108821 9.59943e-05 7.42652e-05 6.59989e-05 5.77841e-05 5.29388e-05 5.00223e-05 3.61902e-05 3.3971e-05 3.39137e-05 2.78668e-05 1.98273e-05 1.03706e-05 8.91375e-06 8.49052e-06 8.33793e-06 7.91752e-06 7.05193e-06
threshold=-0.1404527933748573 0.78887942331830607 -1.0333928545389379 -1.6653548660123814 1.4984913862967428 1.6744143058957655 -1.3588862079519159 -1.751772875202654 1.3544134634536154 1.6422172030323459 1.3286686599804163 -1.4954214039679192 -1.7548499556386654 0.32302688836684867 -0.41934260895060665 2.2824319959938197 -2.168360036504775 2.2824319959938197 -2.168360036504775 -2.4195820939365831 2.0729568801291083 2.0001408047633369 -2.2816077370803254 -2.6886634606268021 -0.75576832982560371 1.3701203792074639 2.4489747911018247 -2.1405292219366321 -2.0500401605664149 0.32302688836684867
decision_type=2 2 2 2 2 2 2 2 2 2 2 2 2 2 2 2 2 2 2 2 2 2 2 2 2 2 2 2 2 2
left_child=2 3 10 18 13 6 16 22 9 -9 11 19 -13 -5 -8 -6 -4 -10 23 -1 24 27 25 -2 -7 -3 -22 -12 -23 -20
right_child=1 7 5 4 15 20 14 8 17 -11 21 12 -14 -15 -16 -17 -18 -19 29 -21 26 28 -24 -25 -26 -27 -28 -29 -30 -31
leaf_value=-0.00011066232064667231 -7.8812722414214594e-05 -4.4516618858793779e-05 -6.6509200491239343e-05 6.4833005173102126e-06 -1.5245294960140624e-05 -5.6273154094180268e-05 -1.1004866296024092e-05 2.8866677191788313e-05 8.8366536027453514e-06 4.9442719428412655e-05 -7.5331111902660519e-05 -4.1896664775537196e-05 -2.357832296793339e-05 1.6300029597748212e-05 -1.2614015752925573e-06 -5.6005195764532219e-05 -3.1158000967998511e-05 -3.3114910023292828e-05 -2.3855747960670926e-05 -5.9529223364366857e-05 -5.5642811439289303e-05 -0.00011087482086044145 -4.6345499236961091e-07 -4.0343208646991397e-05 -3.1661693814988406e-05 -1.4891186205479541e-05 -7.6290835890626467e-05 -5.0131803446671774e-05 -7.7802550125246258e-05 -9.5931681468568858e-06
leaf_weight=39 45 62 138 5405 657 55 5388 4777 517 1453 37 1095 3123 4618 3070 117 712 88 195 307 113 22 196 131 193 43 89 291 102 156
leaf_count=39 45 62 138 5405 657 55 5388 4777 517 1453 37 1095 3123 4618 3070 117 712 88 195 307 113 22 196 131 193 43 89 291 102 156
internal_value=8.71234e-14 1.55291e-05 -1.94035e-05 6.95576e-06 8.68269e-06 -1.1971e-05 -1.01557e-05 2.91339e-05 3.09277e-05 3.36656e-05 -3.38624e-05 -3.11357e-05 -2.83338e-05 1.10063e-05 -7.46828e-06 -2.14067e-05 -3.68974e-05 2.73461e-06 -2.84249e-05 -6.52928e-05 -4.95183e-05 -6.13954e-05 -1.15986e-05 -5.01792e-05 -3.71199e-05 -3.23843e-05 -6.47402e-05 -5.29744e-05 -8.36702e-05 -1.75168e-05
internal_weight=33234 18460 14774 11324 10797 9758 9308 7136 6835 6230 5016 4564 4218 10023 8458 774 850 605 527 346 450 452 301 176 248 105 202 328 124 351
internal_count=33234 18460 14774 11324 10797 9758 9308 7136 6835 6230 5016 4564 4218 10023 8458 774 850 605 527 346 450 452 301 176 248 105 202 328 124 351
is_linear=0
shrinkage=0.05


Tree=4
num_leaves=31
num_cat=0
split_feature=0 0 0 2 2 2 2 2 2 0 0 2 2 0 0 2 2 2 2 2 2 2 2 2 0 0 2 1 2 3
split_gain=0.003617 0.000731674 0.00062263 0.00029024 0.000311194 0.00024783 0.000269475 0.000169918 0.000181305 0.000133352 0.000127706 0.000104408 0.000106347 8.98719e-05 8.24251e-05 7.20884e-05 5.91235e-05 5.00487e-05 4.89604e-05 3.29681e-05 2.04792e-05 1.51164e-05 1.27019e-05 1.22461e-05 1.03625e-05 1.02218e-05 8.77328e-06 6.5342e-06 5.27103e-06 2.9394e-06
threshold=0.018241728996615057 -0.87703550207408609 1.1717000559694857 1.5287535092841693 -1.4954214039679192 -1.5240858570662013 1.5950900934523753 1.5287535092841693 -1.4954214039679192 0.50905676736307359 -1.7548499556386654 -1.7123074059388996 1.6296753411068789 1.8650705099142275 -0.41934260895060665 -2.168360036504775 2.2824319959938197 -2.4195820939365831 2.2824319959938197 -2.0796896755126508 2.0001408047633369 -2.0796896755126508 2.2824319959938197 -1.9983378001733816 -2.0500401605664149 -1.4036828453978847 -2.6886634606268021 -1.016833957168777 2.6410152510235889 -0.88419316348070998
decision_type=2 2 2 2 2 2 2 2 2 2 2 2 2 2 2 2 2 2 2 2 2 2 2 2 2 2 2 2 2 2
left_child=1 7 3 4 15 17 14 8 19 -6 -10 21 13 -13 -7 -2 27 26 -8 -1 24 29 -14 -19 -9 -22 -3 -5 -18 -4
right_child=2 5 11 16 9 6 18 20 10 -11 -12 12 22 -15 -16 -17 28 23 -20 -21 25 -23 -24 -25 -26 -27 -28 -29 -30 -31
leaf_value=-8.0810595872895738e-05 -4.3284640993844829e-05 -9.2732515248998597e-05 -3.423043815928395e-05 3.572525884010247e-07 9.9136214325476289e-06 -9.2061984589625879e-06 -3.1545897472937096e-05 -8.0416910662149487e-05 -4.0116314062536787e-05 2.1054171485847222e-05 -2.1286509761677354e-05 3.3023829994722947e-05 7.7647585837508828e-06 5.1066302315554692e-05 2.3014235354462848e-07 -8.2549343199127661e-06 -4.1036342901696287e-05 -4.4187403809537832e-05 -6.6434625574542087e-05 -5.0131557845576791e-05 -9.0185325869025467e-05 1.1215647088025244e-05 -2.2090891971957819e-05 -2.8096494110915371e-05 -4.7919746040604131e-05 -6.473732369158825e-05 -5.9698127700936641e-05 -1.4192679266371653e-05 -6.1497900383166812e-05 -1.2529619729141648e-05
leaf_weight=123 190 37 20 90 5409 4317 444 28 1133 5336 4387 2685 171 929 4988 647 88 167 130 304 67 95 45 405 198 96 44 541 49 71
leaf_count=123 190 37 20 90 5409 4317 444 28 1133 5336 4387 2685 171 929 4988 647 88 167 130 304 67 95 45 405 198 96 44 541 49 71
internal_value=-5.0292e-15 -1.62477e-05 1.67461e-05 1.11848e-05 1.31586e-05 -8.17074e-06 -6.19881e-06 -2.96737e-05 -2.75795e-05 1.54461e-05 -2.51514e-05 3.38482e-05 3.56249e-05 3.76618e-05 -4.14779e-06 -1.62067e-05 -1.85816e-05 -3.80034e-05 -3.94475e-05 -5.89688e-05 -6.16889e-05 -2.73508e-06 1.54483e-06 -3.27944e-05 -5.19459e-05 -7.51975e-05 -7.47879e-05 -1.21174e-05 -4.83547e-05 -1.7299e-05
internal_weight=33234 16868 16366 12350 11582 10532 9879 6336 5947 10745 5520 4016 3830 3614 9305 837 768 653 574 427 389 186 216 572 226 163 81 631 137 91
internal_count=33234 16868 16366 12350 11582 10532 9879 6336 5947 10745 5520 4016 3830 3614 9305 837 768 653 574 427 389 186 216 572 226 163 81 631 137 91
is_linear=0
shrinkage=0.05


Tree=5
num_leaves=30
num_cat=0
split_feature=2 2 2 2 2 2 9 2 2 9 2 9 1 1 1 9 1 9 1 2 1 9 8 8 3 3 7 7 5
split_gain=0.000702601 0.000786938 0.000152254 0.000161373 0.000141731 0.000123345 8.4114e-05 4.49705e-05 2.39345e-05 1.61293e-05 1.46186e-05 1.36608e-05 7.88378e-05 2.27999e-05 1.28965e-05 2.29239e-05 1.137e-05 8.15547e-06 1.0629e-05 8.05922e-06 6.72238e-06 5.89271e-06 4.43332e-06 4.35703e-06 3.99175e-06 3.58039e-06 3.2614e-06 2.35211e-06 2.35114e-06
threshold=1.5950900934523753 -1.5240858570662013 1.0477824858292661 -0.92812834856812043 -2.168360036504775 2.2824319959938197 0.86575506480726616 -2.6886634606268021 1.9336164207428628 -0.90523387660112575 -1.8031358028965385 0.97187348587156153 0.65171483316376821 -1.1799663875614275 -0.9822744413062382 -0.54172463951810179 0.68988159628758794 1.263029701720191 -0.6055740763804901 2.6410152510235889 0.088904612453514359 0.83593026837957085 1.1130434593409686 -1.5470553686053388 1.0386890773684645 -0.68917680702231654 0.33240062849891211 -0.14540648646440182 1.0839313365599894
decision_type=2 2 2 2 2 2 2 2 2 2 2 2 2 2 2 2 2 2 2 2 2 2 2 2 2 2 2 2 2
left_child=1 4 3 9 7 8 -5 28 14 -3 23 13 -13 -4 15 -2 -16 18 -10 22 -19 -12 27 -6 26 -9 -21 -7 -1
right_child=5 2 11 6 10 19 -8 25 17 -11 21 12 -14 -15 16 -17 -18 20 -20 24 -22 -23 -24 -25 -26 -27 -28 -29 -30
leaf_value=-7.2615739652194726e-05 2.3944519791179933e-05 2.4875111458219383e-06 4.5071971705623752e-06 5.1820057588045708e-06 -4.0774399325448982e-05 -4.7177561939923351e-05 1.2911089172388221e-05 -4.9755334066945067e-05 -2.1486348631606234e-05 -6.1367282769522765e-06 -1.8166724010973121e-05 -1.1499845704022755e-05 3.431666678532269e-05 -1.0055276705589076e-05 -2.4784621368911418e-05 -1.9392415159582642e-05 -1.1337458365386692e-05 -2.7929420872984839e-05 -3.8497533217267155e-05 -6.2496616094974278e-05 9.750995395734208e-06 -8.1269052556068595e-06 -3.2300563279272129e-05 -2.4820224389728616e-05 -4.6880017566763858e-05 -3.8917797777027274e-05 -8.0505057405566848e-05 -5.7320095951765041e-05 -9.122685456532055e-05
leaf_weight=112 47 660 306 18255 46 110 4361 103 125 3036 742 345 129 2210 557 87 219 29 346 65 20 182 31 614 24 293 41 119 20
leaf_count=112 47 660 306 18255 46 110 4361 103 125 3036 742 345 129 2210 557 87 219 29 346 65 20 182 31 614 24 293 41 119 20
internal_value=6.3584e-14 1.74988e-06 3.87448e-06 5.08944e-06 -2.77269e-05 -3.02036e-05 6.67239e-06 -5.01614e-05 -2.3406e-05 -4.59669e-06 -2.02488e-05 -6.81724e-06 9.69205e-07 -8.28417e-06 -1.85161e-05 -4.19215e-06 -2.09896e-05 -3.19632e-05 -3.39829e-05 -5.51283e-05 -1.25497e-05 -1.61892e-05 -5.00459e-05 -2.59322e-05 -6.52931e-05 -4.17367e-05 -6.94621e-05 -5.24481e-05 -7.54356e-05
internal_weight=33234 31414 29302 26312 2112 1820 22616 528 1430 3696 1584 2990 474 2516 910 134 776 520 471 390 49 924 260 660 130 396 106 229 132
internal_count=33234 31414 29302 26312 2112 1820 22616 528 1430 3696 1584 2990 474 2516 910 134 776 520 471 390 49 924 260 660 130 396 106 229 132
is_linear=0
shrinkage=0.05


Tree=6
num_leaves=31
num_cat=0
split_feature=0 0 0 2 2 2 2 0 2 2 2 2 0 0 0 2 2 2 2 2 2 2 2 2 2 0 2 0 0 2
split_gain=0.00327318 0.00073009 0.000508679 0.000208087 0.000226914 0.000197958 0.000203534 0.000182274 0.000113427 0.000118605 0.000100815 0.000117573 7.39284e-05 7.38536e-05 7.20603e-05 6.78391e-05 5.27301e-05 5.20956e-05 4.96602e-05 4.92308e-05 2.75737e-05 2.5844e-05 2.26502e-05 2.10361e-05 1.44101e-05 1.05459e-05 9.04265e-06 7.62849e-06 6.34502e-06 5.63975e-06
threshold=-0.16059536451364584 0.753201698074353 -1.1220006452861657 -1.4954214039679192 1.4984913862967428 1.6744143058957655 -1.3588862079519159 1.453390791466189 1.3544134634536154 -1.751772875202654 1.3286686599804163 -1.5529133860533466 -1.7963875429977501 0.22942828541481655 -0.75576832982560371 -1.4397021982217455 -2.168360036504775 1.6296753411068789 2.2824319959938197 -2.168360036504775 2.2824319959938197 2.0001408047633369 2.0729568801291083 -2.4195820939365831 -2.6886634606268021 -0.75576832982560371 -2.0796896755126508 0.4784629663151731 -2.1405292219366321 2.4489747911018247
decision_type=2 2 2 2 2 2 2 2 2 2 2 2 2 2 2 2 2 2 2 2 2 2 2 2 2 2 2 2 2 2
left_child=2 3 10 16 13 6 19 8 9 -3 11 23 -13 -5 -8 26 24 -17 -6 -4 -10 28 25 -1 -2 -7 -9 -18 -12 -24
right_child=1 7 5 4 18 22 14 15 20 -11 21 12 -14 -15 -16 17 27 -19 -20 -21 -22 -23 29 -25 -26 -27 -28 -29 -30 -31
leaf_value=-9.7082488678602714e-05 -6.8609756870298755e-05 -1.4209404267371787e-05 -6.0104300654798657e-05 4.9107895767364231e-06 -1.3339418587152708e-05 -4.9012616250660979e-05 -1.4565710213745989e-05 -7.979744464137185e-06 9.5801246013503745e-07 2.4421043783257482e-05 -6.7722478057918569e-05 -3.9037924022994871e-05 -2.307262252639101e-05 1.3649810190828778e-05 -4.8120501094210442e-06 4.1413827640306873e-05 -1.6210556086890612e-05 9.2691626786860862e-06 -4.8639662472234736e-05 -2.7934774883415429e-05 -3.4913281664754572e-05 -7.7115789864475579e-05 -4.8325429102836402e-05 -5.6038232728218784e-05 -3.5715884591525084e-05 -2.7009355597240962e-05 1.5722111699419245e-05 -2.969784774856006e-06 -4.5560160575042023e-05 -6.4830970966415791e-05
leaf_weight=36 45 208 142 4535 640 77 2756 56 358 4441 37 992 2695 5178 6052 2123 403 134 118 732 63 107 120 235 128 186 143 149 254 91
leaf_count=36 45 208 142 4535 640 77 2756 56 358 4441 37 992 2695 5178 6052 2123 403 134 118 732 63 107 120 235 128 186 143 149 254 91
internal_value=5.03916e-15 1.3815e-05 -1.78228e-05 5.71972e-06 7.51336e-06 -1.16921e-05 -1.01476e-05 2.58579e-05 2.04422e-05 2.26927e-05 -3.21166e-05 -2.97045e-05 -2.73681e-05 9.56956e-06 -7.86394e-06 3.70379e-05 -2.01854e-05 3.95054e-05 -1.88347e-05 -3.31614e-05 -4.4099e-06 -5.6104e-05 -4.32413e-05 -6.14906e-05 -4.42721e-05 -3.34514e-05 9.05224e-06 -1.26365e-05 -4.8378e-05 -5.54439e-05
internal_weight=33234 18722 14512 11196 10471 10156 9682 7526 5070 4649 4356 3958 3687 9713 8808 2456 725 2257 758 874 421 398 474 271 173 263 199 552 291 211
internal_count=33234 18722 14512 11196 10471 10156 9682 7526 5070 4649 4356 3958 3687 9713 8808 2456 725 2257 758 874 421 398 474 271 173 263 199 552 291 211
is_linear=0
shrinkage=0.05


Tree=7
num_leaves=31
num_cat=0
split_feature=2 2 2 2 2 1 9 9 2 2 2 9 1 1 1 1 1 2 9 1 1 1 9 9 3 7 7 5 5 7
split_gain=0.000576312 0.000646787 0.000156473 0.00014427 0.000100587 8.93975e-05 0.000464146 0.00015526 4.6504e-05 2.00119e-05 1.71414e-05 1.37658e-05 8.4024e-05 2.34931e-05 1.17105e-05 1.03185e-05 8.07454e-06 7.24189e-06 7.19233e-06 9.12931e-06 5.99071e-06 5.96374e-06 5.64548e-06 4.89176e-06 3.47585e-06 2.90121e-06 2.54306e-06 3.19243e-06 1.99339e-06 1.57237e-06
threshold=1.5950900934523753 -1.3588862079519159 -2.0796896755126508 1.0477824858292661 2.2824319959938197 1.1026668890579543 0.57131886599964077 -0.93712140738179406 -2.6886634606268021 1.9336164207428628 -1.6653548660123814 -0.82067461991557156 -0.89443768001283008 1.0715333935771214 -1.4002953833231657 0.94064149433944466 0.74069354607501003 2.6410152510235889 1.263029701720191 -0.6055740763804901 -1.2398509936349453 0.088904612453514359 -0.54172463951810179 0.98988112730110023 1.0386890773684645 0.33240062849891211 1.0349132306467907 -1.2365548401297417 1.0839313365599894 1.4601331841519993
decision_type=2 2 2 2 2 2 2 2 2 2 2 2 2 2 2 2 2 2 2 2 2 2 2 2 2 2 2 2 2 2
left_child=1 2 8 5 9 7 -7 -3 28 14 20 12 -5 -13 22 -12 -16 26 19 -11 -4 -20 -2 -10 25 -19 27 -6 -1 -28
right_child=4 3 10 11 17 6 -8 -9 23 18 15 13 -14 -15 16 -17 -18 24 21 -21 -22 -23 -24 -25 -26 -27 29 -29 -30 -31
leaf_value=-6.6243583052129549e-05 2.4948970001952895e-05 1.2985083886845013e-05 -9.0380011644118851e-06 3.7487831522870818e-05 -5.8394096011962294e-05 1.0661947900724548e-06 4.1485886813866509e-05 1.9698572531412548e-06 -3.7767636166704682e-05 -1.9356098408024994e-05 -1.2850713191169732e-05 -1.0247140260423554e-05 -9.0767099049652171e-06 3.982616047959004e-06 -2.0938361320090213e-05 -6.9352912153893464e-07 -9.493349034078121e-06 -5.6819245014506892e-05 -2.5295591168005246e-05 -3.5121548580390239e-05 -2.132640302749446e-05 1.0195005106652388e-05 -7.2003629257879861e-06 -2.4672552971062888e-05 -4.2316501761282174e-05 -7.3804190154677174e-05 -6.6555394369061105e-05 -4.0589739184096203e-05 -8.3380356445559298e-05 -4.672885773288727e-05
leaf_weight=112 22 3884 113 121 29 2507 991 18138 443 125 1113 2045 486 338 650 207 202 65 29 346 811 20 36 85 24 41 20 191 20 20
leaf_count=112 22 3884 113 121 29 2507 991 18138 443 125 1113 2045 486 338 650 207 202 65 29 346 811 20 36 85 24 41 20 191 20 20
internal_value=8.13918e-15 1.58483e-06 -2.08948e-05 3.87458e-06 -2.73548e-05 5.09204e-06 1.25173e-05 3.9126e-06 -4.22956e-05 -2.12162e-05 -1.46005e-05 -6.51657e-06 2.05513e-07 -8.22882e-06 -1.6745e-05 -1.09442e-05 -1.82249e-05 -4.9863e-05 -2.90408e-05 -3.09375e-05 -1.98236e-05 -1.08096e-05 4.99421e-06 -3.56595e-05 -5.94986e-05 -6.33889e-05 -4.50452e-05 -4.29367e-05 -6.88401e-05 -5.66421e-05
internal_weight=33234 31414 2904 28510 1820 25520 3498 22022 660 1430 2244 2990 607 2383 910 1320 852 390 520 471 924 49 58 528 130 106 260 220 132 40
internal_count=33234 31414 2904 28510 1820 25520 3498 22022 660 1430 2244 2990 607 2383 910 1320 852 390 520 471 924 49 58 528 130 106 260 220 132 40
is_linear=0
shrinkage=0.05


Tree=8
num_leaves=31
num_cat=0
split_feature=0 0 0 0 0 0 0 0 1 9 9 0 9 1 1 1 9 9 9 1 1 9 1 9 9 1 1 9 1 3
split_gain=0.00295669 0.000577137 0.000532625 0.000119657 9.95572e-05 9.81195e-05 8.44449e-05 3.02815e-05 2.7624e-05 9.24388e-05 3.04227e-05 2.75882e-05 2.75468e-05 0.000128252 5.23343e-05 2.11324e-05 0.000113186 2.76499e-05 2.0451e-05 8.55157e-05 2.69076e-05 1.88949e-05 8.65499e-05 2.00819e-05 1.74092e-05 8.26908e-05 3.01774e-05 9.57628e-06 8.32663e-06 5.19193e-06
threshold=-0.060533473015378168 0.94777544457328722 -1.0333928545389379 1.6422172030323459 -1.611566490720169 0.39988823528022882 -0.5343658492569543 2.424259361208724 1.0396456433610817 0.76863642963887413 -0.8911961645645835 -2.2593235276336157 -0.90523387660112575 -0.61691833778862304 1.024034392937297 0.98997545618385929 0.57131886599964077 -0.93712140738179406 0.98988112730110023 0.79748180999669127 -0.74202699079136802 -0.97009937248877565 -0.62950221850993782 0.86575506480726616 1.0428841977971171 0.68988159628758794 -0.66396806646538331 -0.87800371259436638 0.924558226945974 0.010535161149140852
decision_type=2 2 2 2 2 2 2 2 2 2 2 2 2 2 2 2 2 2 2 2 2 2 2 2 2 2 2 2 2 2
left_child=2 5 4 21 11 12 24 27 10 -10 -8 29 13 -2 -14 17 -17 -7 20 -20 -6 22 -3 -23 26 -26 -4 -5 -13 -1
right_child=1 3 6 7 18 15 8 -9 9 -11 -12 28 14 -15 -16 16 -18 -19 19 -21 -22 23 -24 -25 25 -27 -28 -29 -30 -31
leaf_value=-5.6007340841532306e-05 3.7388522163739935e-05 6.2459184733117305e-05 -8.2250261090725829e-06 4.4451884320915993e-05 -1.6418007139524362e-05 1.9515886104776853e-05 1.4097140657851196e-06 5.4234611087137689e-05 -6.0285279928613553e-06 3.2191572214376323e-05 -8.6629996905085504e-06 -3.7201213491711341e-05 -4.6892402812947268e-07 -1.4502140769732528e-07 1.3854104561345752e-05 8.3891852041094648e-06 4.7273889655491278e-05 9.481871651009056e-06 -2.5960968387051309e-05 2.2292130069515891e-05 -2.8332777183718564e-05 1.9005903588057674e-05 2.0108294774763638e-05 2.8289433797761787e-05 -1.7317727599252353e-05 2.0545527303774491e-05 -1.8011488786072358e-05 3.370397569108052e-05 -2.6621781869882811e-05 -4.4551783046031805e-05
leaf_weight=204 317 159 1057 252 606 830 917 258 693 205 4107 1096 4107 807 755 655 262 3973 402 119 2173 2621 500 749 538 197 3092 1167 224 192
leaf_count=204 317 159 1057 252 606 830 917 258 693 205 4107 1096 4107 807 755 655 262 3973 402 119 2173 2621 500 749 538 197 3092 1167 224 192
internal_value=-2.15684e-14 1.42163e-05 -1.5645e-05 2.72547e-05 -2.91099e-05 7.86088e-06 -9.39474e-06 3.84776e-05 -5.38074e-06 2.69655e-06 -6.82449e-06 -3.88784e-05 3.38609e-06 1.04405e-05 1.75524e-06 1.25438e-05 1.94991e-05 1.12158e-05 -2.40303e-05 -1.49396e-05 -2.57346e-05 2.25834e-05 3.03265e-05 2.10692e-05 -1.42618e-05 -7.16934e-06 -1.55183e-05 3.56127e-05 -3.54059e-05 -5.04531e-05
internal_weight=33234 17412 15822 5706 5016 11706 10806 1677 5922 898 5024 1716 5986 1124 4862 5720 917 4803 3300 521 2779 4029 659 3370 4884 735 4149 1419 1320 396
internal_count=33234 17412 15822 5706 5016 11706 10806 1677 5922 898 5024 1716 5986 1124 4862 5720 917 4803 3300 521 2779 4029 659 3370 4884 735 4149 1419 1320 396
is_linear=0
shrinkage=0.05


Tree=9
num_leaves=31
num_cat=0
split_feature=0 0 0 2 2 2 2 0 2 2 2 2 0 0 0 2 2 2 2 2 2 2 2 2 2 0 2 0 2 0
split_gain=0.00267129 0.000598426 0.000415138 0.000170243 0.000181562 0.000160324 0.000166383 0.000149906 9.41346e-05 9.68984e-05 8.27798e-05 9.56481e-05 6.05344e-05 5.92957e-05 5.73266e-05 5.62191e-05 4.64598e-05 4.32688e-05 4.06319e-05 3.42093e-05 2.25876e-05 1.97317e-05 1.85087e-05 1.73393e-05 1.16875e-05 8.86352e-06 7.441e-06 5.10532e-06 4.62232e-06 4.58616e-06
threshold=-0.16059536451364584 0.753201698074353 -1.1220006452861657 -1.6256764294194415 1.3788220200484551 1.6744143058957655 -1.3588862079519159 1.453390791466189 1.3544134634536154 -1.751772875202654 1.3544134634536154 -1.5529133860533466 -1.7963875429977501 -0.75576832982560371 0.22942828541481655 -1.4397021982217455 2.2824319959938197 1.3544134634536154 -2.168360036504775 -2.168360036504775 2.2824319959938197 2.0001408047633369 2.0729568801291083 -2.4195820939365831 -2.6886634606268021 -0.75576832982560371 -2.0796896755126508 0.32302688836684867 2.4489747911018247 -1.8526804930037224
decision_type=2 2 2 2 2 2 2 2 2 2 2 2 2 2 2 2 2 2 2 2 2 2 2 2 2 2 2 2 2 2
left_child=2 3 10 19 14 6 18 8 9 -3 11 23 -13 -8 -5 26 -6 -17 -4 24 -10 29 25 -1 -2 -7 -9 -21 -24 -12
right_child=1 7 5 4 16 22 13 15 20 -11 21 12 -14 -15 -16 17 -18 -19 -20 27 -22 -23 28 -25 -26 -27 -28 -29 -30 -31
leaf_value=-8.788415620478595e-05 -6.2049174125099351e-05 -1.2832503798940401e-05 -5.4457328257394442e-05 4.4662094884162339e-06 -1.027247143900147e-05 -4.4371268610687708e-05 -1.3187121680962862e-05 -7.4042938714618294e-06 6.9022752996441646e-07 2.2084421622036892e-05 -5.5899348001275943e-05 -3.5327904392025336e-05 -2.0924353621572567e-05 -4.3394080469262382e-06 1.2172671164284817e-05 3.8032120407986171e-05 -4.384864961925275e-05 1.4595977309166744e-05 -2.5231992765562957e-05 -1.8334745546528415e-05 -3.1776200702306746e-05 -6.9600025088679721e-05 -4.354117866910201e-05 -5.0620492661147053e-05 -3.2425283509951445e-05 -2.4199259432470982e-05 1.4096286356736807e-05 -6.7756294628060716e-06 -5.8483900136127557e-05 -4.0567172941447966e-05
leaf_weight=36 45 208 142 4505 812 77 2756 56 358 4441 64 998 2711 6052 5197 2039 118 218 732 225 63 107 120 235 128 186 143 166 91 205
leaf_count=36 45 208 142 4505 812 77 2756 56 358 4441 64 998 2711 6052 5197 2039 118 218 732 225 63 107 120 235 128 186 143 166 91 205
internal_value=-1.75492e-15 1.24803e-05 -1.6101e-05 5.15126e-06 6.57132e-06 -1.05625e-05 -9.17254e-06 2.33834e-05 1.8472e-05 2.05222e-05 -2.90137e-05 -2.68952e-05 -2.48e-05 -7.10783e-06 8.59427e-06 3.35222e-05 -1.45327e-05 3.57685e-05 -2.99803e-05 -2.16183e-05 -4.16817e-06 -5.14389e-05 -3.89549e-05 -5.55706e-05 -4.01309e-05 -3.01051e-05 8.04587e-06 -1.34273e-05 -4.99857e-05 -4.4215e-05
internal_weight=33234 18722 14512 11196 10632 10156 9682 7526 5070 4649 4356 3980 3709 8808 9702 2456 930 2257 874 564 421 376 474 271 173 263 199 391 211 269
internal_count=33234 18722 14512 11196 10632 10156 9682 7526 5070 4649 4356 3980 3709 8808 9702 2456 930 2257 874 564 421 376 474 271 173 263 199 391 211 269
is_linear=0
shrinkage=0.05


Tree=10
num_leaves=31
num_cat=0
split_feature=0 0 0 2 2 2 2 0 0 2 2 0 0 2 2 2 2 2 2 2 2 2 2 2 2 0 2 2 2 2
split_gain=0.00241526 0.000505153 0.000413095 0.000175006 0.000201262 0.000157758 0.000162903 0.000122273 8.59806e-05 7.87992e-05 7.53631e-05 6.5202e-05 5.40657e-05 4.8243e-05 4.72977e-05 4.50013e-05 4.43384e-05 4.01109e-05 3.87005e-05 4.12955e-05 3.20053e-05 2.31678e-05 2.45125e-05 1.14172e-05 8.85932e-06 6.74414e-06 5.94399e-06 5.93758e-06 5.18002e-06 4.35823e-06
threshold=0.03441740350671222 -0.83554081716490358 1.1904384868094158 1.3544134634536154 -1.38446006412892 -1.6256764294194415 1.3544134634536154 -1.5440321850609642 0.56695561427428853 1.3286686599804163 -1.0838160176996881 1.8650705099142275 -0.33321383829159396 2.1722840468670355 -2.168360036504775 2.0729568801291083 -1.751772875202654 1.558679121802121 1.558679121802121 -1.4671302284054153 -2.6886634606268021 -1.38446006412892 1.6296753411068789 1.8785139791464254 -2.0796896755126508 -2.0500401605664149 -2.2816077370803254 2.6410152510235889 1.6744143058957655 -2.0796896755126508
decision_type=2 2 2 2 2 2 2 2 2 2 2 2 2 2 2 2 2 2 2 2 2 2 2 2 2 2 2 2 2 2
left_child=1 7 3 4 14 20 12 18 -6 10 -9 16 -7 28 -2 -8 26 -18 19 -1 -3 29 -23 -11 -22 -20 -4 -15 -5 -13
right_child=2 5 11 13 8 6 15 9 -10 23 -12 21 -14 27 -16 -17 17 -19 25 -21 24 22 -24 -25 -26 -27 -28 -29 -30 -31
leaf_value=-5.7089101359334535e-05 -3.2577269822538373e-05 -7.6126042702712889e-05 -2.1876610676372367e-05 -1.8303760849733899e-06 9.0970731374069595e-06 -6.3388510511772603e-06 -1.8973619528557896e-05 -3.3238158549851595e-05 1.8330662763118142e-05 -3.3885270731022709e-05 -1.4640333014429936e-05 -1.8570430728249012e-06 1.4429577016549091e-06 -2.8311813035683233e-05 -4.8181375235592403e-06 -4.5704408060710284e-05 2.7104541192880942e-05 2.9946657965976215e-06 -7.597678192420669e-05 -3.0131481126074914e-05 -3.8370812230823507e-05 4.3144126229270206e-05 7.164169578800283e-06 -5.1053287196381708e-05 -2.4320896918790382e-05 -5.1975488808238877e-05 2.0463948756612906e-06 -4.8889296965389432e-05 -9.5865328264818693e-06 2.1988803155870824e-05
leaf_weight=155 188 39 40 482 5475 4761 690 639 4673 270 3692 27 4202 130 835 204 2555 185 48 1702 170 889 50 151 330 75 74 48 389 66
leaf_count=155 188 39 40 482 5475 4761 690 639 4673 270 3692 27 4202 130 835 204 2555 185 48 1702 170 889 50 151 330 75 74 48 389 66
internal_value=-1.08635e-14 -1.30708e-05 1.39002e-05 9.38456e-06 1.12182e-05 -6.16096e-06 -4.72065e-06 -2.37414e-05 1.3349e-05 -1.93917e-05 -1.73843e-05 2.81001e-05 -2.69061e-06 -1.01417e-05 -9.91952e-06 -2.50733e-05 2.42055e-05 2.54767e-05 -3.41806e-05 -3.23816e-05 -3.25006e-05 3.88706e-05 4.12283e-05 -4.00429e-05 -2.90979e-05 -6.13418e-05 -6.34764e-06 -3.38608e-05 -5.29438e-06 1.50658e-05
internal_weight=33234 17128 16106 12220 11171 10396 9857 6732 10148 4752 4331 3886 8963 1049 1023 894 2854 2740 1980 1857 539 1032 939 421 500 123 114 178 871 93
internal_count=33234 17128 16106 12220 11171 10396 9857 6732 10148 4752 4331 3886 8963 1049 1023 894 2854 2740 1980 1857 539 1032 939 421 500 123 114 178 871 93
is_linear=0
shrinkage=0.05


Tree=11
num_leaves=31
num_cat=0
split_feature=0 0 0 2 2 2 2 0 2 2 0 2 2 2 0 2 0 2 2 2 2 2 2 2 0 2 0 1 2 2
split_gain=0.00218196 0.000504988 0.00033272 0.000147522 0.000158393 0.000145283 0.000156334 0.00012561 8.21597e-05 8.79062e-05 5.64974e-05 5.63507e-05 6.80455e-05 5.61994e-05 4.86654e-05 4.26755e-05 4.08007e-05 4.0149e-05 3.69024e-05 3.52222e-05 2.71692e-05 2.07685e-05 2.03237e-05 1.20634e-05 1.13729e-05 9.96543e-06 6.08027e-06 4.94833e-06 4.7047e-06 3.19182e-06
threshold=-0.18147611569159192 0.753201698074353 -1.2371041206587363 -1.4954214039679192 1.1038211126791511 1.2600918054799803 -1.3071842486804912 1.6422172030323459 1.3544134634536154 -1.8031358028965385 -0.78199072615246834 -1.4954214039679192 1.0824267418355495 2.0729568801291083 0.15012681065801303 -2.2816077370803254 -2.1405292219366321 -1.6256764294194415 2.0729568801291083 -2.168360036504775 1.6296753411068789 2.2824319959938197 2.0001408047633369 -2.4195820939365831 -0.55759963332815554 -2.6886634606268021 0.4784629663151731 -0.86475419474756687 2.4489747911018247 -2.0796896755126508
decision_type=2 2 2 2 2 2 2 2 2 2 2 2 2 2 2 2 2 2 2 2 2 2 2 2 2 2 2 2 2 2
left_child=2 3 11 19 14 6 15 8 9 -3 -8 23 16 -6 -5 -4 -13 29 24 25 -19 -10 -14 -1 -7 -2 -21 -25 -20 -9
right_child=1 7 5 4 13 18 10 17 21 -11 -12 12 22 -15 -16 -17 -18 20 28 26 -22 -23 -24 27 -26 -27 -28 -29 -30 -31
leaf_value=-8.0864773441009742e-05 -5.6882364167702492e-05 -1.1594589436170098e-05 -5.6682295865048719e-05 3.9148550805562687e-06 -5.0245439088324999e-06 -2.7937615352831889e-05 -1.1806458766792316e-05 -7.6214609604600512e-06 2.2883101296792179e-06 2.0822690729913233e-05 -3.2970828111883731e-06 -3.7727337361839595e-05 -3.9028183270339361e-05 -3.2944907625001362e-05 1.1395642351463763e-05 -2.3534044651119643e-05 -2.0862687789922666e-05 3.6677912236234964e-05 -3.9714291031443973e-05 -1.4067833808928294e-05 6.9474836054948279e-06 -2.7467814152259962e-05 -6.5964747113338135e-05 -3.2904137733299547e-05 -1.6258890770485784e-05 -2.9609389355908155e-05 -2.3078857595354926e-06 -5.0558479080141226e-05 -5.4470209635566913e-05 1.0486010987218799e-05
leaf_weight=29 45 218 109 3552 1350 501 2987 45 426 5137 5622 421 377 208 5604 889 2421 1498 127 419 81 68 86 51 357 131 149 179 94 53
leaf_count=29 45 218 109 3552 1350 501 2987 45 426 5137 5622 421 377 208 5604 889 2421 1498 127 419 81 68 86 51 357 131 149 179 94 53
internal_value=-8.17299e-15 1.10998e-05 -1.47873e-05 4.49068e-06 5.98573e-06 -1.0375e-05 -8.42117e-06 2.11619e-05 1.77031e-05 1.9503e-05 -6.24952e-06 -2.80167e-05 -2.62567e-05 -8.75204e-06 8.49353e-06 -2.71544e-05 -2.33609e-05 3.32254e-05 -2.77712e-05 -1.70388e-05 3.51528e-05 -1.80767e-06 -4.40315e-05 -5.04755e-05 -2.30783e-05 -3.65826e-05 -1.09829e-05 -4.66438e-05 -4.59906e-05 2.17136e-06
internal_weight=33234 18984 14250 11458 10714 10686 9607 7526 5849 5355 8609 3564 3305 1558 9156 998 2842 1677 1079 744 1579 494 463 259 858 176 568 230 221 98
internal_count=33234 18984 14250 11458 10714 10686 9607 7526 5849 5355 8609 3564 3305 1558 9156 998 2842 1677 1079 744 1579 494 463 259 858 176 568 230 221 98
is_linear=0
shrinkage=0.05


Tree=12
num_leaves=31
num_cat=0
split_feature=0 0 0 2 2 2 2 2 2 0 2 2 0 0 0 2 2 2 2 2 2 2 2 0 9 2 0 2 0 7
split_gain=0.00197197 0.000398621 0.000352875 0.000143669 0.000155418 0.000130097 0.000148105 8.67854e-05 8.1061e-05 7.68118e-05 6.3814e-05 7.40604e-05 6.0277e-05 5.85987e-05 4.95971e-05 3.97881e-05 3.54436e-05 2.92396e-05 2.43747e-05 2.08125e-05 1.56109e-05 1.52189e-05 1.02793e-05 7.45072e-06 5.83816e-06 5.66636e-06 4.63717e-06 2.96551e-06 2.50087e-06 2.34307e-06
threshold=-0.070221991046121104 0.94777544457328722 -1.1037141955663425 1.4984913862967428 -1.38446006412892 1.6744143058957655 -1.3071842486804912 -1.3588862079519159 1.6296753411068789 1.8650705099142275 -1.751772875202654 1.0824267418355495 -0.41934260895060665 0.39041552216213266 -1.9791592519327497 -2.168360036504775 -2.168360036504775 2.2824319959938197 -2.2816077370803254 2.0001408047633369 2.4489747911018247 2.2824319959938197 -2.4195820939365831 -0.78199072615246834 1.4818967210435838 1.9336164207428628 1.3701203792074639 2.6410152510235889 -1.611566490720169 -0.49620762543946051
decision_type=2 2 2 2 2 2 2 2 2 2 2 2 2 2 2 2 2 2 2 2 2 2 2 2 2 2 2 2 2 2
left_child=2 3 10 4 15 6 16 18 9 -9 22 14 -8 -6 -12 -2 -4 25 26 -13 23 -10 -1 -7 -20 -5 -3 -19 -24 -22
right_child=1 7 5 17 13 20 12 8 21 -11 11 19 -14 -15 -16 -17 -18 27 24 -21 29 -23 28 -25 -26 -27 -28 -29 -30 -31
leaf_value=-7.7456761937355628e-05 -3.23001558899952e-05 -3.1383535605663324e-05 -4.6466862546594715e-05 -7.2676797340558291e-06 5.8121369450677384e-06 -3.9859752821400812e-05 -8.2420937361900864e-06 2.2948484053067202e-05 5.3207768437712531e-06 3.9245038672098877e-05 -3.3345376599176154e-05 -3.5330790541342446e-05 -1.7345286807999568e-07 1.3440559945492932e-05 -1.8171558446483015e-05 -6.46150449973714e-06 -2.0901444896245067e-05 -3.0568742019048456e-05 6.54760718735167e-06 -5.9234849556690149e-05 -3.8440706069835599e-05 -2.1230617669932825e-05 -5.5151012018939129e-05 -2.4597151837948649e-05 3.0536932859427509e-05 -1.7710302522628233e-05 -8.6621632045683131e-06 -4.6592298084843522e-05 -4.2064944003975734e-05 -5.5814388408338266e-05
leaf_weight=36 184 47 160 496 5060 108 5784 3992 225 883 654 487 3859 5010 3050 783 888 84 418 112 27 71 64 308 27 176 43 44 85 69
leaf_count=36 184 47 160 496 5060 108 5784 3992 225 883 654 487 3859 5010 3050 783 888 84 418 112 27 71 64 308 27 176 43 44 85 69
internal_value=2.4703e-16 1.15187e-05 -1.28782e-05 6.28575e-06 7.76878e-06 -8.13235e-06 -6.95321e-06 2.23742e-05 2.43577e-05 2.59002e-05 -2.47249e-05 -2.34886e-05 -5.01313e-06 9.60741e-06 -2.08507e-05 -1.13781e-05 -2.48046e-05 -1.41745e-05 3.20355e-06 -3.98003e-05 -3.27536e-05 -1.04797e-06 -5.34791e-05 -2.85596e-05 8.00314e-06 -1.00027e-05 -2.05278e-05 -3.60768e-05 -4.76858e-05 -5.0928e-05
internal_weight=33234 17543 15691 11837 11037 11203 10691 5706 5171 4875 4488 4303 9643 10070 3704 967 1048 800 535 599 512 296 185 416 445 672 90 128 149 96
internal_count=33234 17543 15691 11837 11037 11203 10691 5706 5171 4875 4488 4303 9643 10070 3704 967 1048 800 535 599 512 296 185 416 445 672 90 128 149 96
is_linear=0
shrinkage=0.05


Tree=13
num_leaves=31
num_cat=0
split_feature=0 0 0 0 0 0 0 1 1 1 1 0 1 1 1 1 1 1 0 0 1 1 1 1 0 1 10 6 3 10
split_gain=0.00178271 0.000376814 0.000312337 9.37283e-05 7.55954e-05 5.13682e-05 4.79666e-05 2.49864e-05 3.06086e-05 2.36857e-05 2.508e-05 2.32414e-05 1.77453e-05 2.29939e-05 1.67079e-05 2.32348e-05 1.66457e-05 2.27052e-05 1.22992e-05 9.50832e-06 8.72464e-06 8.60824e-06 6.36535e-06 6.06307e-06 5.83639e-06 5.67142e-06 5.30818e-06 5.15596e-06 4.42006e-06 2.09348e-06
threshold=0.03441740350671222 -0.83554081716490358 1.1904384868094158 -1.5440321850609642 0.56695561427428853 2.1495085436341319 -0.33321383829159396 1.4216406639074999 -1.016833957168777 1.236805545213794 -1.2827851534111534 -2.2593235276336157 1.0715333935771214 -0.74202699079136802 1.0715333935771214 -0.67682274368452855 0.89459710910382439 -0.9822744413062382 1.6054878974634625 2.6603794549060091 0.5904749520432222 -1.1630424966450221 2.0742979266505457 0.67728815983747703 -1.375897962666224 0.86599175937306294 1.638078359983417 1.9240026316997132 0.010535161149140852 0.11975129135318653
decision_type=2 2 2 2 2 2 2 2 2 2 2 2 2 2 2 2 2 2 2 2 2 2 2 2 2 2 2 2 2 2
left_child=1 3 4 11 9 18 14 8 -8 10 -2 28 13 -5 15 -3 17 -6 21 23 -13 -4 -11 -7 -14 -20 -16 -18 -1 -21
right_child=2 6 5 12 16 19 7 -9 -10 22 -12 20 24 -15 26 -17 27 -19 25 29 -22 -23 -24 -25 -26 -27 -28 -29 -30 -31
leaf_value=-4.5544262293868303e-05 1.2604941379777993e-05 -4.1974829009507973e-06 2.8190146314367455e-05 -1.1569134694268325e-05 1.8066856484097616e-05 3.1716609952925027e-05 6.5459604559866849e-06 1.0607999198221825e-05 -4.5387965751323553e-06 1.100683313600569e-05 2.2391464722887649e-06 -2.9272464877083623e-05 -1.9596473330855556e-05 -2.0174024317840053e-05 -9.6639835367893167e-07 -1.1860157715158545e-05 1.8598695183923472e-05 9.2243260710048562e-06 2.4286398140075566e-05 5.7783773671213444e-05 -2.1129034460562862e-05 1.8448015355332166e-05 2.3844733810709968e-05 4.6770168228249535e-05 -7.4404228001068901e-06 3.2792183221409345e-05 -2.0870949397249207e-05 -2.1016136058953579e-06 -3.4974485807026667e-05 4.4979472009082445e-05
leaf_weight=204 656 1409 259 1050 907 301 748 384 3720 576 5282 1118 118 2979 779 3321 1015 3637 1049 58 466 1821 116 86 605 241 35 31 192 71
leaf_count=204 656 1409 259 1050 907 301 748 384 3720 576 5282 1118 118 2979 779 3321 1015 3637 1049 58 466 1821 116 86 605 241 35 31 192 71
internal_value=-8.78768e-15 -1.12295e-05 1.1942e-05 -2.04454e-05 8.01555e-06 2.42893e-05 -5.2616e-06 -1.63118e-06 -2.68307e-06 4.40452e-06 3.38431e-06 -2.95853e-05 -1.66372e-05 -1.79315e-05 -8.43888e-06 -9.57756e-06 1.22984e-05 1.09893e-05 2.20399e-05 3.89805e-05 -2.68767e-05 1.96611e-05 1.31589e-05 3.50618e-05 -9.4244e-06 2.58755e-05 -1.82225e-06 1.79852e-05 -4.04195e-05 5.07364e-05
internal_weight=33234 17128 16106 6732 12220 3886 10396 4852 4468 6630 5938 1980 4752 4029 5544 4730 5590 4544 3370 516 1584 2080 692 387 723 1290 814 1046 396 129
internal_count=33234 17128 16106 6732 12220 3886 10396 4852 4468 6630 5938 1980 4752 4029 5544 4730 5590 4544 3370 516 1584 2080 692 387 723 1290 814 1046 396 129
is_linear=0
shrinkage=0.05


Tree=14
num_leaves=30
num_cat=0
split_feature=2 2 2 2 2 2 1 2 2 1 9 9 2 1 9 1 1 9 1 1 2 4 1 7 9 1 3 4 4
split_gain=0.00035624 0.000418786 0.000110277 9.30226e-05 8.45776e-05 7.59045e-05 6.26875e-05 2.13917e-05 1.93553e-05 1.45953e-05 4.47991e-05 1.55498e-05 1.36067e-05 1.35377e-05 1.17808e-05 6.11904e-05 1.43397e-05 7.1122e-06 1.18691e-05 7.67569e-06 6.29461e-06 4.94726e-06 4.57691e-06 3.65667e-06 2.92123e-06 1.68026e-05 1.98504e-06 1.80214e-06 2.82984e-06
threshold=-1.5240858570662013 1.3286686599804163 -0.92812834856812043 2.0001408047633369 0.81159094054362479 -2.4195820939365831 -0.93870709599734081 -1.9983378001733816 2.2824319959938197 -1.3293258329357414 -0.6806897370892967 1.5095568735938416 -2.6886634606268021 -1.1799663875614275 -0.92188195876508416 -0.59340315216661754 1.1220423564153033 1.835174276992078 0.46322323699360252 -1.5913586195560898 2.6410152510235889 -0.78458106820761264 -0.6055740763804901 0.86699126373901048 0.71515966884458604 0.62647607747695966 -1.4588074951606431 0.81561610378301574 0.3723572875079188
decision_type=2 2 2 2 2 2 2 2 2 2 2 2 2 2 2 2 2 2 2 2 2 2 2 2 2 2 2 2 2
left_child=5 2 9 14 6 12 -4 24 22 10 -2 -11 27 -6 15 -3 -16 19 -19 -9 -10 -14 -5 -23 26 -26 -7 28 -1
right_child=1 3 4 8 13 7 -8 17 20 11 -12 -13 21 -15 16 -17 -18 18 -20 -21 -22 23 -24 -25 25 -27 -28 -29 -30
leaf_value=-5.4610753315500922e-05 3.2599958717362176e-05 2.7728728023610743e-05 1.1767203950204438e-05 -1.3931939806373825e-05 5.8840907012834369e-06 -3.907961548858082e-05 4.4729120525900322e-06 1.5019245219713114e-06 -3.467187428896068e-05 -6.7121315529228955e-06 -6.7721011800514585e-06 7.157807253945605e-06 -1.6127155475025517e-05 -3.3543923496972264e-06 -1.4667464110020664e-05 -1.5708424320892509e-05 -1.590749468317325e-06 -1.9452930768159645e-05 3.0811315946266403e-05 -1.4590714385431469e-05 -4.8146861420788741e-05 -4.383634063060527e-05 -2.6506108565008369e-05 -2.039304242879596e-05 -3.1055228057879107e-05 6.8594834913100882e-06 -2.5902261268043804e-05 -4.575655856892662e-05 -7.3753063043113803e-05
leaf_weight=75 103 113 3564 96 448 31 16972 79 260 3135 242 216 31 3452 1568 287 242 23 24 1194 130 80 294 21 87 44 366 31 26
leaf_count=75 103 113 3564 96 448 31 16972 79 260 3135 242 216 31 3452 1568 287 242 23 24 1194 130 80 294 21 87 44 366 31 26
internal_value=-2.43715e-14 1.34854e-06 3.23944e-06 -1.64423e-05 4.45692e-06 -1.98718e-05 5.73883e-06 -1.62891e-05 -3.12872e-05 -4.80993e-06 4.98246e-06 -5.8181e-06 -4.49505e-05 -2.29315e-06 -1.12029e-05 -3.43743e-06 -1.29191e-05 -1.28868e-05 6.21392e-06 -1.3592e-05 -3.91635e-05 -3.35993e-05 -2.34109e-05 -3.8962e-05 -2.47949e-05 -1.83205e-05 -2.69312e-05 -5.63018e-05 -5.95385e-05
internal_weight=33234 31122 28132 2990 24436 2112 20536 1848 780 3696 345 3351 264 3900 2210 400 1810 1320 47 1273 390 132 390 101 528 131 397 132 101
internal_count=33234 31122 28132 2990 24436 2112 20536 1848 780 3696 345 3351 264 3900 2210 400 1810 1320 47 1273 390 132 390 101 528 131 397 132 101
is_linear=0
shrinkage=0.05


Tree=15
num_leaves=30
num_cat=0
split_feature=2 2 2 2 2 2 1 2 1 1 1 1 1 2 1 2 2 2 10 1 3 10 10 8 2 3 7 5 4
split_gain=0.000322925 0.000375329 0.000107642 9.67338e-05 6.95707e-05 5.55639e-05 5.10297e-05 3.07924e-05 1.78493e-05 1.62272e-05 1.92914e-05 1.10103e-05 1.12666e-05 1.10011e-05 8.73942e-06 5.68089e-06 5.42801e-06 4.35418e-06 4.35013e-06 3.8142e-06 4.16156e-06 3.28413e-06 3.26341e-06 2.70163e-06 2.67102e-06 2.57191e-06 2.3018e-06 2.03438e-06 1.62643e-06
threshold=1.5950900934523753 -1.2806395457818702 0.81159094054362479 -2.0796896755126508 -0.63073384021149381 2.2824319959938197 -0.93870709599734081 -2.6886634606268021 1.1370964175487821 1.0715333935771214 -1.1799663875614275 -0.65289728575712747 0.74069354607501003 -1.751772875202654 0.924558226945974 2.6410152510235889 1.8785139791464254 2.0001408047633369 1.2688748078896308 -1.4002953833231657 0.16607559572083599 0.97219390412584594 -0.53905924461289445 1.1130434593409686 1.9336164207428628 1.0386890773684645 0.33240062849891211 -1.0781479017572619 0.81561610378301574
decision_type=2 2 2 2 2 2 2 2 2 2 2 2 2 2 2 2 2 2 2 2 2 2 2 2 2 2 2 2 2
left_child=1 3 4 7 8 11 -6 28 -3 10 -4 19 17 21 -15 23 -14 -13 -11 24 -21 -5 -9 27 -2 26 -17 -7 -1
right_child=5 2 9 13 6 15 -8 22 -10 18 -12 12 16 14 -16 25 -18 -19 -20 20 -22 -23 -24 -25 -26 -27 -28 -29 -30
leaf_value=-5.6561552930973688e-05 7.0464506636418609e-06 -1.5536399950837074e-06 3.6168349578484063e-06 -1.7627418918923811e-05 1.1902597651569189e-05 -4.5379098647620258e-05 4.7987169290508874e-06 -3.2845313321621233e-05 7.0676917054868229e-06 4.5192631474273115e-06 -6.0425528458525136e-06 -1.9429705406952241e-05 -4.4574566950091939e-06 -1.0121094477414502e-05 -1.2609955464160603e-06 -4.3234175764854839e-05 -1.7416652897222835e-05 -2.7941502322800511e-05 -8.9329248195016671e-06 -5.5301551043183622e-06 -1.8256308827804495e-05 -8.0577299961979092e-06 -2.4056818334007994e-05 -1.908561794886238e-05 -1.0603726585647083e-05 -3.0959542709751989e-05 -5.8363097701746992e-05 -3.2711481884908461e-05 -4.3468730878122453e-05
leaf_weight=101 58 4713 600 553 3058 38 14585 146 688 672 3732 548 170 1645 335 65 154 207 66 141 118 107 382 31 34 24 41 191 31
leaf_count=101 58 4713 600 553 3058 38 14585 146 688 672 3732 548 170 1645 335 65 154 207 66 141 118 107 382 31 34 24 41 191 31
internal_value=-1.13214e-14 1.18633e-06 3.05877e-06 -1.47658e-05 4.50997e-06 -2.04765e-05 6.03001e-06 -3.18869e-05 -4.55422e-07 -3.53715e-06 -4.70469e-06 -1.59141e-05 -1.84164e-05 -1.04855e-05 -8.62204e-06 -3.72054e-05 -1.06171e-05 -2.17634e-05 3.31622e-06 -8.22173e-06 -1.13282e-05 -1.6076e-05 -2.6487e-05 -3.29383e-05 5.23559e-07 -4.57395e-05 -4.90859e-05 -3.48135e-05 -5.34867e-05
internal_weight=33234 31414 28114 3300 23044 1820 17643 660 5401 5070 4332 1430 1079 2640 1980 390 324 755 738 351 259 660 528 260 92 130 106 229 132
internal_count=33234 31414 28114 3300 23044 1820 17643 660 5401 5070 4332 1430 1079 2640 1980 390 324 755 738 351 259 660 528 260 92 130 106 229 132
is_linear=0
shrinkage=0.05


Tree=16
num_leaves=31
num_cat=0
split_feature=0 0 0 0 0 0 0 1 1 1 1 0 1 1 1 0 1 1 1 0 1 1 1 1 0 1 4 0 3 5
split_gain=0.00160836 0.000339416 0.000282389 8.40807e-05 5.71231e-05 5.36705e-05 4.31614e-05 2.19309e-05 2.45385e-05 1.90941e-05 1.9626e-05 1.90005e-05 1.62406e-05 1.55759e-05 2.01246e-05 1.54997e-05 1.48235e-05 1.81189e-05 1.46091e-05 1.22259e-05 8.64974e-06 8.01965e-06 6.87113e-06 6.66414e-06 6.51745e-06 6.12363e-06 4.06533e-06 3.41975e-06 3.25542e-06 1.93609e-06
threshold=0.03441740350671222 -0.83554081716490358 1.0636180363730892 -1.611566490720169 1.8650705099142275 0.50905676736307359 -0.33321383829159396 1.4216406639074999 -1.016833957168777 1.236805545213794 -1.2827851534111534 -2.4242525654851135 1.3278290977132812 1.0715333935771214 -0.75536288799258922 2.6603794549060091 1.1026668890579543 -0.67682274368452855 -0.96873555220810392 1.3701203792074639 0.924558226945974 0.88034716773880806 2.2644187622946923 2.0742979266505457 -1.375897962666224 -0.79623195602355079 0.42646243171529774 0.77725081247936156 -0.12487286769308638 0.78087493614115677
decision_type=2 2 2 2 2 2 2 2 2 2 2 2 2 2 2 2 2 2 2 2 2 2 2 2 2 2 2 2 2 2
left_child=1 3 5 11 19 9 16 8 -8 10 -2 28 18 14 -5 25 17 -3 -7 22 -13 -21 -4 -11 -15 -6 -18 -14 -1 -9
right_child=2 6 4 13 15 12 7 29 -10 23 -12 20 27 24 -16 -17 26 -19 -20 21 -22 -23 -24 -25 -26 -27 -28 -29 -30 -31
leaf_value=-4.7576912622609035e-05 1.1442633288369209e-05 -4.2942433028299085e-06 1.5559277927393883e-05 -1.1413337727665137e-05 3.7048931161914985e-05 1.5497078259185374e-05 5.7194378316567779e-06 1.1900812456768682e-05 -4.2055073479639204e-06 9.7466423979907502e-06 1.7537527047814885e-06 -2.8491546085026206e-05 1.4992178722850975e-05 -1.8550797720138237e-05 -1.9328038912076403e-05 4.8143466132697623e-05 1.0306137262660727e-06 -1.1047755061097215e-05 8.4502514305841118e-06 1.9955889298061302e-05 -1.8301787432660278e-05 2.8300147661364889e-05 4.1436181968142947e-05 2.3611514662801571e-05 -7.2032560437627371e-06 2.7334635628431738e-05 -6.6373637131756155e-06 2.3133629435019904e-05 -3.6389866676898156e-05 3.5829167408653875e-06
leaf_weight=116 587 1409 1924 1075 212 906 748 292 3720 520 4769 1200 255 160 3176 129 508 3365 3908 1455 252 359 26 104 605 691 262 261 148 92
leaf_count=116 587 1409 1924 1075 212 906 748 292 3720 520 4769 1200 255 160 3176 129 508 3365 3908 1455 252 359 26 104 605 691 262 261 148 92
internal_value=1.40801e-15 -1.06662e-05 1.13431e-05 -1.94129e-05 2.151e-05 7.03175e-06 -5.00225e-06 -1.55847e-06 -2.54395e-06 3.77999e-06 2.81562e-06 -2.89665e-05 1.06801e-05 -1.61446e-05 -1.73266e-05 3.19313e-05 -8.01618e-06 -9.05452e-06 9.77647e-06 1.86528e-05 -2.67231e-05 2.16073e-05 1.59043e-05 1.20575e-05 -9.5766e-06 2.96153e-05 -1.57849e-06 1.91102e-05 -4.13054e-05 9.90798e-06
internal_weight=33234 17128 16106 6732 4796 11310 10396 4852 4468 5980 5356 1716 5330 5016 4251 1032 5544 4774 4814 3764 1452 1814 1950 624 765 903 770 516 264 384
internal_count=33234 17128 16106 6732 4796 11310 10396 4852 4468 5980 5356 1716 5330 5016 4251 1032 5544 4774 4814 3764 1452 1814 1950 624 765 903 770 516 264 384
is_linear=0
shrinkage=0.05


Tree=17
num_leaves=31
num_cat=0
split_feature=0 0 0 2 2 2 2 0 2 2 2 2 0 0 2 2 2 0 2 2 0 2 2 2 2 0 0 2 1 0
split_gain=0.00145341 0.000341434 0.00022652 0.000101824 0.000107252 0.000101535 0.000118992 7.98935e-05 5.29305e-05 6.00276e-05 3.87885e-05 4.71944e-05 3.83237e-05 3.66352e-05 3.56321e-05 2.8097e-05 2.80359e-05 2.76872e-05 2.44769e-05 2.43901e-05 2.00493e-05 1.43985e-05 1.34213e-05 1.0915e-05 7.86191e-06 6.84107e-06 6.80438e-06 5.71997e-06 4.41817e-06 2.6925e-06
threshold=-0.18147611569159192 0.78887942331830607 -1.2371041206587363 1.219472533277481 -1.4671302284054153 -1.38446006412892 1.1038211126791511 1.6422172030323459 1.3286686599804163 -0.95886925333318784 -1.4954214039679192 1.0824267418355495 -0.75576832982560371 0.20782044535869204 2.0729568801291083 -1.6256764294194415 -1.9983378001733816 -2.1405292219366321 1.8785139791464254 -2.2816077370803254 2.424259361208724 2.2824319959938197 2.0001408047633369 -2.6886634606268021 -2.4195820939365831 0.30174441984945971 -0.55759963332815554 2.4489747911018247 -0.86475419474756687 1.923950560831605
decision_type=2 2 2 2 2 2 2 2 2 2 2 2 2 2 2 2 2 2 2 2 2 2 2 2 2 2 2 2 2 2
left_child=2 5 10 4 19 16 13 8 9 -3 24 17 -6 -7 -8 29 23 -12 26 -4 -17 -10 -13 -2 -1 -18 -5 -20 -26 -9
right_child=1 7 3 18 12 6 14 15 21 -11 11 22 -14 -15 -16 20 25 -19 27 -21 -22 -23 -24 -25 28 -27 -28 -29 -30 -31
leaf_value=-6.6150566874120123e-05 -4.7444653941460683e-05 4.8252394353449863e-06 -4.679143211007713e-05 -2.1735348616597671e-05 -9.4904540402057784e-06 3.872403380321352e-06 -4.4005932390038578e-06 -7.5453698459766557e-06 2.3981405829479044e-06 1.8923362146963511e-05 -3.094720928617191e-05 -3.2261368237299399e-05 -2.6554386751860027e-06 1.0205706479491525e-05 -2.639233951569777e-05 2.6436577637374716e-05 -1.1014613983731634e-05 -1.7054610506136354e-05 -2.9775467708697596e-05 -2.1195951585141e-05 4.1972195073203993e-05 -2.2590136703327707e-05 -5.4150988394529886e-05 -2.0610255792282339e-05 -2.554157015400087e-05 -9.8610627369701935e-07 -1.2483829805258031e-05 -4.4308784286995628e-05 -4.222339930035748e-05 9.0612024997391502e-06
leaf_weight=29 45 928 109 467 3259 4079 1404 46 413 4051 421 377 5532 5187 212 1333 352 2421 242 637 246 67 86 240 51 329 346 94 179 52
leaf_count=29 45 928 109 467 3259 4079 1404 46 413 4051 421 377 5532 5187 212 1333 352 2421 242 637 246 67 86 240 51 329 346 94 179 52
internal_value=7.28999e-15 9.05912e-06 -1.20687e-05 -8.42802e-06 -6.73392e-06 3.85516e-06 5.23423e-06 1.76993e-05 1.4767e-05 1.62957e-05 -2.29844e-05 -2.15242e-05 -5.18932e-06 7.41771e-06 -7.28565e-06 2.72446e-05 -1.16802e-05 -1.91126e-05 -2.24896e-05 -2.49358e-05 2.88569e-05 -1.08981e-06 -3.63273e-05 -2.48473e-05 -4.16177e-05 -6.16971e-06 -1.7798e-05 -3.38413e-05 -3.85244e-05 1.26628e-06
internal_weight=33234 18984 14250 10686 9537 11848 10882 7136 5459 4979 3564 3305 8791 9266 1616 1677 966 2842 1149 746 1579 480 463 285 259 681 813 336 230 98
internal_count=33234 18984 14250 10686 9537 11848 10882 7136 5459 4979 3564 3305 8791 9266 1616 1677 966 2842 1149 746 1579 480 463 285 259 681 813 336 230 98
is_linear=0
shrinkage=0.05


Tree=18
num_leaves=31
num_cat=0
split_feature=0 0 0 0 0 0 0 9 1 1 9 1 1 9 1 1 9 1 1 9 1 1 9 1 1 0 0 1 9 3
split_gain=0.00131396 0.000266216 0.00024278 5.60802e-05 4.83547e-05 4.66273e-05 4.10069e-05 2.1377e-05 0.00010477 4.21125e-05 2.03627e-05 7.39568e-05 2.35481e-05 1.96775e-05 9.30305e-05 2.42503e-05 1.81355e-05 5.57662e-05 1.70572e-05 1.67345e-05 9.475e-05 2.34548e-05 1.5483e-05 0.000107276 2.67564e-05 1.29744e-05 1.16711e-05 8.86468e-06 6.49104e-06 2.90302e-06
threshold=-0.060533473015378168 0.94777544457328722 -1.0333928545389379 1.8650705099142275 -1.7963875429977501 0.39041552216213266 -0.49124372113921733 -0.90523387660112575 -0.61691833778862304 0.88034716773880806 1.1846356823716346 0.61324548051281513 -1.2207408229868306 -0.97009937248877565 -0.66396806646538331 0.924558226945974 1.4818967210435838 0.51829341173363119 -0.74202699079136802 -1.1806264924675525 -0.46984431920542086 1.0069277121078162 1.0051986008662774 0.62647607747695966 -1.3768329378639559 2.6603794549060091 -2.4242525654851135 0.924558226945974 -0.86335374831387401 -0.12487286769308638
decision_type=2 2 2 2 2 2 2 2 2 2 2 2 2 2 2 2 2 2 2 2 2 2 2 2 2 2 2 2 2 2
left_child=2 5 4 13 26 7 19 8 -2 -9 12 -12 -8 14 -3 -15 18 -18 -6 20 -4 -21 24 -24 -7 28 29 -28 -5 -1
right_child=1 3 6 25 16 22 10 9 -10 -11 11 -13 -14 15 -16 -17 17 -19 -20 21 -22 -23 23 -25 -26 -27 27 -29 -30 -31
leaf_value=-4.3526400507540411e-05 3.3031029826849902e-05 5.487551749088427e-05 2.60215075277693e-05 3.5761209970842619e-05 -1.127207149486951e-05 1.935560909922893e-05 5.6175331944196573e-06 -1.7289625308220284e-06 -1.3485344256385425e-06 1.0241595015327873e-05 -4.9738916647135077e-06 3.4918069450415281e-05 -5.4572088797983605e-06 1.2740580430703253e-05 1.3564236873396595e-05 2.2962173657196101e-05 -2.1363585615409479e-05 2.6047691191364458e-05 -1.9586443854852529e-05 -1.1878974414160657e-05 -1.4633585451151065e-05 -2.3747968290164625e-06 4.1954049951125284e-06 4.3176298405735466e-05 6.0890376742229938e-06 4.3714220179509548e-05 -2.7983762298335535e-05 -1.525660667509388e-05 2.476541309411023e-05 -3.2962182385517544e-05
leaf_weight=116 308 179 209 164 794 415 541 3850 790 908 439 158 4256 3216 571 708 172 97 2765 3971 456 776 683 238 4514 129 757 167 739 148
leaf_count=116 308 179 209 164 794 415 541 3850 790 908 439 158 4256 3216 571 708 172 97 2765 3971 456 776 683 238 4514 129 757 167 739 148
internal_value=-1.68259e-14 9.47711e-06 -1.04295e-05 1.83324e-05 -1.95202e-05 5.16069e-06 -6.20969e-06 2.00667e-06 8.29528e-06 5.55457e-07 -3.12445e-06 5.58378e-06 -4.20821e-06 1.60032e-05 2.34239e-05 1.45848e-05 -1.67854e-05 -4.26733e-06 -1.77315e-05 -9.28468e-06 -1.85627e-06 -1.03253e-05 8.31793e-06 1.42686e-05 7.20602e-06 2.88814e-05 -2.83325e-05 -2.56835e-05 2.67624e-05 -3.7604e-05
internal_weight=33234 17412 15822 5706 5016 11706 10806 5856 1098 4758 5394 597 4797 4674 750 3924 3828 269 3559 5412 665 4747 5850 921 4929 1032 1188 924 903 264
internal_count=33234 17412 15822 5706 5016 11706 10806 5856 1098 4758 5394 597 4797 4674 750 3924 3828 269 3559 5412 665 4747 5850 921 4929 1032 1188 924 903 264
is_linear=0
shrinkage=0.05


Tree=19
num_leaves=31
num_cat=0
split_feature=2 2 2 9 1 1 9 2 2 2 1 1 9 9 1 2 9 1 1 2 9 1 1 9 1 9 9 3 7 4
split_gain=0.000267203 0.000325392 9.5962e-05 7.22931e-05 0.00048703 0.00013497 0.000487638 6.6286e-05 3.56714e-05 2.97332e-05 2.15001e-05 1.55463e-05 3.62597e-05 1.88134e-05 1.262e-05 1.18911e-05 1.02729e-05 3.68428e-05 1.25377e-05 8.91035e-06 4.67569e-06 5.84085e-06 5.41359e-06 3.59867e-06 2.89301e-06 2.67613e-06 2.48028e-06 2.13155e-06 1.93917e-06 1.51093e-06
threshold=1.3544134634536154 -1.1543438667099963 -1.9983378001733816 0.86575506480726616 0.70150287320900073 -0.82404083512282644 -0.808506481854804 2.1722840468670355 0.81159094054362479 -2.6886634606268021 0.924558226945974 -1.2398509936349453 -0.6806897370892967 1.2054763186325934 0.5904749520432222 1.8785139791464254 -0.83382859117155483 -0.59340315216661754 0.82556028870577969 2.6410152510235889 1.0930368444657368 -0.64158161606978392 0.66474830870518276 0.71515966884458604 1.0069277121078162 -1.1990391419416853 0.2674900534732077 1.0386890773684645 0.33240062849891211 0.81561610378301574
decision_type=2 2 2 2 2 2 2 2 2 2 2 2 2 2 2 2 2 2 2 2 2 2 2 2 2 2 2 2 2 2
left_child=1 2 9 5 14 6 -3 15 -7 29 -6 12 -4 -13 -5 16 17 -2 -18 24 21 -17 -22 -11 25 -9 -26 28 -21 -1
right_child=7 3 11 4 10 8 -8 19 -10 23 -12 13 -14 -15 -16 20 18 -19 -20 27 22 -23 -24 -25 26 -27 -28 -29 -30 -31
leaf_value=-5.1995667851234336e-05 2.213248146604322e-05 3.8370118598578658e-05 2.5871488541178303e-05 -6.9284208088032021e-07 2.4386871591026823e-05 1.1072539250307496e-06 6.3809907357449883e-08 -1.5845031051261082e-05 -5.2420566756201813e-06 -2.514251923571921e-05 3.9702718289805599e-05 -1.0734078697728499e-05 -8.1885113865570496e-06 1.5336157037437986e-06 1.3363750893861828e-05 -9.1613116600217724e-06 -1.3414871065394862e-05 -1.1834200245990487e-05 -1.7762034441414564e-06 -3.9769884438450955e-05 -1.4322415779695735e-05 -2.2733937562852266e-05 1.6207175203817314e-05 -1.656343400711957e-05 -2.5020675754851914e-05 -3.0274791642232631e-05 -3.3469453290473958e-06 -2.8639178589173755e-05 -5.3656065219689576e-05 -3.9376287461510084e-05
leaf_weight=101 113 1123 109 3641 303 14298 3193 36 2617 498 940 2559 276 356 167 103 1145 272 290 65 53 344 20 162 33 299 22 24 41 31
leaf_count=101 113 1123 109 3641 303 14298 3193 36 2617 498 940 2559 276 356 167 103 1145 272 290 65 53 344 20 162 33 299 22 24 41 31
internal_value=-3.10668e-15 1.37573e-06 -1.17397e-05 3.41775e-06 8.79408e-06 2.13869e-06 1.00309e-05 -1.46106e-05 1.24922e-07 -2.73693e-05 3.59692e-05 -7.98866e-06 1.45445e-06 -9.23586e-06 -7.63896e-08 -1.10223e-05 -9.11707e-06 -1.86476e-06 -1.10628e-05 -3.0758e-05 -1.76905e-05 -1.96065e-05 -5.95814e-06 -2.30367e-05 -2.69792e-05 -2.87241e-05 -1.63512e-05 -4.20945e-05 -4.5141e-05 -4.9032e-05
internal_weight=33234 30374 4092 26282 5051 21231 4316 2860 16915 792 1243 3300 385 2915 3808 2340 1820 385 1435 520 520 447 73 660 390 335 55 130 106 132
internal_count=33234 30374 4092 26282 5051 21231 4316 2860 16915 792 1243 3300 385 2915 3808 2340 1820 385 1435 520 520 447 73 660 390 335 55 130 106 132
is_linear=0
shrinkage=0.05


Tree=20
num_leaves=31
num_cat=0
split_feature=0 0 0 2 2 2 2 0 2 2 2 0 0 2 2 2 2 2 2 2 2 2 2 10 0 0 1 2 3 3
split_gain=0.00118805 0.000293983 0.000182184 9.41011e-05 9.26841e-05 8.41499e-05 9.25351e-05 6.43815e-05 4.16571e-05 4.06356e-05 4.26511e-05 3.20637e-05 3.16087e-05 3.15762e-05 2.58311e-05 2.49751e-05 2.29244e-05 2.08741e-05 2.2844e-05 1.87956e-05 1.85831e-05 9.15705e-06 8.32838e-06 5.40754e-06 5.17572e-06 4.32717e-06 4.2872e-06 3.33988e-06 2.60722e-06 1.88348e-06
threshold=0.15012681065801303 -0.83554081716490358 1.2541350789664103 -1.6653548660123814 1.2020968681778867 1.3788220200484551 -1.3588862079519159 -1.5440321850609642 -0.8565758068113396 1.3286686599804163 -1.0838160176996881 0.74005130924269225 2.1495085436341319 2.0729568801291083 -1.9983378001733816 1.6296753411068789 -2.168360036504775 1.558679121802121 -0.91222179847085683 -2.4195820939365831 2.2824319959938197 1.8214200012009567 -1.3588862079519159 0.88348607507039079 -2.0500401605664149 0.94777544457328722 0.95796670070766743 -2.6886634606268021 -0.93139606115825635 0.11729312517567271
decision_type=2 2 2 2 2 2 2 2 2 2 2 2 2 2 2 2 2 2 2 2 2 2 2 2 2 2 2 2 2 2
left_child=1 7 5 19 8 6 16 17 -5 10 -9 -8 14 -6 29 -16 -2 18 -1 27 25 22 -14 -11 -19 -7 -21 -3 -22 -4
right_child=2 3 12 4 13 20 11 9 -10 23 -12 -13 21 -15 15 -17 -18 24 -20 26 28 -23 -24 -25 -26 -27 -28 -29 -30 -31
leaf_value=-3.3957671862630133e-05 -2.1934511221325164e-05 -5.3306540561000781e-05 -1.5908137056638598e-05 -8.0604493278505183e-06 -1.1410523276381607e-05 -6.0591998846918662e-06 8.1136265436701496e-06 -2.4026708969026529e-05 4.844909064242999e-07 -3.1179521432711585e-05 -1.0035733129145192e-05 1.4208622643145407e-05 1.3401021982296718e-05 -3.1562113405775656e-05 2.060310639187474e-05 3.9797648907080189e-07 -2.1402590160022328e-06 -5.7041359198706232e-05 -2.0157298684046511e-05 -2.1646853327707475e-05 -4.0383830988007094e-05 -1.0812366781465244e-06 3.5522745042527459e-05 -1.693612186982246e-05 -3.6015358893564552e-05 3.6043472824098425e-06 -9.0192909788634606e-06 -3.423514558149195e-05 -2.1499254448489983e-05 -8.16675674286671e-07
leaf_weight=376 179 48 44 1722 1125 610 5725 639 8306 338 3692 3463 47 235 2735 162 800 48 1481 395 22 20 449 83 75 143 81 44 108 39
leaf_count=376 179 48 44 1722 1125 610 5725 639 8306 338 3692 3463 47 235 2735 162 800 48 1481 395 22 20 449 83 75 143 81 44 108 39
internal_value=6.28875e-15 -8.34041e-06 1.07154e-05 -3.63466e-06 -2.644e-06 7.56791e-06 8.85379e-06 -1.66978e-05 -9.82839e-07 -1.35415e-05 -1.21e-05 1.04109e-05 2.06636e-05 -1.48926e-05 1.86853e-05 1.94732e-05 -5.75943e-06 -2.42728e-05 -2.29516e-05 -2.34967e-05 -7.23789e-06 3.2089e-05 3.34265e-05 -2.83714e-05 -4.42206e-05 -4.22402e-06 -1.9498e-05 -4.41854e-05 -2.46951e-05 -8.81697e-06
internal_weight=33234 18688 14546 11956 11388 11050 10167 6732 10028 4752 4331 9188 3496 1360 2980 2897 979 1980 1857 568 883 516 496 421 123 753 476 92 130 83
internal_count=33234 18688 14546 11956 11388 11050 10167 6732 10028 4752 4331 9188 3496 1360 2980 2897 979 1980 1857 568 883 516 496 421 123 753 476 92 130 83
is_linear=0
shrinkage=0.05


Tree=21
num_leaves=31
num_cat=0
split_feature=0 0 0 2 2 2 2 2 2 0 0 2 2 2 2 0 0 2 2 2 2 2 9 2 0 9 2 0 0 8
split_gain=0.00108157 0.000250653 0.000168625 8.64808e-05 0.000102789 7.63008e-05 8.30598e-05 5.12687e-05 4.82094e-05 4.14317e-05 4.08175e-05 3.13735e-05 3.03031e-05 3.64582e-05 2.9588e-05 2.49162e-05 2.1573e-05 1.86906e-05 1.79708e-05 1.56742e-05 1.3392e-05 1.01239e-05 9.13591e-06 6.49718e-06 6.44358e-06 6.20514e-06 4.61143e-06 3.23026e-06 1.99369e-06 1.0091e-06
threshold=-0.18147611569159192 0.94777544457328722 -1.2371041206587363 -1.6256764294194415 1.0477824858292661 1.219472533277481 -0.99098815956272268 -1.3295028514770735 1.3544134634536154 0.32302688836684867 1.923950560831605 -1.8031358028965385 -1.4954214039679192 1.0824267418355495 1.9336164207428628 -0.49124372113921733 -2.1405292219366321 -2.6886634606268021 1.8785139791464254 -2.2816077370803254 2.2824319959938197 2.0001408047633369 -0.85016065037065058 -2.4195820939365831 0.32302688836684867 1.4818967210435838 2.4489747911018247 1.3701203792074639 -1.611566490720169 -0.21342341023421321
decision_type=2 2 2 2 2 2 2 2 2 2 2 2 2 2 2 2 2 2 2 2 2 2 2 2 2 2 2 2 2 2
left_child=2 3 12 17 9 6 11 19 10 -5 -9 -4 23 16 -6 -8 -14 29 22 27 -10 -15 -7 -1 -19 -21 -20 -3 -25 -2
right_child=1 7 5 4 14 18 15 8 20 -11 -12 -13 13 21 -16 -17 -18 24 26 25 -22 -23 -24 28 -26 -27 -28 -29 -30 -31
leaf_value=-5.860074422249956e-05 -3.3507349889987381e-05 -2.5975549547086864e-05 -2.9302936936301982e-05 3.7688303203239191e-06 -2.7853058290921289e-06 -4.837909693345128e-06 -5.7488430522871296e-06 1.7691579136281748e-05 6.6901362318152552e-06 1.0000294433770568e-05 3.0525824618629026e-05 -1.2410608731005745e-05 -2.6865245265034557e-05 -2.801792830573999e-05 -1.9118677432951286e-05 1.2349201171859357e-07 -1.4602192714527204e-05 -1.6207520381371551e-05 -2.5518253813675171e-05 4.388822724065862e-06 -1.6764905270155022e-05 -4.7029299913066461e-05 -1.8076469549039479e-05 -3.8141701643326095e-05 -5.9465097099179772e-06 2.8267304828502882e-05 -3.856751943815537e-05 -7.0116960688569948e-06 -2.8831380090116952e-05 -4.7824244035155061e-05
leaf_weight=29 20 47 346 5307 1609 163 5038 3914 426 5363 736 1337 421 377 335 2816 2421 307 242 440 71 86 650 115 305 29 94 43 115 32
leaf_count=29 20 47 346 5307 1609 163 5038 3914 426 5363 736 1337 421 377 335 2816 2421 307 242 440 71 86 650 115 305 29 94 43 115 32
internal_value=-4.05722e-15 7.81482e-06 -1.0411e-05 4.04854e-06 4.97435e-06 -7.26986e-06 -5.80337e-06 1.6579e-05 1.8141e-05 6.90091e-06 1.9723e-05 -1.58834e-05 -1.98291e-05 -1.85384e-05 -5.59996e-06 -3.64336e-06 -1.64188e-05 -1.3539e-05 -1.94422e-05 2.19764e-06 3.33942e-06 -3.15492e-05 -1.54222e-05 -3.62986e-05 -1.10938e-05 5.86532e-06 -2.91689e-05 -1.6915e-05 -3.34865e-05 -4.23177e-05
internal_weight=33234 18984 14250 13278 12614 10686 9537 5706 5147 10670 4650 1683 3564 3305 1944 7854 2842 664 1149 559 497 463 813 259 612 469 336 90 230 52
internal_count=33234 18984 14250 13278 12614 10686 9537 5706 5147 10670 4650 1683 3564 3305 1944 7854 2842 664 1149 559 497 463 813 259 612 469 336 90 230 52
is_linear=0
shrinkage=0.05


Tree=22
num_leaves=31
num_cat=0
split_feature=9 1 1 9 9 1 1 9 1 9 1 9 1 9 1 9 9 1 9 9 5 8 9 1 8 8 9 1 6 8
split_gain=8.00862e-05 0.000564889 0.000154038 0.000551872 3.6442e-05 8.34425e-05 2.80951e-05 4.44177e-05 2.5947e-05 5.35273e-05 1.67343e-05 3.55039e-05 1.54986e-05 0.000138074 1.06853e-05 9.32404e-05 9.74049e-06 4.68382e-06 4.46567e-06 3.87052e-06 3.29665e-06 3.05708e-06 2.68503e-06 2.07706e-05 3.08602e-06 2.49853e-06 2.39153e-06 2.56106e-05 1.98088e-06 1.64516e-06
threshold=0.86575506480726616 0.71527325279323695 -0.78176496844264287 -0.808506481854804 -0.51898316004298162 -1.4896268643803927 -0.92249875171851103 -1.1806264924675525 0.924558226945974 1.2856362543910693 0.5904749520432222 1.5396655012766909 1.651746809253863 0.46786067135033277 -0.6055740763804901 -1.3899426983756369 -0.93712140738179406 -1.0859870404315248 0.57131886599964077 0.70289330561619068 -0.94714642976729679 0.50378176586633516 0.98988112730110023 1.0876736870512385 2.1350007637100972 1.2505926455454277 2.1051864531778315 0.39961024948034635 2.2366963537969942 -0.10596442026740391
decision_type=2 2 2 2 2 2 2 2 2 2 2 2 2 2 2 2 2 2 2 2 2 2 2 2 2 2 2 2 2 2
left_child=2 10 3 6 5 -5 16 -8 9 21 26 -12 14 20 15 -4 -1 -6 -15 -16 -14 -3 23 -10 -24 -11 28 -28 -2 -13
right_child=1 8 12 4 17 -7 7 -9 22 25 11 29 13 18 19 -17 -18 -19 -20 -21 -22 -23 24 -25 -26 -27 27 -29 -30 -31
leaf_value=3.7448593754501828e-05 -4.2549056878173789e-06 -5.4379144506112848e-06 3.697271165796697e-05 3.5414829224445636e-05 -6.380706203328932e-06 -3.4224476825348607e-06 3.5165554168874404e-05 -4.8741684449775998e-06 -3.4442631323671726e-06 3.9616357604433595e-05 -3.0160316093903985e-06 3.0885153764489483e-05 3.54855121359007e-07 2.6150295835101308e-05 -4.0603110906221882e-06 -3.7669502989610864e-06 2.4954561703423129e-05 -2.6651408969738764e-06 4.1798641707855773e-05 -9.7672463174419213e-07 -6.4871356423261632e-06 8.828062843641809e-06 3.6441883761090492e-05 3.8113950740302647e-05 1.6600690743757697e-05 2.0955838240297454e-05 -4.6461335944436911e-06 3.86937085618468e-05 -1.3721772656286443e-05 4.6024555194890128e-05
leaf_weight=1025 4163 114 157 193 2308 488 162 121 38 174 170 34 218 63 17110 1332 184 1341 165 1082 915 56 974 144 20 20 331 38 56 38
leaf_count=1025 4163 114 157 193 2308 488 162 121 38 174 170 34 218 63 17110 1332 184 1341 165 1082 915 56 974 144 20 20 331 38 56 38
internal_value=-6.75781e-15 5.04049e-06 -1.1952e-06 6.00271e-06 -3.03365e-06 7.5843e-06 3.22275e-05 1.80461e-05 3.14096e-05 1.9744e-05 -3.36704e-06 9.44753e-06 -3.18676e-06 1.97346e-06 -3.5436e-06 5.28635e-07 3.55471e-05 -5.01524e-06 3.74748e-05 -3.87691e-06 -5.17067e-06 -7.38534e-07 3.50204e-05 2.9437e-05 3.60427e-05 3.76926e-05 -4.04296e-06 -1.82952e-07 -4.38056e-06 3.88754e-05
internal_weight=33234 6370 26864 5822 4330 681 1492 283 1540 364 4830 242 21042 1361 19681 1489 1209 3649 228 18192 1133 170 1176 182 994 194 4588 369 4219 72
internal_count=33234 6370 26864 5822 4330 681 1492 283 1540 364 4830 242 21042 1361 19681 1489 1209 3649 228 18192 1133 170 1176 182 994 194 4588 369 4219 72
is_linear=0
shrinkage=0.05


Tree=23
num_leaves=28
num_cat=0
split_feature=2 2 2 2 9 1 1 2 2 2 1 9 9 1 9 9 2 9 1 9 9 9 1 2 4 4 4
split_gain=0.000202533 0.00022918 0.00010296 7.26618e-05 5.60188e-05 0.000353549 0.000100403 3.81743e-05 1.44926e-05 1.17406e-05 1.10519e-05 3.40298e-05 1.26864e-05 9.8156e-06 6.30707e-05 2.08361e-05 4.93328e-06 4.92233e-06 4.22083e-06 1.10386e-05 6.01648e-06 2.84357e-06 1.22332e-05 2.5083e-06 1.36151e-06 2.32692e-06 1.47425e-06
threshold=-1.6653548660123814 1.0824267418355495 -0.92812834856812043 1.9336164207428628 0.86575506480726616 0.70150287320900073 -0.71557323389866279 -2.6886634606268021 2.2824319959938197 -1.9983378001733816 -1.3768329378639559 -0.40899387163294221 1.0051986008662774 0.97308576651899337 0.74146939763823505 -0.90523387660112575 2.6410152510235889 1.263029701720191 -0.78176496844264287 -0.50810294725573446 1.4286896038768411 0.98988112730110023 0.61324548051281513 -2.4195820939365831 0.81561610378301574 0.21184187125118425 -0.45294673798065183
decision_type=2 2 2 2 2 2 2 2 2 2 2 2 2 2 2 2 2 2 2 2 2 2 2 2 2 2 2
left_child=7 2 13 10 6 -6 -4 24 17 21 11 -3 -12 15 -15 -2 -10 -5 19 -11 -20 23 -23 -9 25 26 -1
right_child=1 3 4 8 5 -7 -8 9 16 18 12 -13 -14 14 -16 -17 -18 -19 20 -21 -22 22 -24 -25 -26 -27 -28
leaf_value=-4.7866505244331038e-05 2.5954309588827053e-06 2.3955335953546758e-05 9.3818323716122188e-06 -1.8252079279776646e-05 8.9499411889720848e-07 3.3712020155928296e-05 6.8727340717071892e-07 -2.8047862027881864e-05 -2.5457201826318747e-05 1.2403578956110551e-05 -8.4905217158002339e-06 -1.0219691389548347e-05 1.4176432868626868e-07 -7.6610439681171686e-06 2.8923158313538745e-05 -7.360524416601964e-06 -3.7386414761700649e-05 -1.6007704189456602e-06 -1.4452069062818744e-05 -1.2931241146104694e-05 5.3951179635499483e-06 -2.3861210230752722e-05 1.2745325230670543e-05 -1.9750578488930185e-05 -3.4025595056347459e-05 -5.6899006118659275e-05 -3.3135928274394689e-05
leaf_weight=35 640 117 4341 471 3322 1090 14123 115 260 64 2829 193 501 491 155 2938 130 49 556 131 41 74 33 438 31 33 33
leaf_count=35 640 117 4341 471 3322 1090 14123 115 260 64 2829 193 501 491 155 2938 130 49 556 131 41 74 33 438 31 33 33
internal_value=2.79736e-15 8.73206e-07 2.61659e-06 -9.51045e-06 3.94091e-06 9.00255e-06 2.73142e-06 -1.74476e-05 -2.21476e-05 -1.51072e-05 -6.35118e-06 2.67863e-06 -7.19179e-06 -4.55555e-06 1.1169e-06 -5.57969e-06 -2.94336e-05 -1.6683e-05 -1.10029e-05 -4.61622e-06 -1.3089e-05 -2.00324e-05 -1.25713e-05 -2.14761e-05 -4.31915e-05 -4.60048e-05 -4.07178e-05
internal_weight=33234 31650 27100 4550 22876 4412 18464 1584 910 1452 3640 310 3330 4224 646 3578 390 520 792 195 597 660 107 553 132 101 68
internal_count=33234 31650 27100 4550 22876 4412 18464 1584 910 1452 3640 310 3330 4224 646 3578 390 520 792 195 597 660 107 553 132 101 68
is_linear=0
shrinkage=0.05


Tree=24
num_leaves=31
num_cat=0
split_feature=0 0 0 0 0 0 1 9 9 0 0 9 1 1 9 1 1 9 1 1 9 1 1 9 1 9 1 9 1 1
split_gain=0.00097667 0.000251896 0.000135172 6.3411e-05 3.29881e-05 3.18849e-05 2.01974e-05 4.27597e-05 2.57728e-05 1.98476e-05 1.957e-05 1.92373e-05 7.59813e-05 2.12499e-05 1.76044e-05 6.63701e-05 1.57184e-05 1.51237e-05 7.788e-05 1.96609e-05 1.24743e-05 4.78653e-05 1.69951e-05 9.86094e-06 2.9344e-05 8.43637e-06 7.02602e-06 4.9281e-06 1.08154e-05 6.2332e-06
threshold=-0.26197830201522682 0.74005130924269225 -1.375897962666224 1.453390791466189 -0.72949906349762006 0.30174441984945971 1.5762656664502994 0.48028912017528097 -0.90523387660112575 2.2561347275526447 -2.1405292219366321 -1.1251966014716288 -0.46984431920542086 1.0715333935771214 0.91055918726947194 0.68988159628758794 -0.67682274368452855 -0.98728207770997256 -0.61691833778862304 0.70150287320900073 -1.415534399252149 -0.4809071732815674 0.98997545618385929 1.5095568735938416 0.41124549092044344 -0.92188195876508416 -1.2398509936349453 -1.0008437426567074 -0.6055740763804901 1.3743896391800379
decision_type=2 2 2 2 2 2 2 2 2 2 2 2 2 2 2 2 2 2 2 2 2 2 2 2 2 2 2 2 2 2
left_child=2 5 10 17 11 6 8 -8 -2 25 27 12 -4 -13 16 -16 -6 18 -3 -19 21 -7 -22 26 -25 -5 -12 28 -1 -29
right_child=1 3 4 9 14 20 7 -9 -10 -11 23 13 -14 -15 15 -17 -18 19 -20 -21 22 -23 -24 24 -26 -27 -28 29 -30 -31
leaf_value=1.1234559287518294e-05 6.1633357442532959e-06 4.3719725206334471e-05 2.1664818573438045e-05 2.5863859716115836e-05 -1.4962990764572127e-06 3.9699445809128519e-05 -1.2676940229880983e-06 3.2404768279962168e-05 -1.594861693315499e-06 3.1100497051783437e-05 -1.093679811574355e-05 -1.3556042415968661e-05 -1.4583186101611368e-05 -3.8094709317919845e-06 -7.1418377155085997e-06 2.2192293798173714e-05 -8.3204745718307889e-06 7.9104733944940258e-06 8.3417405322890527e-06 1.5797197244174598e-05 3.6332759338116044e-06 1.8555418639679708e-06 1.2066205615877602e-05 -2.2211858726389592e-05 2.3177049796769015e-05 1.732798497608373e-05 -2.0254394893878786e-05 -3.2832863906724749e-05 -2.865978393856494e-05 -9.5782440762230833e-06
leaf_weight=23 1317 207 213 348 1133 125 251 151 5719 387 227 3694 450 659 708 265 3306 3331 626 1036 3856 252 707 101 55 1721 1861 409 65 31
leaf_count=23 1317 207 213 348 1133 125 251 151 5719 387 227 3694 450 659 708 265 3306 3331 626 1036 3856 252 707 101 55 1721 1861 409 65 31
internal_value=-9.19544e-15 6.95754e-06 -1.05596e-05 1.40864e-05 -7.95095e-06 2.54821e-06 4.80106e-07 1.13804e-05 -1.42681e-07 2.07076e-05 -2.03733e-05 -1.08721e-05 -2.9379e-06 -1.20805e-05 -5.24358e-06 8.47417e-07 -6.57869e-06 1.09592e-05 1.71331e-05 9.78147e-06 5.66209e-06 1.44033e-05 4.93989e-06 -1.83354e-05 -6.20936e-06 1.87637e-05 -1.92414e-05 -2.90342e-05 -1.82329e-05 -3.11945e-05
internal_weight=33234 20034 13200 7656 10428 12378 7438 402 7036 2456 2772 5016 663 4353 5412 973 4439 5200 833 4367 4940 377 4563 2244 156 2069 2088 528 88 440
internal_count=33234 20034 13200 7656 10428 12378 7438 402 7036 2456 2772 5016 663 4353 5412 973 4439 5200 833 4367 4940 377 4563 2244 156 2069 2088 528 88 440
is_linear=0
shrinkage=0.05


Tree=25
num_leaves=31
num_cat=0
split_feature=0 0 0 2 2 2 2 2 2 0 2 2 0 0 2 2 0 2 2 2 2 2 2 0 1 0 2 3 0 3
split_gain=0.000882976 0.000180159 0.000164338 7.15194e-05 8.07395e-05 6.16012e-05 7.61322e-05 3.31182e-05 3.65656e-05 3.20749e-05 3.19687e-05 3.97688e-05 2.9925e-05 2.88485e-05 2.4803e-05 1.9677e-05 1.83065e-05 1.6435e-05 1.42349e-05 1.30781e-05 1.27785e-05 8.75294e-06 8.65615e-06 7.76968e-06 5.11317e-06 4.84063e-06 2.97205e-06 2.61389e-06 2.56923e-06 2.18821e-06
threshold=-0.060533473015378168 1.0636180363730892 -1.1220006452861657 1.5950900934523753 -1.2568671879764659 1.219472533277481 -1.2156372650331095 -1.3588862079519159 0.81159094054362479 0.4235762308144661 1.0824267418355495 -0.95886925333318784 2.1495085436341319 -0.41934260895060665 -2.168360036504775 -2.4195820939365831 -1.9791592519327497 2.0729568801291083 -2.0796896755126508 2.2824319959938197 1.8785139791464254 2.0001408047633369 -2.2816077370803254 -0.31351818570007056 -1.5190109148622852 -2.1405292219366321 2.6410152510235889 -0.0093054055865028473 2.2561347275526447 -1.1647439617394733
decision_type=2 2 2 2 2 2 2 2 2 2 2 2 2 2 2 2 2 2 2 2 2 2 2 2 2 2 2 2 2 2
left_child=2 3 10 4 14 6 15 22 12 -6 11 18 -9 -8 -2 -4 -13 23 -1 24 -10 25 -3 -7 -5 -12 -19 -23 -24 -21
right_child=1 7 5 19 9 17 13 8 20 -11 21 16 -14 -15 -16 -17 -18 26 -20 29 -22 27 28 -25 -26 -27 -28 -29 -30 -31
leaf_value=-4.4014546793329889e-05 -2.225162144532974e-05 -1.2450710126358901e-05 -3.9512822886423732e-05 1.2526812621824018e-05 4.1997352962423149e-06 -1.6068379970031163e-05 -4.8472448977962547e-06 1.8207358662595656e-05 1.1410112445960637e-05 9.6969163005203532e-06 -3.9230677045382508e-05 -2.1025184096681736e-05 3.3519264217647756e-05 9.3363481802085663e-07 -3.2339299432841867e-06 -1.4033119456536532e-05 -1.0847304655446645e-05 -2.5210647579909101e-05 -2.297657654546398e-05 -4.0040692474576652e-05 -3.9481016951418656e-06 -4.9196510253193777e-05 5.0079843585104902e-06 -6.3476291488533546e-06 -8.6957983344827299e-06 -2.3052199681295572e-05 -3.9322274464443876e-05 -3.3511172095414028e-05 2.1025589793916206e-05 -2.2155328780573364e-05
leaf_weight=92 203 75 81 30 5238 706 5386 3005 826 5378 52 536 357 3601 1103 1174 2514 181 638 20 162 49 344 290 526 417 47 58 27 118
leaf_count=92 203 75 81 30 5238 706 5386 3005 826 5378 52 536 357 3601 1103 1174 2514 181 638 20 162 49 344 290 526 417 47 58 27 118
internal_value=4.02013e-15 7.7689e-06 -8.54962e-06 4.63307e-06 5.54136e-06 -5.40878e-06 -4.14183e-06 1.60178e-05 1.73482e-05 6.98457e-06 -1.6817e-05 -1.5145e-05 1.98333e-05 -2.5309e-06 -6.18997e-06 -1.56776e-05 -1.26359e-05 -1.60101e-05 -2.56279e-05 -1.09702e-05 8.89186e-06 -2.779e-05 3.04178e-06 -1.3238e-05 -7.55069e-06 -2.4846e-05 -2.81196e-05 -4.06942e-05 6.17369e-06 -2.47474e-05
internal_weight=33234 17412 15822 12616 11922 11466 10242 4796 4350 10616 4356 3780 3362 8987 1306 1255 3050 1224 730 694 988 576 446 996 556 469 228 107 371 138
internal_count=33234 17412 15822 12616 11922 11466 10242 4796 4350 10616 4356 3780 3362 8987 1306 1255 3050 1224 730 694 988 576 446 996 556 469 228 107 371 138
is_linear=0
shrinkage=0.05


Tree=26
num_leaves=31
num_cat=0
split_feature=0 0 0 2 2 2 2 0 0 2 2 2 2 2 0 0 2 2 2 2 2 2 2 2 6 0 2 10 4 3
split_gain=0.000797606 0.000170761 0.000146167 6.29145e-05 7.83105e-05 5.67769e-05 6.77981e-05 4.1553e-05 2.89894e-05 2.76471e-05 2.89633e-05 2.57279e-05 2.23872e-05 2.63438e-05 2.01263e-05 1.96944e-05 1.92011e-05 1.91512e-05 1.80768e-05 1.26813e-05 1.40802e-05 8.38067e-06 5.33241e-06 4.49185e-06 4.17975e-06 4.11702e-06 4.03532e-06 3.81451e-06 3.37622e-06 2.75225e-06
threshold=0.03441740350671222 -0.87703550207408609 1.2541350789664103 1.2020968681778867 -0.92812834856812043 -1.3071842486804912 1.1268935988435007 -1.611566490720169 0.50905676736307359 -1.8031358028965385 1.1038211126791511 -1.9983378001733816 -1.1163667328974258 1.6296753411068789 2.1495085436341319 -0.40744065274806923 2.0729568801291083 2.1722840468670355 -2.4195820939365831 1.558679121802121 -1.4671302284054153 -2.0796896755126508 -1.8031358028965385 -2.4195820939365831 -0.86051277058130626 -2.0500401605664149 2.4489747911018247 0.53425119754783224 -0.94687428731034817 -1.1647439617394733
decision_type=2 2 2 2 2 2 2 2 2 2 2 2 2 2 2 2 2 2 2 2 2 2 2 2 2 2 2 2 2 2
left_child=1 7 3 4 11 18 15 19 -6 23 -11 -2 21 14 -14 -7 -8 24 27 20 -1 -4 -20 -9 -5 -21 -15 -3 -23 -19
right_child=2 5 12 17 8 6 16 9 -10 10 -12 -13 13 26 -16 -17 -18 29 22 25 -22 28 -24 -25 -26 -27 -28 -29 -30 -31
leaf_value=-3.4943709386304954e-05 -1.5388692205682804e-05 -3.1241533861338398e-05 -7.9393705632748705e-06 3.5721902764240812e-06 5.8284201156866864e-06 -3.416804506024362e-06 -1.0269955168998057e-05 -4.908149657598133e-05 1.1522357139119475e-05 -9.2852445188364259e-06 -2.1166956926846679e-05 4.3362856423311922e-07 1.8020749769034256e-05 3.3109950301872113e-06 2.9859730507340542e-05 1.4418647980030363e-06 -2.6711474641515136e-05 -3.4753969695884737e-05 -1.8442619074430636e-05 -4.8129265466438185e-05 -1.812830803909967e-05 2.0262087285516373e-05 -1.0348600789943456e-05 -2.8154473922926549e-05 -3.5871988636365918e-06 -2.8554840778046219e-05 -1.8262672242144619e-05 -5.6305117727788466e-05 7.6304780578375059e-06 -1.6922485054418538e-05
leaf_weight=136 297 63 81 256 4249 3901 1181 33 4717 3881 591 1904 2437 163 421 4482 209 25 299 48 1471 64 637 115 1001 61 25 20 305 161
leaf_count=136 297 63 81 256 4249 3901 1181 33 4717 3881 591 1904 2437 163 421 4482 209 25 299 48 1471 64 637 115 1001 61 25 20 305 161
internal_value=7.80159e-15 -7.51127e-06 7.9879e-06 5.47989e-06 6.74945e-06 -3.68595e-06 -2.51489e-06 -1.40269e-05 8.82399e-06 -1.15591e-05 -1.08555e-05 -1.70141e-06 1.70342e-05 1.85721e-05 1.97647e-05 -8.191e-07 -1.27421e-05 -4.34489e-06 -1.49173e-05 -2.06708e-05 -1.95514e-05 6.6244e-06 -1.29342e-05 -3.28206e-05 -2.12912e-06 -3.71748e-05 4.42156e-07 -3.7281e-05 9.82133e-06 -1.93192e-05
internal_weight=33234 17128 16106 12610 11167 10792 9773 6336 8966 4620 4472 2201 3496 3046 2858 8383 1390 1443 1019 1716 1607 450 936 148 1257 109 188 83 369 186
internal_count=33234 17128 16106 12610 11167 10792 9773 6336 8966 4620 4472 2201 3496 3046 2858 8383 1390 1443 1019 1716 1607 450 936 148 1257 109 188 83 369 186
is_linear=0
shrinkage=0.05


Tree=27
num_leaves=31
num_cat=0
split_feature=0 0 0 2 2 2 2 0 2 2 9 2 1 2 2 2 2 2 2 9 1 2 9 9 2 2 2 2 0 0
split_gain=0.000722153 0.000189285 0.000101982 5.92253e-05 6.65811e-05 5.51705e-05 5.99973e-05 4.71088e-05 3.02345e-05 3.03843e-05 2.20879e-05 2.17977e-05 2.00379e-05 1.98877e-05 1.8601e-05 1.85953e-05 1.64661e-05 1.6312e-05 2.22746e-05 1.16351e-05 9.93313e-06 1.11699e-05 8.16307e-06 7.95937e-06 7.58258e-06 6.72098e-06 5.91826e-06 5.3267e-06 3.23493e-06 2.30061e-06
threshold=-0.26197830201522682 0.753201698074353 -1.375897962666224 -1.2156372650331095 1.0477824858292661 1.3286686599804163 -0.99098815956272268 1.453390791466189 1.3544134634536154 -2.168360036504775 1.1655492856491849 -1.9983378001733816 1.4216406639074999 2.1722840468670355 -1.9983378001733816 -1.4397021982217455 0.81159094054362479 1.1038211126791511 -0.91222179847085683 0.9390444261975498 1.6161076697008856 2.4489747911018247 -1.4461994279996053 0.48028912017528097 -2.6886634606268021 2.0729568801291083 2.2824319959938197 -1.751772875202654 -2.1405292219366321 2.0588280894175823
decision_type=2 2 2 2 2 2 2 2 2 2 2 2 2 2 2 2 2 2 2 2 2 2 2 2 2 2 2 2 2 2
left_child=2 3 17 14 12 6 11 8 9 -3 -8 -4 -5 -6 24 29 -17 18 27 -20 21 -7 -16 -22 -2 28 -10 -1 -19 -9
right_child=1 7 5 4 13 20 10 15 26 -11 -12 -13 -14 -15 22 16 -18 25 19 -21 23 -23 -24 -25 -26 -27 -28 -29 -30 -31
leaf_value=-3.4359881884931327e-05 -3.6582431638802225e-05 -1.7791725448383344e-05 -2.9204184820416635e-05 4.4754559217666947e-06 -3.5725832449815029e-06 -1.7737166647923576e-05 -4.842650853198014e-06 2.4880251542075369e-07 -8.490794794111077e-07 1.1231188255635191e-05 3.24214389373377e-06 -1.2125633968768348e-05 1.3249729884812211e-05 -2.1244165420532891e-05 1.0547460559715241e-05 2.1507819559589213e-05 1.1238509575559263e-05 -3.6181322754119347e-05 -1.5454751154133575e-05 -5.2352351630828051e-06 -1.4359211326921338e-05 -3.6597361590741028e-05 -5.7815372503931629e-06 2.5829500108639793e-05 -1.5086141232200496e-05 -4.3879211154018306e-05 -1.7467746099663643e-05 -2.2481061229596097e-05 -2.235434055306072e-05 1.2815151418976712e-05
leaf_weight=124 49 92 215 8592 1669 804 6883 151 358 4557 963 1426 704 176 83 1755 502 51 1561 339 28 87 983 22 252 54 63 395 248 48
leaf_count=124 49 92 215 8592 1669 804 6883 151 358 4557 963 1426 704 176 83 1755 502 51 1561 339 28 87 983 22 252 54 63 395 248 48
internal_value=-9.53906e-15 5.98269e-06 -9.08009e-06 2.21276e-06 3.41794e-06 -6.81418e-06 -5.66879e-06 1.22482e-05 9.49492e-06 1.06568e-05 -3.85034e-06 -1.43632e-05 5.13994e-06 -5.25833e-06 -7.60941e-06 1.79319e-05 1.92237e-05 -1.76042e-05 -1.6139e-05 -1.36314e-05 -1.83618e-05 -1.95787e-05 -4.51014e-06 3.32382e-06 -1.85855e-05 -2.76448e-05 -3.33596e-06 -2.53192e-05 -2.47128e-05 3.27988e-06
internal_weight=33234 20034 13200 12508 11141 10428 9487 7526 5070 4649 7846 1641 9296 1845 1367 2456 2257 2772 2419 1900 941 891 1066 50 301 353 421 519 299 199
internal_count=33234 20034 13200 12508 11141 10428 9487 7526 5070 4649 7846 1641 9296 1845 1367 2456 2257 2772 2419 1900 941 891 1066 50 301 353 421 519 299 199
is_linear=0
shrinkage=0.05


Tree=28
num_leaves=28
num_cat=0
split_feature=2 2 2 2 9 1 1 2 2 2 9 1 1 9 1 1 9 9 1 4 3 6 9 4 10 7 7
split_gain=0.000140485 0.000164714 6.21759e-05 4.92044e-05 4.68894e-05 0.000314662 8.35135e-05 3.36382e-05 1.1778e-05 1.10664e-05 1.03118e-05 5.94992e-05 1.47055e-05 1.00685e-05 4.89072e-05 1.31498e-05 4.97661e-06 4.78401e-06 8.87985e-06 5.25681e-06 2.64134e-06 2.77521e-06 1.67256e-06 1.63923e-06 1.31363e-06 1.58496e-06 2.05387e-06
threshold=-1.5240858570662013 1.0824267418355495 -0.8565758068113396 1.9336164207428628 -0.98728207770997256 -0.64158161606978392 0.70150287320900073 -2.6886634606268021 -1.9983378001733816 2.6410152510235889 -0.808506481854804 -0.89443768001283008 0.88034716773880806 -1.1251966014716288 -0.52703381748069023 0.91009738345444735 1.1846356823716346 1.835174276992078 0.46322323699360252 -1.5941976325380047 -0.68917680702231654 -1.1601241928128501 -0.02993754644298513 1.2197555190851643 -0.9294045505788725 0.8953969971052308 0.24157029236814373
decision_type=2 2 2 2 2 2 2 2 2 2 2 2 2 2 2 2 2 2 2 2 2 2 2 2 2 2 2
left_child=7 2 13 10 5 -4 -6 24 20 16 11 -3 -12 14 -2 -15 -5 19 -19 -10 23 -22 -11 -9 -1 26 -26
right_child=1 3 4 9 6 -7 -8 8 17 22 12 -13 -14 15 -16 -17 -18 18 -20 -21 21 -23 -24 -25 25 -27 -28
leaf_value=-2.5450576445759258e-05 2.4692680528978449e-05 2.816525384302116e-05 3.3763216188495269e-05 -1.7460540578244751e-05 4.9725344673235886e-07 2.8530113646136364e-08 8.297289701803852e-06 -2.3736826898917751e-05 -2.3148106107366101e-05 -2.6089352698477344e-05 -8.4630561867988863e-06 -7.1075804870781011e-06 5.3788620172002649e-07 -5.384077792066928e-06 -7.0601520709512076e-06 2.3520275247632427e-06 -4.4393916712623449e-06 -1.4658075024667398e-05 2.8818194944809269e-05 -7.9867113906771191e-06 -2.4985612537063517e-05 -1.3170774067700894e-05 -3.7433482716000017e-05 -8.4474996947392361e-06 -4.0732550064428958e-05 -5.1104822754992212e-05 -2.361706245513536e-05
leaf_weight=21 179 149 927 698 14028 2718 4543 142 60 64 2322 605 564 3135 376 666 82 23 24 1213 56 442 66 20 65 22 24
leaf_count=21 179 149 927 698 14028 2718 4543 142 60 64 2322 605 564 3135 376 666 82 23 24 1213 56 442 66 20 65 22 24
internal_value=8.29091e-15 8.46852e-07 2.35206e-06 -7.94354e-06 3.42303e-06 8.60797e-06 2.40537e-06 -1.2479e-05 -1.08498e-05 -1.83427e-05 -5.34377e-06 -1.37219e-07 -6.70404e-06 -3.11002e-06 3.18085e-06 -4.02858e-06 -1.60917e-05 -8.12293e-06 7.54257e-06 -8.70131e-06 -1.63034e-05 -1.44994e-05 -3.18487e-05 -2.18493e-05 -3.69181e-05 -3.90877e-05 -3.61171e-05
internal_weight=33234 31122 26572 4550 22216 3645 18571 2112 1980 910 3640 754 2886 4356 555 3801 780 1320 47 1273 660 498 130 162 132 111 89
internal_count=33234 31122 26572 4550 22216 3645 18571 2112 1980 910 3640 754 2886 4356 555 3801 780 1320 47 1273 660 498 130 162 132 111 89
is_linear=0
shrinkage=0.05


Tree=29
num_leaves=31
num_cat=0
split_feature=0 0 0 0 9 1 1 9 9 1 1 9 0 0 0 9 1 1 0 9 1 1 1 9 9 0 10 0 3 1
split_gain=0.000659691 0.000164893 0.000101714 3.61099e-05 2.62889e-05 0.000125691 3.71049e-05 0.000126346 2.32414e-05 0.000160381 4.13394e-05 0.000129638 1.94784e-05 1.74167e-05 1.30264e-05 1.29581e-05 6.39583e-05 1.73702e-05 1.22198e-05 9.37357e-06 5.29864e-05 1.43211e-05 8.7501e-06 8.40711e-06 8.03754e-06 4.14374e-06 4.28754e-06 2.87032e-06 2.27555e-06 1.8954e-06
threshold=0.15012681065801303 -0.83554081716490358 1.2541350789664103 -1.5144421857894435 -1.1806264924675525 -0.58213468457944606 1.0069277121078162 0.55843400994611547 0.86575506480726616 0.78425302019518672 -0.58213468457944606 -0.76732555116894552 2.2561347275526447 -0.41934260895060665 -2.4242525654851135 0.70289330561619068 1.024034392937297 -0.74202699079136802 0.36534107329430948 -0.92188195876508416 -0.62950221850993782 0.61324548051281513 0.51829341173363119 1.5095568735938416 -1.3899426983756369 2.6603794549060091 1.3810947212668254 0.8580766331180808 -0.12487286769308638 -0.52703381748069023
decision_type=2 2 2 2 2 2 2 2 2 2 2 2 2 2 2 2 2 2 2 2 2 2 2 2 2 2 2 2 2 2
left_child=1 3 8 14 5 24 13 -8 10 22 11 -2 19 -6 28 17 -17 -5 -12 20 -4 -21 -10 -16 -3 26 -14 -11 -1 -7
right_child=2 4 12 15 6 29 7 -9 9 27 18 -13 25 -15 23 16 -18 -19 -20 21 -22 -23 -24 -25 -26 -27 -28 -29 -30 -31
leaf_value=-3.3522803367163607e-05 2.8956834462034321e-05 3.0862451020830936e-05 4.8166670943317058e-05 -4.8252015426160469e-06 -7.7147120427794908e-06 6.8673658656085278e-06 -6.6119552898218103e-06 2.2358467220419978e-05 2.0008210880594814e-06 3.4270681858301635e-05 -1.3873912947465814e-06 3.0596713070250746e-06 2.0369924741760123e-05 -3.1312174239929623e-06 -1.7337487536556604e-05 -1.0715017351879714e-05 2.1378565776239824e-05 -1.3333841505593468e-05 3.6533867203607417e-06 1.0628188523140696e-05 1.1172660042609809e-05 1.9061459506365713e-05 1.4025066973371871e-05 -4.19663504315478e-06 1.6002534739388766e-05 3.3313211631091399e-05 4.3448904710368716e-05 4.3375830089111147e-05 -2.4169700829459643e-05 -6.3249868198322185e-06
leaf_weight=116 661 298 128 767 3319 28 1104 571 1522 341 1599 1797 236 5519 1717 914 187 2752 4846 1899 397 685 168 131 131 129 22 116 148 986
leaf_count=116 661 298 128 767 3319 28 1104 571 1522 341 1599 1797 236 5519 1717 914 187 2752 4846 1899 397 685 168 131 131 129 22 116 148 986
internal_value=2.97463e-15 -6.21497e-06 7.9847e-06 -1.24741e-05 -2.6907e-06 3.63769e-06 -3.55933e-06 3.26393e-06 5.63293e-06 1.03024e-05 4.50686e-06 1.00239e-05 1.5418e-05 -4.85249e-06 -1.78901e-05 -9.99814e-06 -5.26406e-06 -1.14793e-05 2.40277e-06 1.41013e-05 2.01922e-05 1.28638e-05 3.19613e-06 -1.6406e-05 2.63248e-05 2.59963e-05 2.23379e-05 3.65818e-05 -2.82794e-05 -5.9607e-06
internal_weight=33234 18688 14546 6732 11956 1443 10513 1675 11050 2147 8903 2458 3496 8838 2112 4620 1101 3519 6445 3109 525 2584 1690 1848 429 387 258 457 264 1014
internal_count=33234 18688 14546 6732 11956 1443 10513 1675 11050 2147 8903 2458 3496 8838 2112 4620 1101 3519 6445 3109 525 2584 1690 1848 429 387 258 457 264 1014
is_linear=0
shrinkage=0.05


Tree=30
num_leaves=30
num_cat=0
split_feature=2 2 2 2 1 1 2 2 1 1 1 1 1 1 1 2 1 10 5 3 4 10 5 5 8 8 1 4 6
split_gain=0.000127169 0.000152623 6.81541e-05 5.30367e-05 3.29951e-05 4.14787e-05 2.1646e-05 1.68891e-05 1.01584e-05 9.54243e-06 8.19111e-06 1.03812e-05 6.22603e-06 3.93166e-06 4.70495e-06 3.87449e-06 3.40735e-06 3.08725e-06 2.38896e-06 2.31993e-06 2.16623e-06 2.12418e-06 1.99171e-06 2.19626e-06 1.59899e-06 2.64901e-06 1.48189e-06 1.28996e-06 2.66244e-07
threshold=1.5950900934523753 -0.95886925333318784 0.81159094054362479 -1.9983378001733816 -1.2621442677969659 1.1026668890579543 2.2824319959938197 -2.6886634606268021 -1.3069786999388231 0.91009738345444735 1.0715333935771214 -1.1799663875614275 -1.4002953833231657 0.74069354607501003 -0.6055740763804901 2.6410152510235889 -1.6296934542296362 1.2688748078896308 0.99498968315200675 -0.68917680702231654 1.6339464792046872 0.18789838030458494 -1.0781479017572619 -0.46882463428906779 -1.0036346767718924 0.096143124320683754 -1.8134675985800912 0.81561610378301574 0.068041519955643295
decision_type=2 2 2 2 2 2 2 2 2 2 2 2 2 2 2 2 2 2 2 2 2 2 2 2 2 2 2 2 2
left_child=1 3 4 7 16 -6 12 27 18 -10 11 -4 21 14 -14 22 -3 -12 -5 -9 -15 26 28 -24 -17 -26 -2 -1 -8
right_child=6 2 10 8 5 -7 15 19 9 -11 17 -13 13 20 -16 24 -18 -19 -20 -21 -22 -23 23 -25 25 -27 -28 -29 -30
leaf_value=-3.7827991761809926e-05 -1.1484132451657607e-05 1.1567858144779862e-05 2.4346366733614864e-06 6.3082316590623581e-07 1.9457095305217858e-06 8.4553163318340549e-06 -2.5951051484298662e-05 -2.0695163001890107e-05 -6.6877809049635126e-06 -6.2560120727938379e-07 3.0423489886254901e-06 -4.651213473330506e-06 -6.9917709577933041e-06 -7.1486788091407459e-06 -1.454446904988362e-05 -1.8685258586022733e-05 7.554852712377575e-06 -8.2902001388378504e-06 1.0410338132419998e-05 -1.380694621104509e-05 9.4572572855949636e-06 1.1636501044090678e-05 -7.7655310464209379e-06 -2.0363562410336585e-05 -4.2180436846845426e-05 -2.6188783886027524e-05 5.1272333912493202e-06 -2.616783855603811e-05 -3.4109548364540389e-05
leaf_weight=101 29 1048 600 400 15788 2896 20 162 3480 798 672 3732 288 303 726 24 1068 66 74 498 21 38 43 177 45 61 25 31 20
leaf_count=101 29 1048 600 400 15788 2896 20 162 3480 798 672 3732 288 303 726 24 1068 66 74 498 21 38 43 177 45 61 25 31 20
internal_value=4.64449e-15 7.44464e-07 2.35782e-06 -6.78397e-06 3.62486e-06 2.95469e-06 -1.28498e-05 -1.8763e-05 -4.78746e-06 -5.55697e-06 -2.84028e-06 -3.66979e-06 -1.00021e-05 -1.08672e-05 -1.23993e-05 -2.32912e-05 9.54239e-06 2.02887e-06 2.15758e-06 -1.54977e-05 -6.07237e-06 2.57965e-06 -1.97672e-05 -1.79012e-05 -3.03391e-05 -3.29777e-05 -3.79369e-06 -3.50896e-05 -3.00303e-05
internal_weight=33234 31414 25870 5544 20800 18684 1820 792 4752 4278 5070 4332 1430 1338 1014 390 2116 738 474 660 324 92 260 220 130 106 54 132 40
internal_count=33234 31414 25870 5544 20800 18684 1820 792 4752 4278 5070 4332 1430 1338 1014 390 2116 738 474 660 324 92 260 220 130 106 54 132 40
is_linear=0
shrinkage=0.05


Tree=31
num_leaves=31
num_cat=0
split_feature=0 0 0 0 9 9 9 9 0 0 0 9 9 0 0 9 9 9 9 8 9 0 10 5 0 5 6 6 9 3
split_gain=0.000595436 0.000148788 9.1948e-05 3.26562e-05 2.36595e-05 2.5018e-05 2.28223e-05 2.76589e-05 1.7859e-05 1.59983e-05 1.58611e-05 1.46844e-05 1.4727e-05 8.82971e-06 8.59451e-06 6.89667e-06 1.05226e-05 5.54609e-06 5.25258e-06 4.75275e-06 3.59936e-06 3.54133e-06 3.46312e-06 2.96113e-06 3.52868e-06 2.9336e-06 2.50252e-06 3.68552e-06 2.50895e-06 2.44701e-06
threshold=0.15012681065801303 -0.83554081716490358 1.3221890011667885 -1.7548499556386654 -1.1806264924675525 0.82314196768087178 1.1088812542175031 -0.98728207770997256 -0.26197830201522682 2.424259361208724 0.50905676736307359 0.98988112730110023 -1.1251966014716288 0.57929507234036259 -2.703869839355066 0.82314196768087178 -0.87800371259436638 -0.97009937248877565 1.4286896038768411 0.15695678733179749 2.6708813613713525 0.72564927123986911 1.0741961359810581 0.83816254465618378 -0.31351818570007056 0.97854698220676972 0.59214788201014934 0.9651101742662459 0.83593026837957085 -0.12487286769308638
decision_type=2 2 2 2 2 2 2 2 2 2 2 2 2 2 2 2 2 2 2 2 2 2 2 2 2 2 2 2 2 2
left_child=1 3 6 14 23 8 7 13 -6 15 -9 12 -5 -2 29 16 -4 -16 -7 -17 -13 22 -8 24 -3 -25 28 -28 -11 -1
right_child=2 4 9 11 5 18 21 10 -10 26 -12 20 -14 -15 17 19 -18 -19 -20 -21 -22 -23 -24 25 -26 -27 27 -29 -30 -31
leaf_value=-3.8022293890094264e-05 6.5244811568441291e-06 -6.1086024121240456e-07 1.9140951112167922e-05 -4.7275772725596812e-06 -6.8719073718605151e-06 -6.9860013766667585e-07 7.8939792545886511e-06 5.2298830216959541e-07 -2.1622766340777388e-06 2.6976017751340332e-05 5.0994108816993399e-06 -4.7583326499039569e-06 -1.2510008289275239e-05 1.3425203840050438e-05 -9.9862783731815808e-06 1.5187578268596975e-05 1.1072008258460327e-05 -1.9098304163446216e-05 4.1365038441335907e-06 2.4527471977588459e-05 1.3787176700403775e-05 1.4019541342400725e-05 1.6741919730979024e-05 1.7312894852850036e-05 4.9722424025894823e-06 5.2959597881239667e-06 4.9933817446604479e-06 2.8645213997151587e-05 4.07069465434815e-05 -2.4400630149343401e-05
leaf_weight=64 887 550 524 723 4385 1514 775 3052 3721 147 4987 844 3818 971 201 324 1765 987 893 235 27 639 129 64 583 246 28 40 43 68
leaf_count=64 887 550 524 723 4385 1514 775 3052 3721 147 4987 844 3818 971 201 324 1765 987 893 235 27 639 129 64 583 246 28 40 43 68
internal_value=7.34294e-15 -5.90455e-06 7.58588e-06 -1.18501e-05 -2.55681e-06 -3.38085e-06 5.51451e-06 4.63272e-06 -4.70999e-06 1.52151e-05 3.36198e-06 -1.01303e-05 -1.12709e-05 1.01308e-05 -1.89015e-05 1.41351e-05 1.29192e-05 -1.75566e-05 1.09523e-06 1.9114e-05 -4.18344e-06 1.11705e-05 9.15657e-06 3.44676e-06 2.262e-06 7.77688e-06 2.71376e-05 1.89062e-05 3.00835e-05 -3.10051e-05
internal_weight=33234 18688 14546 6732 11956 10513 11440 9897 8106 3106 8039 5412 4541 1858 1320 2848 2289 1188 2407 559 871 1543 904 1443 1133 310 258 68 190 132
internal_count=33234 18688 14546 6732 11956 10513 11440 9897 8106 3106 8039 5412 4541 1858 1320 2848 2289 1188 2407 559 871 1543 904 1443 1133 310 258 68 190 132
is_linear=0
shrinkage=0.05


Tree=32
num_leaves=31
num_cat=0
split_feature=0 0 0 0 9 1 1 9 9 1 1 9 0 9 1 9 1 0 0 9 1 9 1 9 9 1 1 0 7 5
split_gain=0.000537381 0.000135147 8.31914e-05 3.64245e-05 1.94107e-05 0.000142655 3.64654e-05 0.000114256 1.84654e-05 8.44277e-05 2.47663e-05 7.02106e-05 1.61252e-05 1.53481e-05 6.24918e-05 1.51155e-05 1.28287e-05 1.22832e-05 1.01495e-05 8.17421e-06 1.56335e-05 8.70499e-06 8.06315e-06 7.67414e-06 4.62002e-06 1.50548e-05 7.08662e-06 2.51472e-06 2.15936e-06 1.96104e-06
threshold=0.15012681065801303 -0.72949906349762006 1.2541350789664103 -1.4036828453978847 0.86575506480726616 0.78425302019518672 -0.58213468457944606 -0.76732555116894552 -1.4461994279996053 -0.58213468457944606 1.3743896391800379 0.51311176402013536 2.1495085436341319 -1.1251966014716288 -0.59340315216661754 0.70289330561619068 -1.3069786999388231 -2.4242525654851135 0.36534107329430948 1.6915229544802985 0.41124549092044344 -0.92188195876508416 0.51829341173363119 1.5095568735938416 -0.85016065037065058 -0.82404083512282644 0.57951284167902062 0.8580766331180808 -0.79175648090330142 0.83816254465618378
decision_type=2 2 2 2 2 2 2 2 2 2 2 2 2 2 2 2 2 2 2 2 2 2 2 2 2 2 2 2 2 2
left_child=1 3 4 17 6 22 7 -2 9 -3 16 -12 19 14 -5 -15 -10 28 -8 21 -21 -4 -6 -19 25 -14 -26 -7 -1 -11
right_child=2 8 12 13 5 27 18 -9 10 29 11 -13 24 15 -16 -17 -18 23 -20 20 -22 -23 -24 -25 26 -27 -28 -29 -30 -31
leaf_value=-3.3895455236941405e-05 2.7006505704393409e-05 2.9995039531134032e-05 1.7941211277973578e-05 2.3061202602764953e-05 1.4975360690557728e-06 3.1968513208273285e-05 -1.3797566059213075e-06 2.6941788376131656e-06 2.0460209596387144e-06 -6.7109486938496104e-06 -4.6934063120622297e-06 2.5845324675359139e-05 6.0664439473428854e-05 -1.1023621278510577e-05 -1.0655144363120285e-05 -4.468700623768006e-06 -3.9937466685260099e-06 -1.5053988251479721e-05 3.2142161972431195e-06 1.0163164957818263e-05 4.6661744119774085e-05 1.0701011026962471e-05 1.3040140169637416e-05 -3.8757949572975513e-06 1.5885731540329318e-05 1.8422818950089991e-05 3.0579002289294568e-05 4.049100454196754e-05 -2.3167377162840934e-05 3.6318562615633711e-07
leaf_weight=61 661 242 504 191 1522 341 1599 1797 984 453 558 284 31 3263 490 1204 8254 2211 4846 71 50 2355 168 165 307 66 112 116 203 125
leaf_count=61 661 242 504 191 1522 341 1599 1797 984 453 558 284 31 3263 490 1204 8254 2211 4846 71 50 2355 168 165 307 66 112 116 203 125
internal_value=4.56943e-15 -5.60932e-06 7.20659e-06 -1.06396e-05 5.07971e-06 9.3471e-06 4.05061e-06 9.2322e-06 -2.01521e-06 5.20017e-06 -2.60218e-06 5.60707e-06 1.39291e-05 -8.19089e-06 -1.19872e-06 -9.25686e-06 -3.35041e-06 -1.54146e-05 2.07445e-06 1.25161e-05 2.52452e-05 1.19774e-05 2.64497e-06 -1.42777e-05 2.20897e-05 3.19227e-05 1.98133e-05 3.41318e-05 -2.56462e-05 -5.18108e-06
internal_weight=33234 18688 14546 7788 11050 2147 8903 2458 10900 820 10080 842 3496 5148 681 4467 9238 2640 6445 2980 121 2859 1690 2376 516 97 419 457 264 578
internal_count=33234 18688 14546 7788 11050 2147 8903 2458 10900 820 10080 842 3496 5148 681 4467 9238 2640 6445 2980 121 2859 1690 2376 516 97 419 457 264 578
is_linear=0
shrinkage=0.05


Tree=33
num_leaves=31
num_cat=0
split_feature=0 0 0 2 2 2 2 0 2 2 2 2 2 2 2 2 0 2 0 1 2 2 2 1 2 3 3 2 5 0
split_gain=0.000488212 0.000136542 6.37634e-05 4.62303e-05 4.73336e-05 3.72573e-05 3.9487e-05 3.3124e-05 2.40108e-05 2.62837e-05 2.3179e-05 1.78699e-05 1.61235e-05 1.81382e-05 1.4177e-05 1.37786e-05 1.11769e-05 1.03985e-05 9.48471e-06 9.08669e-06 7.38784e-06 5.36789e-06 4.8171e-06 4.23302e-06 3.81228e-06 2.84974e-06 2.39882e-06 2.38271e-06 1.96272e-06 1.88504e-06
threshold=-0.31351818570007056 0.74005130924269225 -1.2371041206587363 -1.5240858570662013 1.0477824858292661 1.219472533277481 -0.95886925333318784 1.6054878974634625 1.3544134634536154 -0.95886925333318784 -0.784841410919208 2.1722840468670355 -1.5867160504185034 1.0824267418355495 -1.8031358028965385 -1.6653548660123814 -2.4242525654851135 -2.6886634606268021 2.6603794549060091 -1.2621442677969659 1.8214200012009567 2.0001408047633369 2.4489747911018247 -0.86475419474756687 -1.9983378001733816 -1.3728580128868761 0.068924437782090689 -2.4195820939365831 -1.541197691067193 1.923950560831605
decision_type=2 2 2 2 2 2 2 2 2 2 2 2 2 2 2 2 2 2 2 2 2 2 2 2 2 2 2 2 2 2
left_child=2 3 12 17 10 6 14 8 9 -3 -5 -6 23 16 -4 29 -14 -2 -17 -8 28 -15 -10 26 -19 -22 -1 -25 -7 -9
right_child=1 7 5 4 11 20 19 15 22 -11 -12 -13 13 21 -16 18 -18 24 -20 -21 25 -23 -24 27 -26 -27 -28 -29 -30 -31
leaf_value=-2.7188433741685004e-06 -3.2083529871670186e-05 1.8396364195217666e-06 -2.1683557128402879e-05 -1.2171647962643113e-06 -3.2514065991774934e-06 -4.7709841746959806e-07 2.8363220164083534e-06 -8.5788612232398431e-06 -7.4219101575442999e-07 1.0842854628025415e-05 4.8506976844272405e-06 -1.9482252357067142e-05 -2.1986340939000819e-05 -1.9192680268075501e-05 -9.3618237033350396e-06 1.5964766766762271e-05 -1.0210419918626156e-05 -1.3455517443238035e-05 3.0379223780604055e-05 -3.3607571119395489e-06 -3.3550753029815569e-05 -3.3036065393828326e-05 -1.7725777754746915e-05 -4.4830408508763264e-05 -5.9713210015457308e-06 -1.9154831533898751e-05 -2.4849334613463726e-05 -2.7846672111148262e-05 -1.2337128806993712e-05 5.0181637639070694e-06
leaf_weight=25 50 996 290 1938 1731 37 658 52 452 4356 8376 188 218 377 1197 1581 2662 259 123 5855 39 86 46 24 496 290 24 148 610 50
leaf_count=25 50 996 290 1938 1731 37 658 52 452 4356 8376 188 218 377 1197 1581 2662 259 123 5855 39 86 46 24 496 290 24 148 610 50
internal_value=7.38652e-15 4.71748e-06 -7.78496e-06 1.60522e-06 2.36898e-06 -5.53832e-06 -4.41316e-06 1.00176e-05 8.19024e-06 9.16737e-06 3.71055e-06 -4.84151e-06 -1.34432e-05 -1.25785e-05 -1.17649e-05 1.59367e-05 -1.11018e-05 -1.00012e-05 1.70052e-05 -2.73467e-06 -1.47609e-05 -2.1764e-05 -2.31096e-06 -2.6523e-05 -8.53875e-06 -2.08613e-05 -1.35583e-05 -3.02165e-05 -1.16589e-05 -1.91365e-06
internal_weight=33234 20694 12540 13038 12233 8976 8000 7656 5850 5352 10314 1919 3564 3343 1487 1806 2880 805 1704 6513 976 463 498 221 755 329 49 172 647 102
internal_count=33234 20694 12540 13038 12233 8976 8000 7656 5850 5352 10314 1919 3564 3343 1487 1806 2880 805 1704 6513 976 463 498 221 755 329 49 172 647 102
is_linear=0
shrinkage=0.05


Tree=34
num_leaves=28
num_cat=0
split_feature=2 2 2 9 1 1 2 2 2 9 1 1 9 1 1 2 9 3 3 1 3 9 3 8 4 4 7
split_gain=0.000106364 0.000120585 5.73492e-05 3.71205e-05 0.000261787 6.77716e-05 3.60378e-05 2.22874e-05 9.01417e-06 8.59778e-06 4.72925e-05 1.09303e-05 7.96426e-06 4.76429e-05 1.09983e-05 5.38682e-06 3.82828e-06 2.47086e-06 2.78313e-06 2.42387e-06 2.26073e-06 2.58071e-06 2.29557e-06 1.4915e-06 1.14996e-06 1.88007e-06 1.46156e-06
threshold=-1.6653548660123814 1.0824267418355495 -0.8423170168105375 0.86575506480726616 0.61324548051281513 -0.92249875171851103 1.9336164207428628 -2.6886634606268021 2.6410152510235889 1.5396655012766909 0.43168069522951119 -1.2827851534111534 -0.808506481854804 -0.89443768001283008 0.88034716773880806 -2.0796896755126508 1.1846356823716346 -1.0084340296060399 -0.86804527715007984 1.024034392937297 1.0386890773684645 -1.3318185810671117 1.249454224374337 -1.0036346767718924 0.81561610378301574 0.4564859060945094 -0.74866431361637886
decision_type=2 2 2 2 2 2 2 2 2 2 2 2 2 2 2 2 2 2 2 2 2 2 2 2 2 2 2
left_child=7 2 9 5 -5 -4 12 24 16 11 -11 -2 13 -3 -14 20 -8 19 -19 -17 21 -9 -22 -10 25 26 -1
right_child=1 6 3 4 -6 -7 8 15 23 10 -12 -13 14 -15 -16 17 -18 18 -20 -21 22 -23 -24 -25 -26 -27 -28
leaf_value=-4.2981126757695168e-05 3.7968137487924731e-06 2.5227504805866834e-05 8.6940897877312967e-06 -3.4163492584318228e-07 2.7548848248359904e-05 5.7089839328491912e-07 -1.496783884145213e-05 -5.752247791020156e-06 -1.6733083005722925e-05 -9.6149293814512515e-06 3.0773722186208227e-05 -4.2632339337593704e-06 -7.3909138020506421e-06 -6.3359084703709549e-06 3.932221993957131e-07 -5.9205356510468597e-06 -3.5473501947219521e-06 -2.4411327397120337e-05 -9.1162844657282748e-06 9.6501918080555758e-06 7.8851698036652709e-06 -1.7480188799981097e-05 -1.2339857232987887e-05 -3.0536736296696445e-05 -2.3890981438237378e-05 -4.7827216390446253e-05 -2.7340638706137125e-05
leaf_weight=20 467 149 3111 3120 1152 14701 698 53 24 199 114 4236 2322 605 564 129 82 31 733 31 20 408 47 106 31 22 59
leaf_count=20 467 149 3111 3120 1152 14701 698 53 24 199 114 4236 2322 605 564 129 82 31 733 31 20 408 47 106 31 22 59
internal_value=-5.94892e-15 6.32802e-07 1.89739e-06 2.99359e-06 7.17939e-06 1.98967e-06 -6.89916e-06 -1.26441e-05 -1.57988e-05 -2.92885e-06 5.09531e-06 -3.46288e-06 -4.67424e-06 -9.85761e-08 -5.86969e-06 -1.08558e-05 -1.37672e-05 -8.55366e-06 -9.73689e-06 -2.90371e-06 -1.48846e-05 -1.61319e-05 -6.30254e-06 -2.79884e-05 -3.23147e-05 -3.49002e-05 -3.13003e-05
internal_weight=33234 31650 27100 22084 4272 17812 4550 1584 910 5016 313 4703 3640 754 2886 1452 780 924 764 160 528 461 67 130 132 101 79
internal_count=33234 31650 27100 22084 4272 17812 4550 1584 910 5016 313 4703 3640 754 2886 1452 780 924 764 160 528 461 67 130 132 101 79
is_linear=0
shrinkage=0.05


Tree=35
num_leaves=31
num_cat=0
split_feature=0 0 0 2 2 2 2 2 2 0 0 2 1 2 2 2 2 2 1 2 2 2 2 2 2 9 1 0 3 3
split_gain=0.000444317 9.296e-05 8.49321e-05 3.55058e-05 4.18568e-05 3.27126e-05 3.79351e-05 2.03001e-05 2.39636e-05 1.85179e-05 1.84767e-05 1.69499e-05 1.46634e-05 1.41932e-05 1.36594e-05 1.19545e-05 1.0385e-05 8.85044e-06 7.12614e-06 6.952e-06 6.91528e-06 6.4996e-06 5.98402e-06 4.50795e-06 4.08673e-06 2.99041e-06 2.90097e-06 1.83081e-06 1.37542e-06 4.83696e-07
threshold=-0.060533473015378168 0.99478092255470496 -1.0528149683729271 1.4984913862967428 -1.1766406318588334 1.558679121802121 -1.2156372650331095 -1.3295028514770735 0.81159094054362479 1.923950560831605 -2.0500401605664149 -1.8031358028965385 1.3278290977132812 0.79773943259412861 1.0824267418355495 -2.168360036504775 -2.6886634606268021 2.1722840468670355 1.6161076697008856 -2.2816077370803254 1.5287535092841693 2.2824319959938197 2.4489747911018247 -2.4195820939365831 -1.1543438667099963 1.4818967210435838 -1.051686808459374 1.3221890011667885 -0.93139606115825635 -0.29401863449166737
decision_type=2 2 2 2 2 2 2 2 2 2 2 2 2 2 2 2 2 2 2 2 2 2 2 2 2 2 2 2 2 2
left_child=2 3 10 4 15 6 16 19 9 -9 20 23 -6 -8 -13 -2 -4 -10 22 27 24 26 -7 -12 -1 -21 -5 -3 -23 -22
right_child=1 7 5 21 12 18 13 8 17 -11 11 14 -14 -15 -16 -17 -18 -19 -20 25 29 28 -24 -25 -26 -27 -28 -29 -30 -31
leaf_value=-2.7763698781608984e-05 -1.5803817195559893e-05 -2.0720163528301673e-05 -3.7752947769654893e-05 2.9122217866568799e-06 4.3596538725985596e-06 -1.3886109972734744e-05 -9.0859528099089112e-07 1.2369697561188365e-05 6.9255787706173448e-06 2.1845245932360619e-05 -4.2374734965064555e-05 -8.5466477311260166e-06 1.0989332846508126e-05 -6.0212056889010554e-06 -1.6994995542309658e-05 -2.3703198219194659e-06 -1.048531253043971e-05 -9.0413951103959055e-06 6.9336469449707599e-06 3.0842905924970411e-06 -3.2085023834345822e-05 -2.8026490353264916e-05 -2.8010821389753717e-05 -2.1892732917283555e-05 -1.6170351788955035e-05 2.0583700366982019e-05 -6.385316759145599e-06 -5.66301374122374e-06 -1.4782288456967549e-05 -4.1928508429779102e-05
leaf_weight=89 191 33 36 98 8927 507 7449 3087 1004 619 34 3508 920 1660 554 1246 1162 95 36 400 24 24 88 128 521 26 583 52 107 26
leaf_count=89 191 33 36 98 8927 507 7449 3087 1004 619 34 3508 920 1660 554 1246 1162 95 36 400 24 24 88 128 521 26 583 52 107 26
internal_value=3.57976e-15 5.51101e-06 -6.06483e-06 3.08906e-06 3.81575e-06 -3.61693e-06 -2.94037e-06 1.10219e-05 1.20295e-05 1.39524e-05 -1.1547e-05 -1.03314e-05 4.97906e-06 -1.8403e-06 -9.69888e-06 -4.15584e-06 -1.13047e-05 5.54536e-06 -1.46681e-05 1.54726e-06 -1.93271e-05 -7.00934e-06 -1.59751e-05 -2.61914e-05 -1.78618e-05 4.15233e-06 -5.04734e-06 -1.15087e-05 -1.72087e-05 -3.72036e-05
internal_weight=33234 17412 15822 12096 11284 10938 10307 5316 4805 3706 4884 4224 9847 9109 4062 1437 1198 1099 631 511 660 812 595 162 610 426 681 85 131 50
internal_count=33234 17412 15822 12096 11284 10938 10307 5316 4805 3706 4884 4224 9847 9109 4062 1437 1198 1099 631 511 660 812 595 162 610 426 681 85 131 50
is_linear=0
shrinkage=0.05


Tree=36
num_leaves=31
num_cat=0
split_feature=0 0 0 2 2 2 0 2 2 2 2 2 2 2 1 2 0 2 2 2 2 2 0 2 5 7 0 1 3 4
split_gain=0.00040357 0.000101634 6.21875e-05 3.16235e-05 3.99654e-05 3.01228e-05 2.92971e-05 2.69821e-05 2.21568e-05 2.02588e-05 2.07407e-05 1.44351e-05 1.3025e-05 1.28801e-05 1.136e-05 1.12712e-05 1.05125e-05 9.4338e-06 8.3164e-06 1.0249e-05 5.62681e-06 4.99519e-06 4.35262e-06 3.93356e-06 2.95308e-06 2.72117e-06 2.71019e-06 2.44679e-06 2.04836e-06 1.3527e-06
threshold=0.15012681065801303 -0.67864102698084461 1.3221890011667885 1.013788076776184 -0.8423170168105375 -1.8031358028965385 -1.5144421857894435 0.98395652181063709 -0.69395917513930916 -1.751772875202654 1.0824267418355495 -1.9983378001733816 -1.4954214039679192 0.81159094054362479 2.0742979266505457 2.0729568801291083 2.1495085436341319 2.1722840468670355 1.558679121802121 -0.91222179847085683 -2.6886634606268021 2.4489747911018247 0.93338262934155858 -2.6886634606268021 -0.77361207727399128 -0.77649200673307472 -2.0500401605664149 0.94064149433944466 -0.25289618735383662 0.3723572875079188
decision_type=2 2 2 2 2 2 2 2 2 2 2 2 2 2 2 2 2 2 2 2 2 2 2 2 2 2 2 2 2 2
left_child=1 6 3 4 11 20 18 8 -7 23 -11 -2 24 16 -6 -9 -14 22 19 -1 29 -15 -5 -8 -4 -26 -20 -22 -19 -3
right_child=2 5 12 17 14 7 9 15 -10 10 -12 -13 13 21 -16 -17 -18 28 26 -21 27 -23 -24 -25 25 -27 -28 -29 -30 -31
leaf_value=-2.0510942149741214e-05 -1.0708888042122244e-05 -4.23753236009361e-05 1.0940208630927374e-05 -1.8654433873633533e-06 7.1710115128439615e-06 -4.2510066542046629e-06 -4.1314917355824338e-05 -5.3764139368190085e-06 1.645486517995123e-06 -5.5205085534999526e-06 -1.4032586543610636e-05 1.3832863964160846e-06 1.3712373220820267e-05 8.0819055210083124e-06 2.1353399607764661e-05 -1.8427959830703041e-05 2.2970754774200509e-05 -1.9557416379377496e-05 -3.5723479430949114e-05 -1.1475166730146007e-05 -1.5278434546647026e-05 -1.5164790952818899e-05 4.4686302670407919e-06 -1.9857156849358002e-05 -1.5098254469807439e-05 8.6238521260741318e-07 -2.0797393467984812e-05 -3.357703423814968e-06 -8.3759657843860703e-06 -2.42060006734218e-05
leaf_weight=391 281 20 57 1217 7250 2147 24 1495 6176 5155 831 2028 1863 622 144 186 367 68 48 1590 276 24 349 194 33 140 83 51 103 21
leaf_count=391 281 20 57 1217 7250 2147 24 1495 6176 5155 831 2028 1863 622 144 186 367 68 48 1590 276 24 349 194 33 140 83 51 103 21
internal_value=7.02918e-16 -4.86103e-06 6.24522e-06 4.54174e-06 5.65401e-06 -1.55936e-06 -8.979e-06 -1.04256e-06 1.24428e-07 -7.24744e-06 -6.70219e-06 -8.83035e-08 1.25195e-05 1.34351e-05 7.44722e-06 -6.82055e-06 1.52361e-05 -1.67146e-06 -1.40654e-05 -1.32586e-05 -1.56085e-05 7.21825e-06 -4.53827e-07 -2.22195e-05 1.06993e-06 -2.18213e-06 -2.62665e-05 -1.34192e-05 -1.28224e-05 -3.30691e-05
internal_weight=33234 18688 14546 11440 9703 10372 8316 10004 8323 6204 5986 2309 3106 2876 7394 1681 2230 1737 2112 1981 368 646 1566 218 230 173 131 327 171 41
internal_count=33234 18688 14546 11440 9703 10372 8316 10004 8323 6204 5986 2309 3106 2876 7394 1681 2230 1737 2112 1981 368 646 1566 218 230 173 131 327 171 41
is_linear=0
shrinkage=0.05


Tree=37
num_leaves=31
num_cat=0
split_feature=0 0 0 0 2 2 2 2 2 2 2 9 2 2 0 2 0 2 2 2 9 2 9 2 9 10 2 5 7 7
split_gain=0.000365507 0.00010344 4.74415e-05 3.13816e-05 3.03433e-05 2.74922e-05 2.74047e-05 2.89289e-05 1.90604e-05 1.87377e-05 1.82697e-05 1.49088e-05 1.13981e-05 1.09445e-05 9.63481e-06 9.6091e-06 9.51105e-06 8.4909e-06 9.06806e-06 8.04804e-06 5.18604e-06 4.55082e-06 4.17355e-06 4.7856e-06 2.44019e-06 2.43238e-06 2.3566e-06 1.88159e-06 1.83439e-06 1.51495e-06
threshold=-0.31351818570007056 0.56695561427428853 -1.375897962666224 1.4265167135626116 -1.5240858570662013 0.85121231105193884 1.5950900934523753 -0.95886925333318784 1.8785139791464254 -0.94284852881530623 -0.63073384021149381 -1.1251966014716288 -2.168360036504775 -1.6653548660123814 2.424259361208724 2.0729568801291083 -2.1405292219366321 -1.4954214039679192 0.57661239849942747 -2.4195820939365831 -0.95351314764218809 2.6410152510235889 -1.0008437426567074 1.2020968681778867 0.41230001727654159 0.43839570293445279 2.4489747911018247 0.54297263529118289 -0.48506205653256179 -0.74866431361637886
decision_type=2 2 2 2 2 2 2 2 2 2 2 2 2 2 2 2 2 2 2 2 2 2 2 2 2 2 2 2 2 2
left_child=2 4 16 8 19 10 7 12 9 -3 -6 -9 -4 25 -15 -7 22 24 -19 27 -21 -10 -1 -24 -18 -5 29 -2 -28 -8
right_child=1 3 6 13 5 15 26 11 21 -11 -12 -13 -14 14 -16 -17 17 18 -20 20 -22 -23 23 -25 -26 -27 28 -29 -30 -31
leaf_value=-8.6067740762080752e-06 -1.9783140878644193e-05 9.654496397239837e-07 -2.4159942081334001e-05 -6.5018055982155677e-06 -1.0633541792786793e-06 -2.3755558318230036e-06 -1.9754795391584757e-05 2.5406334710270892e-06 -5.8941395903438385e-06 7.860494758912275e-06 4.2478817850560565e-06 -4.0189329713321039e-06 -9.2320028234278817e-06 1.2346088141217889e-05 2.2779137698418663e-05 -1.3781826803725278e-05 -1.7579299869550725e-05 -8.0479949653270124e-06 -1.526252660663799e-05 2.5964299067237775e-06 -9.4729550831652176e-06 -2.7296838724678625e-05 -1.864681448568047e-05 -3.493620516235073e-05 -3.0287351097413515e-05 7.1317783404420316e-06 -1.1875492388450465e-05 -3.7491844295800547e-05 -2.8193050631905809e-05 -1.2976464065312405e-05
leaf_weight=88 60 1201 140 83 2208 2042 107 997 173 5487 6071 6604 1476 2203 246 203 112 1453 622 108 506 29 389 51 57 54 24 20 61 359
leaf_count=88 60 1201 140 83 2208 2042 107 997 173 5487 6071 6604 1476 2203 246 203 112 1453 622 108 506 29 389 51 57 54 24 20 61 359
internal_value=2.0704e-15 4.08181e-06 -6.73596e-06 7.92806e-06 8.3283e-07 1.50061e-06 -5.09766e-06 -4.45013e-06 6.16528e-06 6.62231e-06 2.83138e-06 -3.15853e-06 -1.05253e-05 1.26247e-05 1.33941e-05 -3.40695e-06 -1.2509e-05 -1.10884e-05 -1.02106e-05 -9.29355e-06 -7.35e-06 -8.9668e-06 -1.85469e-05 -2.05349e-05 -2.18654e-05 -1.12798e-06 -1.59294e-05 -2.42103e-05 -2.35857e-05 -1.45329e-05
internal_weight=33234 20694 12540 9476 11218 10524 9768 9217 6890 6688 8279 7601 1616 2586 2449 2245 2772 2244 2075 694 614 202 528 440 169 137 551 80 85 466
internal_count=33234 20694 12540 9476 11218 10524 9768 9217 6890 6688 8279 7601 1616 2586 2449 2245 2772 2244 2075 694 614 202 528 440 169 137 551 80 85 466
is_linear=0
shrinkage=0.05


Tree=38
num_leaves=31
num_cat=0
split_feature=0 0 0 2 2 2 2 2 2 0 2 2 2 2 0 1 2 2 2 2 1 2 2 0 1 0 1 4 1 1
split_gain=0.000331491 8.44376e-05 5.10828e-05 2.68665e-05 2.57196e-05 3.03218e-05 2.43247e-05 2.23078e-05 2.42123e-05 1.83688e-05 1.78545e-05 1.25498e-05 1.77903e-05 1.10673e-05 1.08863e-05 9.62754e-06 9.60314e-06 5.9941e-06 5.6295e-06 4.83847e-06 4.42269e-06 4.1312e-06 4.12729e-06 4.02268e-06 2.75773e-06 2.61734e-06 2.14557e-06 1.86611e-06 1.71016e-06 1.46398e-06
threshold=0.15012681065801303 -0.72949906349762006 1.1536794412027462 -1.8031358028965385 1.0824267418355495 -0.82598775465373619 1.1268935988435007 -1.6653548660123814 1.558679121802121 -1.375897962666224 -0.69395917513930916 -1.0838160176996881 0.81159094054362479 -1.9983378001733816 2.1495085436341319 1.4216406639074999 2.0729568801291083 2.0001408047633369 2.2824319959938197 -2.6886634606268021 -1.9894004985221889 -2.0796896755126508 -2.2816077370803254 -2.0500401605664149 -0.82404083512282644 2.0588280894175823 0.94064149433944466 0.3723572875079188 0.43168069522951119 -0.55933271069279489
decision_type=2 2 2 2 2 2 2 2 2 2 2 2 2 2 2 2 2 2 2 2 2 2 2 2 2 2 2 2 2 2
left_child=1 7 4 19 5 13 10 22 9 -9 -5 21 14 -2 -13 -7 -8 -14 20 27 -6 29 28 -10 -24 -23 -21 -3 -1 -4
right_child=2 3 11 6 18 15 16 8 23 -11 -12 12 17 -15 -16 -17 -18 -19 -20 26 -22 25 24 -25 -26 -27 -28 -29 -30 -31
leaf_value=-3.4915658999140712e-05 -1.0103484123559134e-05 -4.0962196179147476e-05 3.7187400957245028e-06 -4.0173181607780627e-06 1.6832510709718917e-05 5.8545548089839781e-06 -5.5029582050058856e-06 -1.0538052692441437e-05 -3.2559988335378874e-05 -5.1642434577392845e-06 1.1268274922134397e-06 1.2261723995881554e-05 6.71082607459945e-06 9.1912746593389916e-07 2.1976003027611467e-05 1.2834625302104996e-05 -1.7276244562935972e-05 -6.2018070994942243e-06 -1.2888546515838441e-05 -1.4212834385577553e-05 -1.9899109805440419e-06 3.745275875758976e-06 -8.6007893259403116e-06 -1.7273085711731433e-05 -2.0406396993496237e-05 1.3865271718091927e-05 -3.3608953538498975e-06 -2.0124418899120594e-05 -1.9523991844695187e-05 -1.0071846712102642e-05
leaf_weight=59 259 21 27 2237 32 6306 1215 2456 48 4511 6858 2389 756 1886 328 536 202 102 119 291 1262 401 65 416 207 76 54 22 26 67
leaf_count=59 259 21 27 2237 32 6306 1215 2456 48 4511 6858 2389 756 1886 328 536 202 102 119 291 1262 401 65 416 207 76 54 22 26 67
internal_value=-2.417e-16 -4.4056e-06 5.6601e-06 -1.5647e-06 3.78928e-06 4.77521e-06 -1.08779e-06 -8.3817e-06 -7.79516e-06 -7.05861e-06 -1.38423e-07 1.0353e-05 1.14524e-05 -4.11808e-07 1.34344e-05 6.40137e-06 -7.1813e-06 5.17576e-06 -2.4815e-06 -1.44855e-05 -1.52444e-06 3.46972e-06 -2.05905e-05 -1.88545e-05 -1.75852e-05 5.35769e-06 -1.25143e-05 -3.0301e-05 -3.02076e-05 -6.11072e-06
internal_weight=33234 18688 14546 10900 10400 8987 10512 7788 7431 6967 9095 4146 3575 2145 2717 6842 1417 858 1413 388 1294 571 357 464 272 477 345 43 85 94
internal_count=33234 18688 14546 10900 10400 8987 10512 7788 7431 6967 9095 4146 3575 2145 2717 6842 1417 858 1413 388 1294 571 357 464 272 477 345 43 85 94
is_linear=0
shrinkage=0.05


Tree=39
num_leaves=31
num_cat=0
split_feature=0 0 0 2 2 2 2 0 2 2 9 2 2 2 2 9 9 2 2 2 9 2 1 9 9 2 1 9 2 0
split_gain=0.000300646 8.58046e-05 3.90818e-05 2.70196e-05 2.88045e-05 2.25238e-05 2.58384e-05 2.08727e-05 1.55838e-05 1.56423e-05 1.47718e-05 1.0907e-05 1.61596e-05 1.05808e-05 9.46683e-06 9.17342e-06 8.70516e-06 8.04207e-06 7.97689e-06 8.77891e-06 5.46136e-06 5.45607e-06 4.74091e-06 9.02259e-06 4.72595e-06 4.132e-06 3.80114e-06 3.02925e-06 2.53605e-06 2.30281e-06
threshold=-0.31351818570007056 0.74005130924269225 -1.2371041206587363 -1.2806395457818702 0.98395652181063709 1.219472533277481 -0.69395917513930916 1.6422172030323459 1.3544134634536154 -2.2816077370803254 -1.415534399252149 -0.91222179847085683 0.56503111599425559 2.1722840468670355 -1.8031358028965385 0.88201308289783031 1.1846356823716346 -2.4195820939365831 -0.75959467501451217 0.81159094054362479 -2.043066269967889 2.0001408047633369 -1.2398509936349453 -0.60704791904925826 -1.0532529453119326 1.8214200012009567 0.61324548051281513 1.1846356823716346 -1.6256764294194415 0.39041552216213266
decision_type=2 2 2 2 2 2 2 2 2 2 2 2 2 2 2 2 2 2 2 2 2 2 2 2 2 2 2 2 2 2
left_child=2 3 11 17 10 6 14 8 9 -3 -5 22 15 -6 -4 -13 -8 29 28 -20 -7 -14 23 -1 -19 -22 -24 -10 -9 -2
right_child=1 7 5 4 13 20 16 18 27 -11 -12 12 21 -15 -16 -17 -18 24 19 -21 25 -23 26 -25 -26 -27 -28 -29 -30 -31
leaf_value=1.4082878506087582e-05 -2.5168226856231788e-05 -1.4376765975390387e-05 -1.6554535142441592e-05 9.8033384400866391e-06 -2.2013386498871881e-06 1.0653045831498242e-05 -2.4583552353909205e-06 -4.2112836460862071e-07 -3.2253243095120359e-06 7.6266946382544534e-06 2.5628852532347309e-06 -8.1839954444130064e-06 -1.3205032356636003e-05 -1.4628301570407163e-05 -6.8450795203113508e-06 6.9309371354362674e-07 3.4960056222250778e-06 3.06563303107564e-06 1.7213526945833264e-05 7.9046018219276851e-06 -9.8042737364259719e-06 -2.6368975058662625e-05 -2.06830875476202e-05 -1.9449126470367737e-05 -5.8927402348041413e-06 -1.6788490184882454e-05 -1.1805794878835834e-05 9.2038841698509223e-06 8.8906559870988792e-06 -9.3158262113017073e-06
leaf_weight=35 63 82 290 765 1927 27 5144 98 451 5391 8898 1537 929 188 1869 359 697 173 945 346 630 86 398 47 988 319 173 55 288 36
leaf_count=35 63 82 290 765 1927 27 5144 98 451 5391 8898 1537 929 188 1869 359 697 173 945 346 630 86 398 47 988 319 173 55 288 36
internal_value=-1.04705e-16 3.70197e-06 -6.10914e-06 1.2348e-06 1.97928e-06 -4.35026e-06 -3.47542e-06 7.9035e-06 6.52086e-06 7.29702e-06 3.1361e-06 -1.05389e-05 -9.22885e-06 -3.30596e-06 -8.14927e-06 -6.50315e-06 -1.74783e-06 -5.72432e-06 1.2833e-05 1.47186e-05 -1.15211e-05 -1.43204e-05 -1.6379e-05 -5.13669e-06 -4.55786e-06 -1.2152e-05 -1.79935e-05 -1.87432e-06 6.52652e-06 -1.94037e-05
internal_weight=33234 20694 12540 13038 11778 8976 8000 7656 5979 5473 9663 3564 2911 2115 2159 1896 5841 1260 1677 1291 976 1015 653 82 1161 949 571 506 386 99
internal_count=33234 20694 12540 13038 11778 8976 8000 7656 5979 5473 9663 3564 2911 2115 2159 1896 5841 1260 1677 1291 976 1015 653 82 1161 949 571 506 386 99
is_linear=0
shrinkage=0.05


Tree=40
num_leaves=31
num_cat=0
split_feature=0 0 0 2 2 2 2 2 2 9 2 0 0 2 9 2 2 2 2 2 2 2 9 0 2 9 9 0 3 3
split_gain=0.00027342 5.78377e-05 5.27613e-05 2.30663e-05 2.52821e-05 2.08656e-05 2.55314e-05 1.59905e-05 1.56409e-05 1.51118e-05 1.37852e-05 1.29413e-05 1.26608e-05 1.12145e-05 1.17622e-05 8.9868e-06 7.27267e-06 6.60288e-06 5.81752e-06 5.04261e-06 4.3081e-06 3.97846e-06 3.96894e-06 3.62459e-06 3.47419e-06 3.27751e-06 2.02036e-06 1.55719e-06 1.42591e-06 4.48924e-07
threshold=-0.060533473015378168 0.94777544457328722 -1.0528149683729271 1.4984913862967428 -0.92812834856812043 -1.4671302284054153 1.0477824858292661 -1.3295028514770735 0.81159094054362479 1.3980810598853053 0.54298571758486769 -2.0500401605664149 1.923950560831605 -1.8031358028965385 0.88201308289783031 -1.9983378001733816 1.8214200012009567 1.7617655024465946 -2.6886634606268021 -2.2816077370803254 1.5287535092841693 2.2824319959938197 1.1655492856491849 -2.703869839355066 -2.4195820939365831 1.4818967210435838 -1.5378911532126989 1.3221890011667885 -0.93139606115825635 -0.29401863449166737
decision_type=2 2 2 2 2 2 2 2 2 2 2 2 2 2 2 2 2 2 2 2 2 2 2 2 2 2 2 2 2 2
left_child=2 3 11 4 15 18 9 19 12 -7 -6 20 -9 24 -15 -2 -8 -10 -4 27 23 26 -20 -1 -13 -21 -5 -3 -23 -22
right_child=1 7 5 21 10 6 16 8 17 -11 -12 13 -14 14 -16 -17 -18 -19 22 25 29 28 -24 -25 -26 -27 -28 -29 -30 -31
leaf_value=-2.2181314557718164e-05 -1.0401072034636608e-05 -1.8115281305821744e-05 -3.0412829553622741e-05 6.7928337521631259e-06 5.3474898921444464e-06 -1.7673262745925599e-06 -6.186538609101736e-06 9.6067264794202349e-06 6.129373441183468e-06 6.0632070211009915e-06 1.0574457998116888e-06 -3.5168839643601506e-05 1.7388745813751252e-05 -8.831197124734588e-06 -1.9110350888519587e-06 -7.9374291035831964e-07 -1.4167721426444283e-05 -3.2311491130427786e-06 -1.1216233752387278e-05 1.4262308800606537e-06 -2.4768343412991573e-05 -2.5658555888309241e-05 -5.4285308536506551e-08 -1.2515972972116275e-05 -1.7188006475965525e-05 1.878036965880993e-05 -5.0820336040962714e-06 -4.7994598966957153e-06 -1.1647413150337974e-05 -3.4251412034791433e-05
leaf_weight=121 283 38 36 38 6215 7935 1195 3358 934 668 2680 34 619 3308 754 1740 375 236 638 440 24 22 91 489 128 29 624 52 104 26
leaf_count=121 283 38 36 38 6215 7935 1195 3358 934 668 2680 34 619 3308 754 1740 375 236 638 440 24 22 91 489 128 29 624 52 104 26
internal_value=-5.47141e-15 4.32315e-06 -4.75759e-06 2.31122e-06 2.90749e-06 -2.82822e-06 -2.22936e-06 8.45067e-06 9.32297e-06 -1.15931e-06 4.05493e-06 -9.07853e-06 1.0818e-05 -8.06116e-06 -7.54666e-06 -2.13772e-06 -8.09287e-06 4.24127e-06 -1.07918e-05 4.18998e-07 -1.55897e-05 -5.95036e-06 -9.8229e-06 -1.44332e-05 -2.09618e-05 2.4993e-06 -4.40039e-06 -1.04217e-05 -1.40938e-05 -2.96995e-05
internal_weight=33234 17412 15822 11706 10918 10938 10173 5706 5147 8603 8895 4884 3977 4224 4062 2023 1570 1170 765 559 660 788 729 610 162 469 662 90 126 50
internal_count=33234 17412 15822 11706 10918 10938 10173 5706 5147 8603 8895 4884 3977 4224 4062 2023 1570 1170 765 559 660 788 729 610 162 469 662 90 126 50
is_linear=0
shrinkage=0.05


Tree=41
num_leaves=31
num_cat=0
split_feature=0 0 0 9 1 1 9 0 9 1 1 9 9 1 1 9 1 0 9 1 1 0 1 0 7 6 9 1 4 4
split_gain=0.00024867 6.38932e-05 3.85866e-05 1.90251e-05 0.000103919 2.69426e-05 0.000115457 1.82431e-05 1.39441e-05 7.41595e-05 2.07622e-05 7.27066e-05 1.33809e-05 8.02158e-05 1.88547e-05 1.27637e-05 1.00064e-05 7.99822e-06 7.30582e-06 3.98694e-05 1.24807e-05 5.12869e-06 5.6113e-06 2.62858e-06 2.08971e-06 2.03093e-06 1.88965e-06 1.4374e-06 8.35313e-07 2.52544e-06
threshold=0.15012681065801303 -0.67864102698084461 1.4265167135626116 1.1088812542175031 0.62647607747695966 -0.58213468457944606 -0.79513683367161903 -1.7963875429977501 -1.4461994279996053 -0.51611454922897948 1.2812290912413775 0.51311176402013536 -1.1251966014716288 -0.59340315216661754 0.51829341173363119 0.45520262688282276 -1.3069786999388231 2.6603794549060091 -0.92188195876508416 -0.64158161606978392 0.61324548051281513 -2.703869839355066 0.924558226945974 0.61595130649555108 -0.79175648090330142 1.8091204708889137 1.2856362543910693 -0.6055740763804901 0.90243478883477979 0.4981616669018934
decision_type=2 2 2 2 2 2 2 2 2 2 2 2 2 2 2 2 2 2 2 2 2 2 2 2 2 2 2 2 2 2
left_child=1 7 3 5 23 6 -2 21 9 27 16 -12 13 -9 -14 -7 -10 18 19 -4 -20 24 -23 -5 -1 -11 -6 -3 29 -19
right_child=2 8 17 4 26 15 -8 12 10 25 11 -13 14 -15 -16 -17 -18 28 20 -21 -22 22 -24 -25 -26 -27 -28 -29 -30 -31
leaf_value=-3.4233683512801306e-05 2.5014715398421643e-05 2.8969904307213879e-05 4.2457674178530443e-05 -1.3006768718877561e-06 2.4191998155178878e-05 2.6091742605509406e-07 1.4257781953252941e-06 2.3071188468118356e-05 2.3932664807910013e-06 -5.924612759133983e-06 -4.6302151641216285e-06 2.4607681469450325e-05 -8.8231381473629797e-06 -9.5033770420774373e-06 -2.8449570093138902e-06 5.2903732909657299e-06 -3.0868235640472968e-06 2.0728449650304419e-05 6.2441382181853304e-06 6.6593969397293523e-06 1.5068214105440348e-05 -1.3346435032861982e-05 -3.7986422195053385e-06 3.4038174785303379e-06 -1.8844912148534396e-05 9.9384447691720981e-06 3.189760390467137e-05 1.6951012245921708e-05 1.3938542435979524e-05 4.0453916953993035e-05
leaf_weight=28 681 223 105 564 106 5880 2177 260 934 515 626 322 4267 692 1909 1606 7703 86 1506 300 546 869 187 627 104 21 319 28 23 20
leaf_count=28 681 223 105 564 106 5880 2177 260 934 515 626 322 4267 692 1909 1606 7703 86 1506 300 546 869 187 627 104 21 319 28 23 20
internal_value=-2.99248e-16 -3.81576e-06 4.9023e-06 3.70483e-06 8.75019e-06 2.91662e-06 7.04652e-06 -7.08081e-06 -1.19793e-06 5.20006e-06 -1.72325e-06 5.3008e-06 -6.12474e-06 -6.06962e-07 -6.97528e-06 1.33991e-06 -2.49421e-06 1.04405e-05 9.80333e-06 1.59404e-05 8.59206e-06 -1.28172e-05 -1.16557e-05 1.176e-06 -2.21092e-05 -5.30311e-06 2.99757e-05 2.76292e-05 2.25761e-05 2.44502e-05
internal_weight=33234 18688 14546 11960 1616 10344 2858 8316 10372 787 9585 948 7128 952 6176 7486 8637 2586 2457 405 2052 1188 1056 1191 132 536 425 251 129 106
internal_count=33234 18688 14546 11960 1616 10344 2858 8316 10372 787 9585 948 7128 952 6176 7486 8637 2586 2457 405 2052 1188 1056 1191 132 536 425 251 129 106
is_linear=0
shrinkage=0.05


Tree=42
num_leaves=31
num_cat=0
split_feature=0 0 0 2 2 2 2 2 2 2 9 2 2 9 2 2 9 9 2 2 9 8 2 9 2 10 0 7 8 7
split_gain=0.000225321 7.0165e-05 2.7213e-05 2.40613e-05 2.97541e-05 2.0917e-05 1.93059e-05 1.91627e-05 2.42833e-05 1.39424e-05 1.2494e-05 1.05489e-05 9.89824e-06 9.80824e-06 8.12852e-06 7.75274e-06 8.31194e-06 1.17971e-05 7.00692e-06 4.99368e-06 4.56323e-06 4.33746e-06 3.92963e-06 3.5728e-06 3.1837e-06 2.19328e-06 1.99475e-06 1.44038e-06 1.30243e-06 1.11109e-06
threshold=0.32302688836684867 -0.67864102698084461 1.4265167135626116 -0.784841410919208 0.85121231105193884 1.5950900934523753 -0.94284852881530623 -1.0838160176996881 1.0824267418355495 0.67068965894772481 0.70289330561619068 -2.6886634606268021 -1.8031358028965385 1.1846356823716346 2.4489747911018247 -1.6653548660123814 0.82314196768087178 -0.92188195876508416 -2.2816077370803254 1.8785139791464254 2.2288189987371454 0.35346927535280065 -2.4195820939365831 -0.70561975423254375 2.6410152510235889 0.43839570293445279 0.48867834150397788 -0.36271103624600648 0.18641487741048621 0.63726849005846442
decision_type=2 2 2 2 2 2 2 2 2 2 2 2 2 2 2 2 2 2 2 2 2 2 2 2 2 2 2 2 2 2
left_child=1 7 5 12 13 6 11 18 10 -8 -9 -2 22 -5 -6 25 17 -17 29 -10 -14 -18 -3 -20 26 27 -7 -4 -26 -1
right_child=2 3 15 4 14 24 9 8 19 -11 -12 -13 20 -15 -16 16 21 -19 23 -21 -22 -23 -24 -25 28 -27 -28 -29 -30 -31
leaf_value=-2.9212449696307672e-05 -2.4012236040107381e-05 -2.1178904767869732e-05 -1.5747409253600413e-05 1.2505524269013421e-06 -3.8168464406343662e-06 -1.0908993897022268e-05 7.010382410519289e-06 -5.8054147660774975e-06 -1.0568541452933634e-05 2.0312712564547947e-06 -5.0532571414567649e-07 5.2397396331246588e-07 -3.9015991787251113e-06 6.8817756014794543e-06 -1.8802770382729039e-05 1.6651159023778057e-05 1.3094548818761819e-05 7.1249265094723552e-06 -6.4032609867783622e-06 -1.8197413556224312e-05 1.8486375228863127e-05 2.3135466183205985e-05 -9.478131493334604e-06 -1.3225248314456023e-05 -2.8130171667726245e-05 6.1868553041643257e-06 -2.855871397035771e-06 -1.9323735284299599e-06 -1.0500470497473461e-05 -1.688533571723383e-05
leaf_weight=68 45 90 29 6537 2421 97 5675 4594 824 1869 1467 1651 2186 877 94 411 324 1553 253 290 23 161 354 795 20 54 371 54 22 25
leaf_count=68 45 90 29 6537 2421 97 5675 4594 824 1869 1467 1651 2186 877 94 411 324 1553 253 290 23 161 354 795 20 54 371 54 22 25
internal_value=5.26804e-15 -3.16311e-06 5.35852e-06 -8.07736e-07 3.22503e-07 4.14909e-06 4.69317e-06 -6.72677e-06 -5.76963e-06 5.77682e-06 -4.52259e-06 -1.27046e-07 -5.03772e-06 1.91667e-06 -4.37696e-06 9.91846e-06 1.0566e-05 9.11845e-06 -1.27456e-05 -1.25545e-05 -3.6685e-06 1.64277e-05 -1.18499e-05 -1.15783e-05 -5.70846e-06 -1.65644e-06 -4.525e-06 -6.75931e-06 -1.88956e-05 -2.58987e-05
internal_weight=33234 20898 12336 12582 9929 9750 9240 8316 7175 7544 6061 1696 2653 7414 2515 2586 2449 1964 1141 1114 2209 485 444 1048 510 137 468 83 42 93
internal_count=33234 20898 12336 12582 9929 9750 9240 8316 7175 7544 6061 1696 2653 7414 2515 2586 2449 1964 1141 1114 2209 485 444 1048 510 137 468 83 42 93
is_linear=0
shrinkage=0.05


Tree=43
num_leaves=29
num_cat=0
split_feature=2 2 9 1 1 9 2 2 1 2 2 1 2 1 9 9 1 9 1 5 2 2 9 5 7 8 8 6
split_gain=5.28947e-05 6.54277e-05 3.72855e-05 0.000269825 6.50091e-05 0.000275379 2.16106e-05 1.95547e-05 1.83448e-05 9.45113e-06 7.61211e-06 5.83269e-06 4.64499e-06 4.32708e-06 9.29022e-06 3.13377e-06 2.01019e-05 3.45982e-06 3.0865e-06 2.84364e-06 2.81681e-06 2.44414e-06 2.33021e-06 1.70133e-06 1.74213e-06 1.43625e-06 2.42015e-06 2.51394e-07
threshold=1.5950900934523753 -0.95886925333318784 0.86575506480726616 0.65171483316376821 -0.64158161606978392 -0.71713176638380449 -2.4195820939365831 0.74257121256184033 0.88034716773880806 2.2824319959938197 -1.751772875202654 -1.2398509936349453 0.89103901025773846 -1.4336552547503036 -0.36756862683348512 1.076390714413932 0.75433832399361489 -0.87800371259436638 -1.8134675985800912 1.3974796954857063 2.6410152510235889 -2.6886634606268021 1.8879550334242443 -1.0781479017572619 -0.10275713579038367 -1.0036346767718924 0.096143124320683754 0.068041519955643295
decision_type=2 2 2 2 2 2 2 2 2 2 2 2 2 2 2 2 2 2 2 2 2 2 2 2 2 2 2 2
left_child=1 6 4 12 5 -3 19 -6 -5 13 22 -12 -4 14 -2 17 -17 -15 -16 21 23 -1 -8 27 -25 -22 -27 -11
right_child=9 2 3 8 7 -7 10 -9 -10 20 11 -13 -14 15 18 16 -18 -19 -20 -21 25 -23 -24 24 -26 26 -28 -29
leaf_value=-2.1899359958745287e-05 2.3394328879500815e-05 2.2888746327933772e-05 -6.9339800462795917e-07 1.4398778704263452e-05 -8.9445692050065127e-08 -1.9013199189521247e-06 -8.031894712155453e-06 -4.3679538577335663e-06 2.8414334859337893e-05 -1.7703577732390841e-05 2.4366631723110505e-06 -3.4607844047168979e-06 -5.4633365394838874e-06 -2.8014624148439671e-06 -2.0666152236766984e-05 -1.0766602843445714e-05 2.7164555634025172e-05 -9.4815998898491733e-06 4.3602302949611014e-06 -3.4819648400722755e-05 -1.0151197542048371e-05 -1.1806410735203588e-05 3.8520354749824374e-06 -5.6716968856562751e-06 -1.4594063826680831e-05 -3.2493025891098017e-05 -1.7207755820995549e-05 -2.563127648954833e-05
leaf_weight=118 37 1581 3049 306 12062 3844 1013 3430 985 20 472 3752 613 246 28 136 47 914 22 24 24 122 43 102 118 45 61 20
leaf_count=118 37 1581 3049 306 12062 3844 1013 3430 985 20 472 3752 613 246 28 136 47 914 22 24 24 122 43 102 118 45 61 20
internal_value=3.47896e-15 4.8013e-07 1.53647e-06 5.4373e-06 6.12777e-07 5.32321e-06 -4.44906e-06 -1.03673e-06 2.50923e-05 -8.28725e-06 -3.75103e-06 -2.80179e-06 -1.49186e-06 -6.4056e-06 4.40072e-06 -7.10563e-06 -1.02472e-06 -8.06495e-06 -9.65454e-06 -1.84098e-05 -1.51867e-05 -1.67688e-05 -7.54798e-06 -1.2182e-05 -1.04573e-05 -2.11961e-05 -2.36968e-05 -2.16674e-05
internal_weight=33234 31414 25870 4953 20917 5425 5544 15492 1291 1820 5280 4224 3662 1430 87 1343 183 1160 50 264 390 240 1056 260 220 130 106 40
internal_count=33234 31414 25870 4953 20917 5425 5544 15492 1291 1820 5280 4224 3662 1430 87 1343 183 1160 50 264 390 240 1056 260 220 130 106 40
is_linear=0
shrinkage=0.05


Tree=44
num_leaves=31
num_cat=0
split_feature=0 0 0 2 0 2 2 2 2 1 2 9 9 0 2 2 0 2 9 1 9 2 9 2 2 2 9 6 9 2
split_gain=0.00020547 6.18231e-05 2.7392e-05 1.91066e-05 1.73529e-05 1.65865e-05 1.58998e-05 1.8221e-05 1.34194e-05 1.26064e-05 1.21501e-05 9.58327e-06 7.35421e-06 6.83071e-06 6.33762e-06 8.98006e-06 6.05064e-06 5.81002e-06 5.43069e-06 5.17523e-06 5.63374e-06 4.90326e-06 4.55326e-06 3.53742e-06 3.09033e-06 2.7346e-06 2.28744e-06 2.14e-06 2.38111e-06 2.13913e-06
threshold=-0.33321383829159396 0.56695561427428853 -1.4036828453978847 -1.5240858570662013 1.6054878974634625 0.90481772715046471 1.3286686599804163 -0.69395917513930916 1.8785139791464254 -1.2827851534111534 -1.9983378001733816 -1.1990391419416853 1.7404847359607911 -2.4242525654851135 0.70550671603854764 -0.91222179847085683 2.6603794549060091 -2.4195820939365831 0.82314196768087178 1.6161076697008856 -1.8994483365933104 2.0729568801291083 -0.95351314764218809 2.6410152510235889 2.0729568801291083 -0.60760049248469905 0.15210432069206278 -0.048874641812168391 -0.39736481358662473 -0.89765376048592505
decision_type=2 2 2 2 2 2 2 2 2 2 2 2 2 2 2 2 2 2 2 2 2 2 2 2 2 2 2 2 2 2
left_child=2 3 13 17 8 9 7 12 10 -5 -3 -9 -4 27 15 -15 18 -2 -6 20 -8 -7 -19 -10 -16 -18 -21 29 -29 -1
right_child=1 4 6 5 16 21 19 11 23 -11 -12 -13 -14 14 24 -17 25 22 -20 26 -22 -23 -24 -25 -26 -27 -28 28 -30 -31
leaf_value=-2.8098458187741926e-05 -1.9740604594311489e-05 -6.9258572894625279e-06 -7.6329905394876751e-06 7.9093522065760634e-06 8.1912903589645823e-06 -2.1176315744845171e-06 1.002701055843621e-05 3.4007985038538417e-06 -4.5181251486961435e-06 1.4149702725610981e-06 5.6591273003982047e-06 -2.5974264960259309e-06 6.9458642585434271e-06 -1.3482479833334554e-05 -1.2310143578125037e-05 -5.3166769371281797e-06 8.6736761458643529e-06 3.4999431715153727e-06 1.5331873812480963e-05 -4.2032676397550105e-06 -1.2045982685692787e-05 -1.0238617821714885e-05 -7.7008799887474397e-06 -2.2688615046072595e-05 -2.5959956712742702e-05 2.5197504837706222e-05 1.8917410596941411e-05 -1.3228372074536311e-05 -2.7382315944963083e-05 -1.0414817318399987e-05
leaf_weight=20 84 197 2226 826 1345 1902 30 754 197 7836 7245 5699 90 448 528 1355 34 110 332 23 794 206 518 31 45 95 20 48 78 118
leaf_count=20 84 197 2226 826 1345 1902 30 754 197 7836 7245 5699 90 448 528 1355 34 110 332 23 794 206 518 31 45 95 20 48 78 118
internal_value=3.00497e-15 3.00889e-06 -5.13688e-06 5.41863e-07 5.99817e-06 1.06629e-06 -3.90063e-06 -3.262e-06 4.95992e-06 2.03427e-06 5.32599e-06 -1.89656e-06 -7.06645e-06 -9.64921e-06 -8.80143e-06 -7.34567e-06 1.04076e-05 -7.39083e-06 9.60493e-06 -1.03599e-05 -1.12424e-05 -2.91124e-06 -5.73895e-06 -6.98867e-06 -1.33821e-05 2.08424e-05 6.55054e-06 -1.72792e-05 -2.19903e-05 -1.29777e-05
internal_weight=33234 20958 12276 11482 9476 10770 9636 8769 7670 8662 7442 6453 2316 2640 2376 1803 1806 712 1677 867 824 2108 628 228 573 129 43 264 126 138
internal_count=33234 20958 12276 11482 9476 10770 9636 8769 7670 8662 7442 6453 2316 2640 2376 1803 1806 712 1677 867 824 2108 628 228 573 129 43 264 126 138
is_linear=0
shrinkage=0.05


Tree=45
num_leaves=30
num_cat=0
split_feature=0 0 0 2 2 2 2 0 9 1 1 2 2 2 2 9 9 2 1 9 9 9 9 3 2 10 2 9 5
split_gain=0.000185665 5.2367e-05 2.62815e-05 1.9549e-05 1.60935e-05 1.41503e-05 1.37127e-05 1.24221e-05 1.2335e-05 5.73474e-05 1.58028e-05 1.12955e-05 1.08811e-05 9.67971e-06 1.4012e-05 8.16095e-06 6.67824e-06 6.04713e-06 5.28022e-06 9.41219e-06 4.92907e-06 3.75613e-06 3.55774e-06 3.33875e-06 3.31263e-06 3.18834e-06 2.89217e-06 2.51969e-06 2.25252e-06
threshold=0.21861409781550675 -0.83554081716490358 1.0636180363730892 -1.8031358028965385 1.1268935988435007 1.4984913862967428 -0.69395917513930916 -1.8526804930037224 1.1259270911098571 0.62647607747695966 -0.58213468457944606 -1.7123074059388996 1.0824267418355495 -0.97590945980709498 0.81159094054362479 -1.1442374852748627 1.6915229544802985 2.0729568801291083 1.3743896391800379 0.57131886599964077 -0.53070373067796717 1.1655492856491849 0.15210432069206278 -0.14391429620672488 -2.4195820939365831 0.56817996048450536 2.6410152510235889 -1.7994223077574707 0.72928134326607974
decision_type=2 2 2 2 2 2 2 2 2 2 2 2 2 2 2 2 2 2 2 2 2 2 2 2 2 2 2 2 2
left_child=1 7 5 24 6 8 -5 18 10 -10 -2 22 -13 16 15 -15 23 -6 20 -20 -1 -16 -9 -4 25 -3 27 -7 -26
right_child=2 3 13 4 17 26 -8 11 9 -11 -12 12 -14 14 21 -17 -18 -19 19 -21 -22 -23 -24 -25 28 -27 -28 -29 -30
leaf_value=-7.3546740978306806e-06 6.4368477202124073e-06 -1.4922989112476412e-05 -2.3684274503662413e-06 -3.2903390419862069e-06 -4.1571367532529513e-06 1.2644966425961519e-05 8.6167354427671624e-07 -1.1285127080366939e-05 1.2856443214166449e-06 2.7161610394352341e-05 1.194579770392124e-06 -4.416084648102481e-06 -1.0901408104810648e-05 1.6983765810054713e-05 2.211028195616939e-06 9.1702410915085264e-06 2.4136790362577442e-05 -1.2575917948902316e-05 -1.2497655020687098e-05 2.1165858787285153e-05 -1.5107683319969838e-05 1.2012130555686699e-05 -2.3938675474372637e-05 4.3038235937243636e-06 -1.1268368402183992e-05 -3.7030776422311436e-05 -1.9633117097973516e-05 -4.6352948685658942e-06 -1.1965378979621693e-06
leaf_weight=295 1985 73 324 2638 1453 22 8078 130 781 295 5213 4699 750 383 878 2622 34 250 56 33 672 110 97 445 284 21 31 513 69
leaf_count=295 1985 73 324 2638 1453 22 8078 130 781 295 5213 4699 750 383 878 2622 34 250 56 33 672 110 97 445 284 21 31 513 69
internal_value=-1.83965e-15 -3.11732e-06 4.48028e-06 -1.24774e-06 -8.77978e-07 2.86345e-06 -1.60444e-07 -6.6904e-06 3.38666e-06 8.37989e-06 2.64025e-06 -5.76398e-06 -5.30872e-06 7.46044e-06 8.46776e-06 1.01661e-05 2.45141e-06 -5.39301e-06 -1.16699e-05 -1.5678e-08 -1.27425e-05 3.30224e-06 -1.66921e-05 1.49263e-06 -1.15208e-05 -1.9862e-05 -4.78506e-06 -3.9247e-06 -9.29965e-06
internal_weight=33234 19598 13636 12866 12419 8840 10716 6732 8274 1076 7198 5676 5449 4796 3993 3005 803 1703 1056 89 967 988 227 769 447 94 566 535 353
internal_count=33234 19598 13636 12866 12419 8840 10716 6732 8274 1076 7198 5676 5449 4796 3993 3005 803 1703 1056 89 967 988 227 769 447 94 566 535 353
is_linear=0
shrinkage=0.05


Tree=46
num_leaves=31
num_cat=0
split_feature=9 1 1 9 9 1 1 9 9 1 1 1 9 1 9 1 9 1 1 9 9 9 1 7 8 8 7 9 5 4
split_gain=3.89133e-05 0.000302403 7.42057e-05 0.00031311 1.99298e-05 4.84856e-05 1.8497e-05 3.85751e-05 1.47742e-05 0.000147133 1.44393e-05 1.25868e-05 1.24223e-05 5.96183e-05 1.15983e-05 6.30877e-06 3.90372e-05 8.33347e-06 5.76374e-06 5.3985e-06 3.8444e-06 3.38414e-06 3.87641e-06 2.34222e-06 2.02556e-06 1.9363e-06 1.78928e-06 2.47506e-06 2.14571e-06 1.73703e-06
threshold=-0.98728207770997256 -0.62950221850993782 0.88034716773880806 0.70289330561619068 0.43401048845271856 1.8748029064351914 -0.90969470977469824 -1.4461994279996053 -0.50810294725573446 -1.3293258329357414 -1.0859870404315248 -1.7168826144517471 0.9390444261975498 1.2812290912413775 1.7404847359607911 -0.42855335377756093 -1.7123411050789603 -0.46984431920542086 -1.1630424966450221 -1.2381620679040581 -0.43052990001950614 -2.1175063481372369 0.11885987170887623 1.2163285066570835 -1.7346183288293491 -1.1851077412635493 -0.98198399354252064 -1.21859066551597 -0.26868071159954438 -0.55466739413875221
decision_type=2 2 2 2 2 2 2 2 2 2 2 2 2 2 2 2 2 2 2 2 2 2 2 2 2 2 2 2 2 2
left_child=1 6 8 4 24 -6 26 -8 9 11 20 -2 13 -5 -12 16 17 -3 -11 -9 -10 22 -17 -23 -4 -14 28 -28 -1 -18
right_child=2 15 3 12 5 -7 7 19 10 18 14 -13 25 -15 -16 21 29 -19 -20 -21 -22 23 -24 -25 -26 -27 27 -29 -30 -31
leaf_value=3.017159208097994e-05 3.7948991422094401e-05 4.0558524550991694e-05 1.2382921761569894e-06 -4.4751971160970624e-06 -1.4859806104250043e-06 3.6227791422159223e-05 3.0412241282910802e-05 9.9309408122518003e-06 3.2349292729495807e-06 6.5675099654323543e-06 -2.2976346002305153e-06 2.0604326288568065e-05 3.1996896706732518e-05 3.2992209724050421e-05 3.7180576126925384e-06 -5.458437096552059e-07 -1.2554756123487702e-05 6.7310702288523326e-06 -3.0341411509386365e-06 -5.8967482352902439e-06 -5.9992400450419506e-06 -3.7562993282168159e-06 -1.2109149641619453e-05 4.6696513085426224e-07 -5.0419088689633513e-06 2.5398928241516237e-05 2.6751807692284056e-05 3.270401111939868e-05 1.7891742806628115e-05 -3.722687782951821e-06
leaf_weight=58 197 67 134 193 472 104 214 92 117 164 14530 223 125 236 848 105 75 25 3328 130 3076 2913 234 370 3068 1007 569 252 92 216
leaf_count=58 197 67 134 193 472 104 214 92 117 164 14530 223 125 236 848 105 75 25 3328 130 3076 2913 234 370 3068 1007 569 252 92 216
internal_value=1.62637e-15 3.87921e-06 -7.54593e-07 4.54438e-06 -3.23884e-06 5.32345e-06 2.38198e-05 1.52644e-05 -2.01293e-06 7.79695e-07 -2.6012e-06 2.87398e-05 2.33817e-05 1.61362e-05 -1.96591e-06 -3.12614e-06 2.97648e-06 3.13663e-05 -2.5832e-06 6.62474e-07 -5.66088e-06 -3.77145e-06 -8.52759e-06 -3.28033e-06 -4.77909e-06 2.61275e-05 2.76614e-05 2.85788e-05 2.264e-05 -5.99899e-06
internal_weight=33234 5412 27822 5339 3778 576 1407 436 22483 3912 18571 420 1561 429 15378 4005 383 92 3492 222 3193 3622 339 3283 3202 1132 971 821 150 291
internal_count=33234 5412 27822 5339 3778 576 1407 436 22483 3912 18571 420 1561 429 15378 4005 383 92 3492 222 3193 3622 339 3283 3202 1132 971 821 150 291
is_linear=0
shrinkage=0.05


Tree=47
num_leaves=30
num_cat=0
split_feature=2 2 9 1 1 9 2 2 9 1 9 1 9 2 2 1 9 9 1 1 2 7 5 2 6 2 10 6 8
split_gain=4.23746e-05 5.68315e-05 2.47861e-05 0.000194008 4.42898e-05 0.000193838 1.76378e-05 1.41473e-05 1.37666e-05 1.21593e-05 1.03188e-05 4.85538e-05 1.35355e-05 5.45572e-06 4.42638e-06 3.60499e-06 3.50816e-05 7.10391e-06 2.90901e-05 2.69208e-06 2.56938e-06 2.46498e-06 2.30826e-06 2.18874e-06 1.79534e-06 1.7346e-06 1.40814e-06 1.51067e-06 1.22951e-06
threshold=-1.2806395457818702 0.81159094054362479 -0.98728207770997256 -0.64158161606978392 0.71527325279323695 0.70289330561619068 1.8785139791464254 -2.4195820939365831 -0.59721305235428923 -0.92249875171851103 -0.82067461991557156 -0.89443768001283008 0.54716566044167403 2.6410152510235889 -0.57203917282325201 0.924558226945974 0.78317895512096569 -0.87800371259436638 -0.54827922948541075 1.6161076697008856 -2.6886634606268021 0.9885936729635485 0.71814783957524564 -1.751772875202654 -0.56000871058862534 -2.168360036504775 -0.50643410386203946 -0.70473070547698857 -1.0036346767718924
decision_type=2 2 2 2 2 2 2 2 2 2 2 2 2 2 2 2 2 2 2 2 2 2 2 2 2 2 2 2 2
left_child=7 2 3 9 8 -6 10 20 -4 -2 11 -3 -12 19 -5 17 25 18 -9 -8 26 24 -19 -18 -22 -17 -1 -28 -15
right_child=1 6 4 14 5 -7 13 15 -10 -11 12 -13 -14 28 -16 16 23 22 -20 -21 21 -23 -24 -25 -26 -27 27 -29 -30
leaf_value=-1.2282639303862197e-05 2.8391677843128002e-05 2.3156311728657075e-05 3.6095943366404153e-06 -4.6672210164720082e-06 -1.2303800758793493e-06 2.123713870822603e-05 -8.6356284284969993e-06 1.7979867119522217e-05 -8.9640024473168119e-07 1.6285152500234938e-05 -5.3938590182703724e-06 -2.94554475241226e-06 2.3425783559365261e-07 -8.7537218253904335e-06 -6.5714583843541675e-08 -1.8129212485045837e-05 1.4380295171652811e-05 -7.4024645962594688e-06 -8.5212580854887731e-06 4.0423252357868483e-06 -2.4228500649659316e-05 4.6225362893892456e-06 -3.465456958563623e-06 2.8053436038438426e-05 -1.034233511279437e-05 -6.7648248947811599e-06 -1.2761598422498949e-05 -2.7596914355271088e-05 -2.1286535103249578e-05
leaf_weight=32 677 218 1957 696 3299 1354 866 156 12664 299 2997 975 1660 24 2098 37 48 1560 308 44 33 20 489 75 79 363 22 78 106
leaf_count=32 677 218 1957 696 3299 1354 866 156 12664 299 2997 975 1660 24 2098 37 48 1560 308 44 33 20 489 75 79 363 22 78 106
internal_value=4.44553e-15 5.92797e-07 1.78407e-06 5.49182e-06 1.05884e-06 5.30756e-06 -3.3915e-06 -5.37721e-06 -2.93279e-07 2.46828e-05 -2.32485e-06 1.82412e-06 -3.3877e-06 -9.3914e-06 -1.21197e-06 -4.41182e-06 -6.35087e-07 -5.19783e-06 3.88603e-07 -8.02263e-06 -1.64791e-05 -1.15465e-05 -6.46289e-06 2.27176e-05 -1.44338e-05 -7.81603e-06 -2.14118e-05 -2.43331e-05 -1.89728e-05
internal_weight=33234 29934 23044 3770 19274 4653 6890 3300 14621 976 5850 1193 4657 1040 2794 3036 523 2513 464 910 264 132 2049 123 112 400 132 100 130
internal_count=33234 29934 23044 3770 19274 4653 6890 3300 14621 976 5850 1193 4657 1040 2794 3036 523 2513 464 910 264 132 2049 123 112 400 132 100 130
is_linear=0
shrinkage=0.05


Tree=48
num_leaves=31
num_cat=0
split_feature=0 0 0 0 2 2 2 2 2 2 9 0 9 9 2 2 2 2 2 2 9 9 9 5 2 9 9 2 3 5
split_gain=0.000169944 4.64685e-05 2.54922e-05 1.46528e-05 1.46314e-05 1.77941e-05 1.31419e-05 1.28898e-05 1.09677e-05 1.33488e-05 8.36488e-06 7.10404e-06 6.64402e-06 6.48673e-06 6.37536e-06 9.11233e-06 6.08045e-06 5.55182e-06 6.41856e-06 4.87339e-06 4.40431e-06 3.21641e-06 3.14467e-06 2.89627e-06 2.88938e-06 2.65372e-06 1.92875e-06 1.84351e-06 1.55479e-06 1.20758e-06
threshold=-0.26197830201522682 0.56695561427428853 -1.2371041206587363 1.6422172030323459 -0.63073384021149381 0.56503111599425559 1.5950900934523753 -0.70592004106541395 0.99800040215169228 -0.94284852881530623 -1.1990391419416853 -2.1405292219366321 1.5396655012766909 -0.66836475758614466 -0.91222179847085683 0.57661239849942747 -2.168360036504775 -0.69395917513930916 0.37269569552181669 2.6410152510235889 1.076390714413932 -1.415534399252149 -1.0008437426567074 1.0652081988072428 1.2020968681778867 -0.2538001932781298 0.085219547856425507 2.4489747911018247 -1.5489258040489471 0.4330533164924949
decision_type=2 2 2 2 2 2 2 2 2 2 2 2 2 2 2 2 2 2 2 2 2 2 2 2 2 2 2 2 2 2
left_child=2 4 11 8 16 13 7 12 9 -3 -9 22 -4 -6 25 -16 26 23 -19 -10 -7 -18 -1 -5 -24 -13 -2 28 -8 -29
right_child=1 3 6 17 5 20 27 10 19 -11 -12 14 -14 -15 15 -17 21 18 -20 -21 -22 -23 24 -25 -26 -27 -28 29 -30 -31
leaf_value=-4.7423891544440273e-06 -1.7555330152068174e-05 9.0107518608359466e-07 -6.57597598946071e-06 6.4117045959782051e-06 6.7182174413342557e-06 -2.0348995179038676e-06 -2.0145106007828049e-05 3.3309135405339375e-06 6.4545662021711295e-07 6.4686109079564798e-06 -2.1617120002141569e-06 -7.4483993670943286e-06 4.7070152154545143e-06 2.5291486752834644e-06 -3.8117432515060274e-06 -1.0193169839051503e-05 3.9310075582387784e-06 1.470514294565789e-05 7.5523108259525236e-06 -1.913469520218314e-05 3.387915047920075e-06 -2.4700429604924637e-06 -1.3629271898179928e-05 -5.377341874203117e-06 -2.6286503884430029e-05 -1.4597787699797446e-05 -6.5412422983968104e-06 -1.3340179382004088e-05 -8.5472204300501247e-06 -2.6040751281134026e-05
leaf_weight=88 79 1354 2127 357 1254 2615 31 783 1158 5255 6042 207 139 3513 1629 852 214 667 592 32 437 2366 389 61 51 348 80 61 426 27
leaf_count=88 79 1354 2127 357 1254 2615 31 783 1158 5255 6042 207 139 3513 1629 852 214 667 592 32 437 2366 389 61 51 348 80 61 426 27
internal_value=1.0082e-17 2.90225e-06 -4.40483e-06 5.44407e-06 6.20927e-07 1.72257e-06 -3.06852e-06 -2.61641e-06 4.53234e-06 5.32798e-06 -1.53157e-06 -8.01781e-06 -5.88386e-06 3.63112e-06 -7.08688e-06 -6.00319e-06 -2.52393e-06 9.68411e-06 1.13418e-05 1.13553e-07 -1.25843e-06 -1.9391e-06 -1.33707e-05 4.69129e-06 -1.50964e-05 -1.19313e-05 -1.20137e-05 -1.061e-05 -9.33395e-06 -1.72369e-05
internal_weight=33234 20034 13200 9476 10558 7819 9636 9091 7799 6609 6825 3564 2266 4767 3036 2481 2739 1677 1259 1190 3052 2580 528 418 440 555 159 545 457 88
internal_count=33234 20034 13200 9476 10558 7819 9636 9091 7799 6609 6825 3564 2266 4767 3036 2481 2739 1677 1259 1190 3052 2580 528 418 440 555 159 545 457 88
is_linear=0
shrinkage=0.05


Tree=49
num_leaves=31
num_cat=0
split_feature=0 0 0 2 0 1 9 9 2 2 2 2 9 0 2 9 1 0 9 9 9 1 9 2 9 1 2 6 3 3
split_gain=0.000153863 4.56637e-05 2.04888e-05 1.4545e-05 1.418e-05 1.2627e-05 5.18337e-05 1.76765e-05 1.15216e-05 1.49307e-05 9.98453e-06 1.19989e-05 6.96147e-06 6.19844e-06 5.78624e-06 5.77186e-06 1.51858e-05 5.67051e-06 5.65601e-06 5.61657e-06 5.61269e-06 1.94889e-05 4.88085e-06 4.44517e-06 2.82065e-06 4.54929e-06 2.97191e-06 2.13855e-06 1.8585e-06 2.25941e-06
threshold=-0.33321383829159396 0.50905676736307359 -1.4036828453978847 -1.4954214039679192 1.4265167135626116 1.4216406639074999 0.48028912017528097 -0.59721305235428923 1.0477824858292661 -0.69395917513930916 1.1644380267002343 -0.8423170168105375 -1.1990391419416853 2.424259361208724 1.3544134634536154 -0.93712140738179406 -0.51611454922897948 -2.703869839355066 0.46786067135033277 1.6082357316682778 1.5095568735938416 0.41124549092044344 -0.62068838400589843 2.2824319959938197 -1.8994483365933104 -0.034342984985267395 1.8214200012009567 0.59214788201014934 -0.028597338867040981 -0.75282818021715892
decision_type=2 2 2 2 2 2 2 2 2 2 2 2 2 2 2 2 2 2 2 2 2 2 2 2 2 2 2 2 2 2
left_child=2 3 17 15 10 7 -7 -5 9 19 11 -3 -11 14 -6 16 -2 28 -17 -4 22 -22 -19 -12 25 -10 -26 -15 29 -1
right_child=1 4 8 5 13 6 -8 -9 24 12 23 -13 -14 27 -16 18 -18 20 -20 -21 21 -23 -24 -25 26 -27 -28 -29 -30 -31
leaf_value=-1.3946726696379604e-05 3.1067016617661077e-05 7.2845550574162578e-07 -6.6605904360146874e-06 3.7839554510815726e-06 8.1722432321988753e-06 -2.5251660472312291e-06 2.4875255354722954e-05 -1.0372775566254727e-06 2.1000550507530782e-05 3.3765462314948416e-06 1.2622076231612785e-07 5.7564013437403948e-06 -1.9650501997000942e-06 1.8289114067029962e-05 -6.2421062271662935e-07 -1.3010859663437421e-05 -7.4058674321975104e-06 -4.9316067515766981e-06 -2.9655348014882291e-06 4.3194261492524349e-06 -1.2217089905253683e-05 2.2494896980578441e-05 -9.9392344740347088e-06 -1.1652493118530851e-05 -6.6549914006667318e-06 -1.0174663300858811e-05 -1.2076727367149729e-05 7.9565488650747715e-06 -1.2333090826999183e-05 -3.2302354506292001e-05
leaf_weight=30 35 1546 2193 2652 2123 495 265 6715 22 690 801 5104 5258 190 205 331 96 691 243 123 107 65 1645 89 985 25 340 68 64 38
leaf_count=30 35 1546 2193 2652 2123 495 265 6715 22 690 801 5104 5258 190 205 331 96 691 243 123 107 65 1645 89 985 25 340 68 64 38
internal_value=3.88365e-16 2.60375e-06 -4.44522e-06 3.47201e-07 5.01764e-06 8.30623e-07 7.02893e-06 3.27718e-07 -3.37603e-06 -2.67156e-06 3.92187e-06 4.5875e-06 -1.3454e-06 8.21256e-06 7.39764e-06 -6.59693e-06 2.87315e-06 -8.34775e-06 -8.75822e-06 -6.07745e-06 -7.81612e-06 9.00812e-07 -8.45795e-06 -1.05165e-06 -7.61925e-06 4.41799e-06 -8.04623e-06 1.55658e-05 -1.84486e-05 -2.42043e-05
internal_weight=33234 20958 12276 10832 10126 10127 760 9367 9636 8264 7540 6650 5948 2586 2328 705 131 2640 574 2316 2508 172 2336 890 1372 47 1325 258 132 68
internal_count=33234 20958 12276 10832 10126 10127 760 9367 9636 8264 7540 6650 5948 2586 2328 705 131 2640 574 2316 2508 172 2336 890 1372 47 1325 258 132 68
is_linear=0
shrinkage=0.05


Tree=50
num_leaves=31
num_cat=0
split_feature=0 0 0 1 9 9 1 1 9 9 1 1 9 1 9 1 9 9 1 1 9 0 0 4 9 3 0 7 8 9
split_gain=0.000138982 3.07374e-05 2.90488e-05 1.17315e-05 6.66026e-05 1.85339e-05 9.60559e-05 9.75711e-06 6.06169e-05 1.45265e-05 9.80732e-05 1.49089e-05 8.52217e-06 4.5352e-05 1.19728e-05 5.2748e-05 8.3432e-06 8.03202e-06 4.79977e-05 1.46628e-05 4.84648e-05 5.72665e-06 5.53937e-06 3.846e-06 2.98408e-06 2.84783e-06 2.65591e-06 2.47177e-06 2.12848e-06 2.0907e-06
threshold=-0.051178812132617803 0.99478092255470496 -1.0528149683729271 1.1026668890579543 0.57131886599964077 -0.66836475758614466 -0.96873555220810392 -1.4625905176705354 -0.43052990001950614 0.57131886599964077 0.89459710910382439 -0.58213468457944606 -1.0913872154896833 -0.66396806646538331 0.89675137269977434 0.65171483316376821 1.4286896038768411 -1.0358725994855569 -0.62950221850993782 0.50697740150428428 0.88201308289783031 2.6603794549060091 -2.1405292219366321 -0.36814184864999738 0.78317895512096569 0.11729312517567271 -0.56986542382543226 -1.7840620691591427 1.418316351140225 -1.2568457440771506
decision_type=2 2 2 2 2 2 2 2 2 2 2 2 2 2 2 2 2 2 2 2 2 2 2 2 2 2 2 2 2 2
left_child=2 7 17 5 26 6 -4 8 23 11 -11 -9 13 29 21 -16 -7 18 25 22 -21 -14 -19 -2 -6 -1 -5 -20 -15 -3
right_child=1 12 3 4 24 16 -8 9 -10 10 -12 -13 14 28 15 -17 -18 19 27 20 -22 -23 -24 -25 -26 -27 -28 -29 -30 -31
leaf_value=2.4464654545804901e-05 1.7227666672152527e-05 3.6150167996899308e-05 2.2282599465761184e-05 -7.3879956022089403e-06 1.1317266801061773e-05 -4.4595508256347769e-06 -3.5255925208983768e-06 4.1555671777564507e-06 -2.9602501687625168e-06 -3.3226738598075381e-07 2.1399751650089443e-05 -1.0074697957866167e-06 3.8686771115747114e-06 3.0927164433482001e-06 3.677463678160091e-06 3.0748950983176353e-05 1.2034391529338656e-06 -1.5762336085307895e-05 5.960124821285717e-06 -8.244886085241865e-06 1.4793890865995205e-05 1.7076962195092381e-05 -8.7053340368268487e-06 2.9133949679257618e-05 2.0748326716681031e-05 1.2587894628962474e-05 -2.3975424082932487e-06 -1.0124194867540922e-05 1.5226741910131145e-05 2.4068486252835269e-05
leaf_weight=109 104 133 441 473 112 6398 1976 1810 552 2503 655 6146 3559 493 719 240 724 313 25 1021 294 84 2492 195 334 94 611 536 39 49
leaf_count=109 104 133 441 473 112 6398 1976 1810 552 2503 655 6146 3559 493 719 240 724 313 25 1021 294 84 2492 195 334 94 611 536 39 49
internal_value=4.59119e-16 3.10667e-06 -3.36528e-06 -1.94804e-06 2.11638e-06 -2.59994e-06 1.18331e-06 1.70109e-06 6.86103e-06 1.306e-06 4.17517e-06 1.67128e-07 6.27028e-06 1.13528e-05 5.48173e-06 1.04524e-05 -3.88387e-06 -6.57731e-06 -1.86866e-06 -7.45047e-06 -3.09401e-06 4.17323e-06 -9.4928e-06 2.49926e-05 1.838e-05 1.89651e-05 -4.57511e-06 -9.40742e-06 3.98224e-06 3.28974e-05
internal_weight=33234 17281 15953 11069 1530 9539 2417 11965 851 11114 3158 7956 5316 714 4602 959 7122 4884 764 4120 1315 3643 2805 299 446 203 1084 561 532 182
internal_count=33234 17281 15953 11069 1530 9539 2417 11965 851 11114 3158 7956 5316 714 4602 959 7122 4884 764 4120 1315 3643 2805 299 446 203 1084 561 532 182
is_linear=0
shrinkage=0.05


Tree=51
num_leaves=25
num_cat=0
split_feature=2 2 2 1 9 9 2 9 1 9 2 9 1 1 2 1 1 6 7 3 10 6 9 3
split_gain=3.42124e-05 4.02852e-05 3.19929e-05 1.66116e-05 0.000102866 2.48986e-05 1.38792e-05 8.55963e-06 4.13444e-05 1.09427e-05 8.41727e-06 6.86813e-06 5.40606e-05 1.59723e-05 4.65934e-06 2.32618e-06 2.19731e-06 1.98753e-06 4.86796e-06 2.46839e-06 1.3266e-06 1.29653e-06 1.28249e-06 1.20297e-06
threshold=-1.751772875202654 0.81159094054362479 -0.63073384021149381 1.3743896391800379 0.54716566044167403 -0.90523387660112575 1.8785139791464254 -0.82067461991557156 -0.72760309766141151 0.54716566044167403 -2.6886634606268021 0.74146939763823505 0.45185233932202384 -0.74202699079136802 2.6410152510235889 1.6161076697008856 -2.1436651223994612 -1.3084727024384983 -0.48506205653256179 0.99242151535148226 -0.50643410386203946 -0.70473070547698857 0.63035983337098767 1.0000000180025095e-35
decision_type=2 2 2 2 2 2 2 2 2 2 2 2 2 2 2 2 2 2 2 2 2 2 2 2
left_child=10 2 11 5 -5 -4 7 8 -3 -9 20 13 -13 -2 15 -8 -12 18 -18 -19 -1 -22 -23 -16
right_child=1 6 3 4 -6 -7 14 9 -10 -11 16 12 -14 -15 23 -17 17 19 -20 -21 21 22 -24 -25
leaf_value=-1.1005374962635984e-05 2.5061963320784709e-06 1.8318317919177481e-05 6.0640233377516157e-06 -1.065507620248214e-06 2.7316510889194943e-05 1.0057491174564596e-06 -7.6864747159551007e-06 -4.8848520006636012e-06 -3.5370155855850451e-06 1.7557741709578001e-07 9.0974964574673901e-06 -5.0129091643631371e-06 1.3994015663882921e-05 -3.7841524445051692e-06 -2.1972442693202706e-05 4.0984577429464315e-06 2.0501408204757245e-06 -7.278059657750668e-06 -2.1469579524185094e-05 -7.3797834631456451e-07 -1.19817154096712e-05 -2.0927576809640414e-05 -3.4292927323674253e-05 -1.2351735060178726e-05
leaf_weight=32 1311 284 2986 1070 455 13132 866 2997 909 1660 22 1127 560 4383 66 44 33 895 66 172 22 50 28 64
leaf_count=32 1311 284 2986 1070 455 13132 866 2997 909 1660 22 1127 560 4383 66 44 33 895 66 172 22 50 28 64
internal_value=-4.82497e-15 3.26262e-07 1.25841e-06 2.41476e-06 7.40257e-06 1.94284e-06 -3.05922e-06 -2.11302e-06 1.66576e-06 -3.08105e-06 -7.88814e-06 -1.50565e-06 1.29644e-06 -2.33585e-06 -8.38158e-06 -7.11665e-06 -6.55723e-06 -6.8526e-06 -1.36297e-05 -6.2238e-06 -1.98663e-05 -2.27018e-05 -2.57254e-05 -1.72361e-05
internal_weight=33234 31914 25024 17643 1525 16118 6890 5850 1193 4657 1320 7381 1687 5694 1040 910 1188 1166 99 1067 132 100 78 130
internal_count=33234 31914 25024 17643 1525 16118 6890 5850 1193 4657 1320 7381 1687 5694 1040 910 1188 1166 99 1067 132 100 78 130
is_linear=0
shrinkage=0.05


Tree=52
num_leaves=31
num_cat=0
split_feature=0 0 0 2 2 2 2 2 2 1 2 0 2 0 1 0 2 2 2 1 1 7 2 5 5 1 2 0 10 10
split_gain=0.00012725 4.04539e-05 1.55668e-05 1.31785e-05 1.64425e-05 1.11993e-05 1.15544e-05 1.10499e-05 1.04815e-05 8.50799e-06 8.19442e-06 6.85178e-06 6.78415e-06 5.71711e-06 5.38257e-06 5.25846e-06 4.91196e-06 4.90685e-06 5.48728e-06 3.84293e-06 3.53493e-06 3.41847e-06 2.15698e-06 1.70576e-06 2.50385e-06 1.51343e-06 1.43629e-06 1.68939e-06 1.35251e-06 1.16179e-06
threshold=0.32302688836684867 -0.67864102698084461 1.4265167135626116 -0.7716071576179927 0.85121231105193884 -1.4671302284054153 0.55407187335603203 1.5950900934523753 -0.94284852881530623 -0.90969470977469824 0.68319425788882671 -2.4242525654851135 -2.6886634606268021 -1.611566490720169 -2.1436651223994612 2.424259361208724 -2.4195820939365831 1.3544134634536154 -0.59508538740382777 0.65171483316376821 0.98997545618385929 -0.99682163354379127 -2.2816077370803254 -1.4753203216058834 0.22093143209893393 -0.51611454922897948 2.2824319959938197 0.50905676736307359 0.42728754098808713 0.1103946088838723
decision_type=2 2 2 2 2 2 2 2 2 2 2 2 2 2 2 2 2 2 2 2 2 2 2 2 2 2 2 2 2 2
left_child=1 5 7 16 9 21 11 8 12 -5 -10 -7 -2 -8 -6 17 28 18 -4 -19 -18 25 -23 -17 -25 -1 27 -9 -3 -28
right_child=2 3 15 4 14 6 13 26 10 -11 -12 -13 -14 -15 -16 23 20 19 -20 -21 -22 22 -24 24 -26 -27 29 -29 -30 -31
leaf_value=-1.2572776483322838e-05 -1.9198586819584307e-05 -1.1465561801423631e-05 3.5819153009158145e-06 5.0821641678469156e-06 1.4964493798288459e-05 -1.3179551075079107e-05 -1.2191069688851694e-05 -8.3625715545814586e-06 5.2386844089581905e-06 6.5597736998363661e-07 1.3942348274080977e-06 -2.9480128939925888e-06 4.78048783401305e-07 -6.1959431201103031e-06 -3.5246339816487968e-06 5.9062016849306275e-07 -4.0761380954932125e-06 -4.7558720911219771e-06 9.1139807418084191e-06 1.0785620782337867e-05 9.6372987971084492e-07 -1.7784372587701266e-05 -8.6371686025107968e-06 1.9849471976052166e-05 9.4433707183725352e-06 -2.5410271891393347e-05 -1.3702856558367905e-05 -7.6873902426360485e-07 -2.5326229473421338e-05 -3.5827972421273287e-06
leaf_weight=38 45 66 643 1324 40 169 503 97 5714 6032 1830 5149 1651 1899 2475 21 2208 151 1480 54 413 76 424 137 100 58 61 299 24 53
leaf_count=38 45 66 643 1324 40 169 503 97 5714 6032 1830 5149 1651 1899 2475 21 2208 151 1480 54 413 76 424 137 100 58 61 299 24 53
internal_value=2.89958e-15 -2.37707e-06 4.02692e-06 -5.88611e-07 2.59422e-07 -5.083e-06 -4.57317e-06 3.11219e-06 3.50764e-06 1.45264e-06 4.30611e-06 -3.27316e-06 -4.40318e-08 -7.45138e-06 -3.23057e-06 7.47574e-06 -3.67637e-06 6.72515e-06 7.43847e-06 -6.62015e-07 -3.28199e-06 -1.16868e-05 -1.00275e-05 1.42485e-05 1.54587e-05 -2.03288e-05 -4.05252e-06 -2.62884e-06 -1.51617e-05 -8.99792e-06
internal_weight=33234 20898 12336 12582 9871 8316 7720 9750 9240 7356 7544 5318 1696 2402 2515 2586 2711 2328 2123 205 2621 596 500 258 237 96 510 396 90 114
internal_count=33234 20898 12336 12582 9871 8316 7720 9750 9240 7356 7544 5318 1696 2402 2515 2586 2711 2328 2123 205 2621 596 500 258 237 96 510 396 90 114
is_linear=0
shrinkage=0.05


Tree=53
num_leaves=31
num_cat=0
split_feature=0 0 0 9 1 1 9 9 9 1 1 9 9 1 9 1 1 0 1 9 9 0 0 1 1 1 1 7 3 7
split_gain=0.000115265 3.47839e-05 1.5697e-05 1.09461e-05 6.01622e-05 1.57989e-05 8.98339e-05 1.2637e-05 9.90891e-06 5.93639e-05 1.7595e-05 6.50578e-05 9.52212e-06 4.45158e-05 1.05034e-05 4.98565e-05 5.27328e-06 4.89118e-06 5.23722e-06 2.8608e-05 1.00304e-05 4.28282e-06 3.85031e-06 3.55835e-06 2.549e-06 2.38256e-06 2.28191e-06 1.90951e-06 1.97376e-06 1.46698e-06
threshold=-0.33321383829159396 0.6882724096303231 -1.3302078855974206 -1.415534399252149 -0.42855335377756093 0.88034716773880806 0.6426978604343051 -0.58635313182708038 0.89675137269977434 0.78425302019518672 -1.0004777172120101 -0.76732555116894552 1.3980810598853053 0.5904749520432222 -1.1990391419416853 -0.58213468457944606 1.1026668890579543 -2.703869839355066 0.5904749520432222 0.9390444261975498 -0.53070373067796717 2.0588280894175823 1.453390791466189 0.3161058771828682 0.39002206889779828 1.1026668890579543 -0.54827922948541075 -0.79175648090330142 -0.18234855997826546 1.4050750488909032
decision_type=2 2 2 2 2 2 2 2 2 2 2 2 2 2 2 2 2 2 2 2 2 2 2 2 2 2 2 2 2 2
left_child=2 3 17 4 26 7 -7 -5 10 23 11 -3 14 24 15 -4 -16 27 20 -20 -19 -12 -11 -10 -14 -15 -2 -1 -29 -6
right_child=1 8 12 5 29 6 -8 -9 9 22 21 -13 13 25 16 -17 -18 18 19 -21 -22 -23 -24 -25 -26 -27 -28 28 -30 -31
leaf_value=-2.7969742261900266e-05 2.3666021875864577e-05 3.0221852879832887e-05 1.8898934987104837e-05 2.6975050900984681e-06 -4.0295262200608322e-06 -2.4224680768840393e-06 1.9747521770067286e-05 -1.6652031573459768e-06 1.8481634528336239e-06 2.3602507821992877e-05 2.4747760795819626e-06 2.3933495643679675e-06 -6.3111911822866158e-06 2.7435703976857904e-05 -4.4967561175182925e-06 -5.3741596359988674e-06 -6.6113041483718122e-07 -2.7121923244249121e-06 -7.6833268364738863e-06 1.5961700662530025e-05 -1.0220692256970235e-05 7.776274683049621e-06 3.525242702398128e-05 8.9515801018545729e-06 6.0076495315016757e-06 1.6907969972230261e-05 1.0695432894480243e-05 -2.0993989666861093e-05 -7.1251318255188631e-06 4.5005865746619829e-06
leaf_weight=28 315 287 293 2139 603 1579 643 7410 940 223 5211 783 482 98 6399 761 1042 646 672 158 1428 411 104 217 46 119 38 46 58 55
leaf_count=28 315 287 293 2139 603 1579 643 7410 940 223 5211 783 482 98 6399 761 1042 646 672 158 1428 411 104 217 46 119 38 46 58 55
internal_value=1.77164e-15 2.25363e-06 -3.84747e-06 6.24498e-07 5.61716e-06 1.95683e-07 3.99306e-06 -6.87946e-07 4.80053e-06 8.49689e-06 3.98084e-06 9.85763e-06 -2.82261e-06 2.59746e-06 -3.29794e-06 1.37348e-06 -3.95963e-06 -6.9666e-06 -6.53873e-06 -3.18223e-06 -7.88198e-06 2.86235e-06 2.73077e-05 3.18044e-06 -5.23796e-06 2.16624e-05 2.22698e-05 -1.63798e-05 -1.32594e-05 -3.31652e-06
internal_weight=33234 20958 12276 12782 1011 11771 2222 9549 8176 1484 6692 1070 9240 745 8495 1054 7441 3036 2904 830 2074 5622 327 1157 528 217 353 132 104 658
internal_count=33234 20958 12276 12782 1011 11771 2222 9549 8176 1484 6692 1070 9240 745 8495 1054 7441 3036 2904 830 2074 5622 327 1157 528 217 353 132 104 658
is_linear=0
shrinkage=0.05


Tree=54
num_leaves=31
num_cat=0
split_feature=0 0 0 2 2 2 2 2 2 2 1 2 9 9 1 2 0 2 2 2 1 9 1 2 10 7 2 4 4 8
split_gain=0.000105045 3.32254e-05 1.29923e-05 1.18723e-05 1.48649e-05 1.03918e-05 1.35191e-05 9.94768e-06 9.70054e-06 7.60106e-06 7.5199e-06 6.29325e-06 5.38591e-06 5.15812e-06 4.82175e-06 4.68372e-06 4.67606e-06 4.38619e-06 4.16026e-06 4.64781e-06 3.60478e-06 3.42687e-06 3.15715e-06 2.25523e-06 2.182e-06 1.98532e-06 1.80644e-06 1.74807e-06 2.21284e-06 1.33143e-06
threshold=0.32302688836684867 -0.67864102698084461 1.4265167135626116 -0.7716071576179927 0.85121231105193884 -0.95886925333318784 0.55407187335603203 1.558679121802121 -0.8423170168105375 0.68319425788882671 -0.90969470977469824 -2.6886634606268021 2.2288189987371454 -1.1251966014716288 -2.1436651223994612 -1.8031358028965385 2.6603794549060091 -2.0796896755126508 1.3544134634536154 -1.6653548660123814 0.67728815983747703 2.2288189987371454 -1.2398509936349453 -0.60760049248469905 1.1638773302149719 -0.96602363894557119 -0.0965024424681903 1.1261377051172421 1.4364944023199404 1.1677500916631232
decision_type=2 2 2 2 2 2 2 2 2 2 2 2 2 2 2 2 2 2 2 2 2 2 2 2 2 2 2 2 2 2
left_child=1 5 7 15 10 17 13 8 11 -10 -5 -2 -8 -7 -6 24 18 25 19 -4 -20 -17 -19 -18 -3 -1 -25 29 -29 -9
right_child=2 3 16 4 14 6 12 27 9 -11 -12 -13 -14 -15 -16 21 23 22 20 -21 -22 -23 -24 26 -26 -27 -28 28 -30 -31
leaf_value=-2.82416790516185e-05 -1.8360232082399208e-05 -6.7935800623011104e-06 -2.1792747724550337e-06 4.8127877607702379e-06 1.4168756752042101e-05 2.132097821105605e-06 -7.1931903125230391e-06 -3.7707340564679451e-06 5.000327191527629e-06 1.2444174207741222e-06 6.5155289816025944e-07 5.5265939264282028e-07 9.9007260524423197e-06 -2.87286975140077e-06 -3.330674827472162e-06 -2.7551930134340776e-06 5.0377577682571859e-06 -5.0222569979853563e-07 -4.117513311001631e-06 7.5265466303254426e-06 1.0720894808028706e-05 1.5859534175433509e-05 -8.483844380823081e-06 2.9717747818835963e-05 -1.7119598005130254e-05 -1.3763291345929094e-05 1.5129677242276514e-05 1.254052533243209e-05 -5.2392308732253567e-06 -1.1521107860268387e-05
leaf_weight=29 45 385 131 1324 40 592 2355 413 5416 1793 6032 1949 47 3947 2475 2242 34 140 160 2111 55 25 1077 32 59 129 63 35 35 64
leaf_count=29 45 385 131 1324 40 592 2355 413 5416 1793 6032 1949 47 3947 2475 2242 34 140 160 2111 55 25 1077 32 59 129 63 35 35 64
internal_value=-9.92119e-15 -2.15973e-06 3.65873e-06 -5.38914e-07 2.65994e-07 -4.61202e-06 -3.82533e-06 2.82306e-06 3.21242e-06 4.06617e-06 1.40053e-06 1.25839e-07 -6.85871e-06 -2.2201e-06 -3.05235e-06 -3.46966e-06 6.80948e-06 -8.58319e-06 6.3223e-06 6.95944e-06 -3.21641e-07 -2.54991e-06 -7.56566e-06 1.60885e-05 -8.16573e-06 -1.64207e-05 2.00436e-05 -3.72782e-06 3.65065e-06 -4.81062e-06
internal_weight=33234 20898 12336 12582 9871 8316 6941 9750 9203 7209 7356 1994 2402 4539 2515 2711 2586 1375 2457 2242 215 2267 1217 129 444 158 95 547 70 477
internal_count=33234 20898 12336 12582 9871 8316 6941 9750 9203 7209 7356 1994 2402 4539 2515 2711 2586 1375 2457 2242 215 2267 1217 129 444 158 95 547 70 477
is_linear=0
shrinkage=0.05


Tree=55
num_leaves=31
num_cat=0
split_feature=0 0 0 2 2 9 9 9 9 2 2 2 2 2 9 2 9 9 0 5 2 2 2 9 2 5 5 3 2 9
split_gain=9.50162e-05 3.1534e-05 1.2215e-05 1.20071e-05 1.66844e-05 1.06906e-05 1.29939e-05 8.53264e-06 1.07464e-05 7.0062e-06 6.06843e-06 5.70348e-06 5.28916e-06 5.00277e-06 4.74356e-06 4.22514e-06 4.07386e-06 4.82845e-06 4.00874e-06 4.62258e-06 3.90828e-06 3.63324e-06 3.30402e-06 3.27468e-06 2.9094e-06 2.85796e-06 2.54215e-06 2.19213e-06 1.97861e-06 7.62014e-07
threshold=-0.41934260895060665 0.50905676736307359 -1.5144421857894435 -0.63073384021149381 0.75779610925153407 0.95518223882792097 -0.92188195876508416 0.76863642963887413 -1.1251966014716288 1.7617655024465946 -0.92812834856812043 -1.9983378001733816 -2.4195820939365831 1.219472533277481 1.7404847359607911 2.2824319959938197 1.5095568735938416 -0.62068838400589843 2.2561347275526447 0.28476385711672469 2.0729568801291083 0.67068965894772481 -1.0088533254461283 -0.93712140738179406 -2.0796896755126508 1.912529356978333 0.61996155053226387 0.53693102978132223 -1.4671302284054153 1.3546083621412246
decision_type=2 2 2 2 2 2 2 2 2 2 2 2 2 2 2 2 2 2 2 2 2 2 2 2 2 2 2 2 2 2
left_child=2 3 16 12 14 6 10 8 25 -8 -3 29 26 -13 -5 -10 17 28 24 -20 -6 -19 -18 -14 -7 -4 -2 -24 -1 -9
right_child=1 5 7 4 20 18 9 11 15 -11 -12 13 23 -15 -16 -17 22 21 19 -21 -22 -23 27 -25 -26 -27 -28 -29 -30 -31
leaf_value=-1.4611903282002459e-05 -9.8495357433285574e-06 5.2155928510230349e-07 1.4266840145693742e-07 2.2732651360590315e-06 -1.5922330516352911e-06 -5.0654717715777529e-06 2.5587064361413429e-06 -2.3639281759339308e-05 -4.4982061634556978e-06 -5.7824064764817137e-06 8.4276217139561662e-06 1.1685517408763303e-06 1.4154191055803539e-06 -7.2892688946040766e-06 9.5179901391600919e-06 -1.7034078834566411e-05 -1.7423139654835855e-05 -7.8666929967891654e-06 2.6566001106739689e-05 -1.5734986664028839e-06 -8.4877303885606238e-06 -1.3734523404683174e-05 -2.287945438762439e-07 -2.9335543021779953e-06 7.4304914215962718e-06 1.5288310294181429e-05 -2.9786772540232746e-05 1.441728459465392e-05 -3.0795094565164321e-06 -1.0756390582338844e-05
leaf_weight=40 67 292 1169 5863 2487 48 6437 24 5829 262 1438 1770 525 194 235 68 21 1044 54 20 224 353 88 2466 1575 32 21 36 530 22
leaf_count=40 67 292 1169 5863 2487 48 6437 24 5829 262 1438 1770 525 194 235 68 21 1044 54 20 224 353 88 2466 1575 32 21 36 530 22
internal_value=-4.99442e-15 1.90864e-06 -3.74482e-06 1.62118e-07 1.10157e-06 3.95908e-06 3.23011e-06 -2.95039e-06 -3.76477e-06 2.23248e-06 7.09319e-06 -7.45099e-08 -2.52565e-06 3.33105e-07 2.55246e-06 -4.64276e-06 -7.1708e-06 -7.76702e-06 7.57983e-06 1.89607e-05 -2.16198e-06 -9.3494e-06 9.17258e-07 -2.17019e-06 7.06093e-06 5.46216e-07 -1.46073e-05 4.02329e-06 -3.8888e-06 -1.74779e-05
internal_weight=33234 22014 11220 11888 8809 10126 8429 9108 7098 6699 1730 2010 3079 1964 6098 5897 2112 1967 1697 74 2711 1397 145 2991 1623 1201 88 124 570 46
internal_count=33234 22014 11220 11888 8809 10126 8429 9108 7098 6699 1730 2010 3079 1964 6098 5897 2112 1967 1697 74 2711 1397 145 2991 1623 1201 88 124 570 46
is_linear=0
shrinkage=0.05


Tree=56
num_leaves=31
num_cat=0
split_feature=0 0 0 1 9 9 1 9 1 1 9 0 9 1 1 9 9 9 1 1 0 9 9 1 9 1 6 3 3 8
split_gain=8.62783e-05 2.37969e-05 1.51232e-05 9.28721e-06 8.89932e-05 1.3911e-05 7.74698e-05 7.59324e-06 4.24125e-05 1.24755e-05 4.36657e-05 6.60373e-06 6.4754e-06 3.73471e-05 9.00753e-06 4.64834e-05 5.46714e-06 5.20393e-06 4.38406e-05 9.70633e-06 4.24486e-06 4.06914e-06 4.0547e-06 2.97507e-06 2.90994e-06 2.31773e-06 2.0977e-06 2.88708e-06 2.27594e-06 1.90411e-06
threshold=0.15012681065801303 -0.92220409128317093 0.99478092255470496 -1.201810110266728 -0.59721305235428923 0.80891948343391196 0.88034716773880806 1.1259270911098571 0.62647607747695966 -1.3768329378639559 -0.43052990001950614 -2.0500401605664149 -1.0913872154896833 -0.66396806646538331 0.63870850844426108 0.72811823995951797 -1.4461994279996053 0.70289330561619068 1.024034392937297 -1.2621442677969659 2.6603794549060091 -1.5049447700557435 -1.1608264444825414 -0.034342984985267395 -0.43052990001950614 1.2600451570285507 -1.3084727024384983 -0.018700708443808948 -0.44213039087755407 1.418316351140225
decision_type=2 2 2 2 2 2 2 2 2 2 2 2 2 2 2 2 2 2 2 2 2 2 2 2 2 2 2 2 2 2
left_child=1 11 7 4 22 16 -7 9 23 10 -2 26 13 -4 20 -16 -5 19 -19 -13 -14 -11 -3 -9 -6 -10 28 -28 -1 -15
right_child=2 3 12 5 24 6 -8 8 25 21 -12 17 14 29 15 -17 -18 18 -20 -21 -22 -23 -24 -25 -26 -27 27 -29 -30 -31
leaf_value=1.2911413532492589e-05 2.3566404300662066e-05 1.7764121671731167e-05 2.8993322744437029e-05 1.3933657060185443e-06 4.4803668504009229e-06 -2.9192878816240199e-06 1.896154825090199e-05 -2.3960026137759729e-06 2.429505410747203e-05 4.5962008641004707e-06 -2.8699676398281929e-06 2.2670312975435249e-06 2.7488122913161547e-06 1.9124497785623473e-06 2.228943922277285e-06 2.489991832385013e-05 -2.815311821236838e-06 -5.7715132335338202e-06 1.8863283539716885e-05 -5.9578529054799991e-06 1.4195849648904092e-05 1.8015236732579004e-07 2.7915042062794131e-05 3.6997578246985985e-06 -5.5537315416766216e-06 1.5754446014922883e-05 -1.3988660305397063e-05 -7.0048780744551899e-06 -7.1642232796875767e-06 1.3389112614393712e-05
leaf_weight=20 261 190 182 853 78 1834 519 586 191 565 389 398 3340 493 874 305 8089 1030 219 3633 83 6798 204 304 981 136 299 293 48 39
leaf_count=20 261 190 182 853 78 1834 519 586 191 565 389 398 3340 493 874 305 8089 1030 219 3633 83 6798 204 304 981 136 299 293 48 39
internal_value=-6.6507e-15 -2.2476e-06 2.88761e-06 -1.02968e-06 2.73304e-06 -1.51372e-06 1.90696e-06 1.66409e-06 5.34398e-06 1.1052e-06 7.74525e-06 -4.86143e-06 5.01197e-06 9.44229e-06 4.32461e-06 8.09378e-06 -2.41384e-06 -4.27201e-06 -1.45204e-06 -5.14577e-06 3.02638e-06 5.19018e-07 2.30199e-05 -3.13855e-07 -4.81468e-06 2.0743e-05 -9.57681e-06 -1.05322e-05 -1.25962e-06 2.75378e-06
internal_weight=33234 18688 14546 12748 1453 11295 2353 9230 1217 8013 650 5940 5316 714 4602 1179 8942 5280 1249 4031 3423 7363 394 890 1059 327 660 592 68 532
internal_count=33234 18688 14546 12748 1453 11295 2353 9230 1217 8013 650 5940 5316 714 4602 1179 8942 5280 1249 4031 3423 7363 394 890 1059 327 660 592 68 532
is_linear=0
shrinkage=0.05


Tree=57
num_leaves=31
num_cat=0
split_feature=0 0 0 2 2 2 2 2 2 2 9 0 2 2 9 2 2 0 9 9 2 9 2 0 9 7 9 2 9 8
split_gain=7.8612e-05 2.2931e-05 1.27489e-05 9.5707e-06 1.09869e-05 8.86087e-06 8.12859e-06 1.00112e-05 8.05459e-06 7.77392e-06 7.59458e-06 5.23609e-06 4.74629e-06 7.91782e-06 4.19864e-06 4.07597e-06 3.74179e-06 3.65344e-06 3.22173e-06 3.08614e-06 3.00223e-06 2.65446e-06 2.52823e-06 1.93781e-06 1.9804e-06 1.59377e-06 1.57869e-06 1.6791e-06 1.29345e-06 5.69258e-07
threshold=-0.26197830201522682 0.9178170488031383 -1.2371041206587363 -1.5240858570662013 1.0477824858292661 1.558679121802121 -0.75959467501451217 0.58754493371667471 -1.3588862079519159 -0.44724988103169161 0.75512493330112362 1.8122945726523474 -0.91222179847085683 0.38447417734309236 1.0051986008662774 -2.2816077370803254 -2.6886634606268021 2.6603794549060091 1.4818967210435838 1.7404847359607911 2.6410152510235889 0.71515966884458604 -2.2816077370803254 -2.4242525654851135 -0.2538001932781298 0.036960291848409828 1.5718326080812612 2.6410152510235889 0.30778782183891845 -0.18496821496212454
decision_type=2 2 2 2 2 2 2 2 2 2 2 2 2 2 2 2 2 2 2 2 2 2 2 2 2 2 2 2 2 2
left_child=2 3 12 16 9 8 15 11 22 -5 -10 -8 23 18 -15 28 29 -9 -14 -17 -6 -18 -4 25 -25 -1 27 -7 -3 -2
right_child=1 6 5 4 20 26 7 17 10 -11 -12 -13 13 14 -16 19 21 -19 -20 -21 -22 -23 -24 24 -26 -27 -28 -29 -30 -31
leaf_value=-2.9052742419563319e-05 -1.0265673073774906e-05 -1.389847617874525e-05 -1.4054532156630254e-05 -4.5787058299842897e-08 -1.8227757511631313e-06 -7.9118511769263893e-06 6.2950050977825136e-06 2.0355353077010736e-06 -2.0037482466958654e-06 2.7604811125082788e-06 1.6636794030489896e-06 1.1682641205685122e-05 -3.0631235401135022e-06 -8.9738637054106269e-06 -9.8118613084061043e-07 1.4072500487580717e-06 -5.0460677856913044e-06 1.6976275783452452e-05 5.3128695588883049e-06 1.373378790159643e-05 -1.3662870591856932e-05 1.4900440346678355e-06 -5.4084916821965007e-06 -4.9983479038283253e-06 -1.0884687655328363e-05 -1.0020652817646888e-05 3.3524411135439203e-06 -1.9380096296117701e-05 -2.1192283073593523e-06 -2.0896493991612635e-05
leaf_weight=22 20 54 96 3694 2016 521 2425 1586 6439 7435 1808 554 1548 1044 195 1211 605 42 124 53 55 209 709 229 380 22 29 34 41 34
leaf_count=22 20 54 96 3694 2016 521 2425 1586 6439 7435 1808 554 1548 1044 195 1211 605 42 124 53 55 209 709 229 380 22 29 34 41 34
internal_value=4.6373e-15 1.97391e-06 -2.99585e-06 8.72307e-07 1.20673e-06 -2.05083e-06 4.5715e-06 5.57389e-06 -1.66572e-06 1.82901e-06 -1.19973e-06 7.29694e-06 -5.55089e-06 -4.68669e-06 -7.71594e-06 1.17341e-06 -4.21342e-06 2.42098e-06 -2.44194e-06 1.92411e-06 -2.13722e-06 -3.36788e-06 -6.43957e-06 -9.4034e-06 -8.67127e-06 -1.95367e-05 -8.02017e-06 -8.61441e-06 -8.8148e-06 -1.69592e-05
internal_weight=33234 20034 13200 14068 13200 9636 5966 4607 9052 11129 8247 2979 3564 2911 1239 1359 868 1628 1672 1264 2071 814 805 653 609 44 584 555 95 54
internal_count=33234 20034 13200 14068 13200 9636 5966 4607 9052 11129 8247 2979 3564 2911 1239 1359 868 1628 1672 1264 2071 814 805 653 609 44 584 555 95 54
is_linear=0
shrinkage=0.05


Tree=58
num_leaves=31
num_cat=0
split_feature=0 0 1 9 9 1 0 1 9 1 1 9 9 9 1 1 9 0 0 1 9 1 1 1 1 7 3 6 6 5
split_gain=7.16755e-05 2.29103e-05 1.04678e-05 8.82371e-05 1.60435e-05 6.9127e-05 9.60966e-06 7.07717e-06 6.44403e-06 3.77339e-05 9.60144e-06 5.61775e-05 7.24891e-06 6.10173e-06 4.9102e-05 1.09871e-05 3.8905e-05 4.47256e-06 3.56683e-06 3.26835e-06 2.92954e-06 2.26871e-05 6.39991e-06 2.84967e-06 2.75879e-06 2.55882e-06 2.42857e-06 1.91329e-06 3.31362e-06 1.72102e-06
threshold=0.32302688836684867 -0.92220409128317093 -1.201810110266728 -0.54172463951810179 1.3546083621412246 0.52908287954272981 1.4265167135626116 1.3743896391800379 1.1088812542175031 0.62647607747695966 -0.58213468457944606 -0.78082551423689295 0.45520262688282276 -1.0176531406338618 -0.62950221850993782 0.50697740150428428 0.71515966884458604 -2.1405292219366321 2.424259361208724 -2.1436651223994612 -0.90523387660112575 -0.66396806646538331 0.61324548051281513 -1.4002953833231657 -0.26116008024603249 -1.8356873790085959 0.11729312517567271 0.59214788201014934 0.9177295939405431 -0.56867255673358486
decision_type=2 2 2 2 2 2 2 2 2 2 2 2 2 2 2 2 2 2 2 2 2 2 2 2 2 2 2 2 2 2
left_child=1 13 3 23 7 -6 8 -4 10 24 11 -2 -12 14 26 17 -17 -15 20 -5 21 -8 -22 -3 -10 -16 -1 -20 -29 -11
right_child=6 2 4 19 5 -7 18 -9 9 29 12 -13 -14 15 25 16 -18 -19 27 -21 22 -23 -24 -25 -26 -27 -28 28 -30 -31
leaf_value=2.3012433704346572e-05 1.835483221558773e-05 2.3114359113534451e-05 -2.1386183578600495e-06 1.8679644654184814e-06 -4.2231327065436716e-06 2.1747688087100001e-05 2.9487628981850423e-05 2.0220075604496493e-06 -2.0039673386039985e-06 1.4324839314510186e-05 -1.4622056568415821e-07 2.0915692467829119e-07 4.0607980152176335e-06 -1.2409551823949617e-05 8.840666447687672e-06 -6.5801227624094465e-06 1.0796251470215178e-05 -6.129235512362374e-06 1.3885860975589919e-05 -5.5095817662693894e-06 2.5690000543099855e-06 2.0435701906756772e-06 9.069969646294353e-06 1.5016431471283771e-05 3.3993153263949534e-06 -8.1217324951338951e-06 1.3067187326074864e-05 -1.0832093419329188e-05 1.2264266998520478e-05 2.2095215724313925e-05
leaf_weight=133 559 343 10978 176 770 384 101 1127 517 101 4794 1800 1302 312 23 1140 449 3102 190 1021 1414 296 517 159 435 667 114 24 44 242
leaf_count=133 559 343 10978 176 770 384 101 1127 517 101 4794 1800 1302 312 23 1140 449 3102 190 1021 1414 296 517 159 435 667 114 24 44 242
internal_value=-2.98104e-15 -1.78402e-06 -7.40763e-07 2.95428e-06 -1.21424e-06 4.4188e-06 3.02224e-06 -1.75126e-06 2.30354e-06 5.58803e-06 1.80047e-06 4.50904e-06 7.52326e-07 -4.41112e-06 -7.08161e-07 -5.10464e-06 -1.67012e-06 -6.70318e-06 5.73196e-06 -4.42483e-06 5.11378e-06 9.02556e-06 4.30955e-06 2.05495e-05 4.6497e-07 -7.55632e-06 1.84223e-05 1.131e-05 4.11261e-06 1.98071e-05
internal_weight=33234 20898 14958 1699 13259 1154 12336 12105 9750 1295 8455 2359 6096 5940 937 5003 1589 3414 2586 1197 2328 397 1931 502 952 690 247 258 68 343
internal_count=33234 20898 14958 1699 13259 1154 12336 12105 9750 1295 8455 2359 6096 5940 937 5003 1589 3414 2586 1197 2328 397 1931 502 952 690 247 258 68 343
is_linear=0
shrinkage=0.05


Tree=59
num_leaves=29
num_cat=0
split_feature=2 2 2 1 9 9 2 9 1 1 2 9 1 1 6 7 7 1 9 9 2 1 7 10 6 8 9 10
split_gain=2.32847e-05 2.68531e-05 2.22022e-05 1.29195e-05 7.86956e-05 1.7902e-05 1.02978e-05 5.96079e-06 3.83752e-05 8.35774e-06 5.60172e-06 5.01558e-06 3.64622e-05 7.24046e-06 1.83433e-06 2.61895e-06 2.59872e-06 2.47974e-06 8.84605e-06 5.06618e-06 1.77989e-06 1.76316e-06 1.23903e-06 1.17893e-06 1.10961e-06 1.05113e-06 8.43874e-07 1.92666e-07
threshold=-1.751772875202654 0.79773943259412861 -0.59508538740382777 1.3743896391800379 0.54716566044167403 -1.2789928895554288 2.2824319959938197 -0.808506481854804 -0.72760309766141151 0.5904749520432222 -2.6886634606268021 1.5396655012766909 0.39002206889779828 -1.3293258329357414 -1.2183386715277993 -0.48506205653256179 -0.80570343257490096 -0.72760309766141151 -0.50810294725573446 0.80891948343391196 2.6410152510235889 -0.69129200973203886 -0.10275713579038367 -0.30378509201591786 -0.70473070547698857 -1.0036346767718924 0.63035983337098767 -0.9294045505788725
decision_type=2 2 2 2 2 2 2 2 2 2 2 2 2 2 2 2 2 2 2 2 2 2 2 2 2 2 2 2
left_child=10 2 11 5 -5 -4 7 8 -3 -9 23 13 -13 -2 15 16 -12 18 -16 -19 22 -17 -8 27 -25 -22 -26 -1
right_child=1 6 3 4 -6 -7 20 9 -10 -11 14 12 -14 -15 17 21 -18 19 -20 -21 25 -23 -24 24 26 -27 -28 -29
leaf_value=-6.0554128053592566e-06 3.4671584950184856e-06 1.6160222246492281e-05 6.7422659828132544e-06 -1.0297808461529894e-06 2.4072195415937388e-05 1.0628312671901395e-06 -4.2984122098802848e-06 -3.9974799252459963e-06 -3.663349815095404e-06 4.5316891003982134e-07 -1.3300368798354612e-05 -6.7018502591814576e-06 2.2245373125711624e-05 -1.9977729982266125e-06 1.3210599232963099e-05 -2.8637423164517326e-05 1.2188448285996858e-05 -8.2639622640044405e-06 -6.6692768941017245e-06 1.2833898367386494e-06 -5.6860995234941926e-06 -1.1972694049360984e-05 -1.1214794530910761e-05 -9.1938106288580469e-06 -1.8401353903837763e-05 -1.7274154943838509e-05 -2.9905036411946638e-05 -1.2750951742129309e-05
leaf_weight=21 667 318 1539 1041 446 14094 122 3801 1051 1460 20 299 171 6637 81 21 20 621 181 179 24 65 138 20 44 106 25 22
leaf_count=21 667 318 1539 1041 446 14094 122 3801 1051 1460 20 299 171 6637 81 21 20 621 181 179 24 65 138 20 44 106 25 22
internal_value=9.94374e-16 2.6916e-07 1.03935e-06 2.04557e-06 6.49912e-06 1.62195e-06 -2.46205e-06 -1.99759e-06 9.41395e-07 -2.76236e-06 -6.50755e-06 -1.17655e-06 3.83001e-06 -1.49872e-06 -5.42182e-06 -1.11258e-05 -5.5596e-07 -4.74508e-06 -5.23208e-07 -6.12774e-06 -1.03579e-05 -1.6042e-05 -7.96942e-06 -1.62791e-05 -1.95636e-05 -1.51348e-05 -2.25694e-05 -9.48104e-06
internal_weight=33234 31914 24894 17120 1487 15633 7020 6630 1369 5261 1320 7774 470 7304 1188 126 40 1062 262 800 390 86 260 132 89 130 69 43
internal_count=33234 31914 24894 17120 1487 15633 7020 6630 1369 5261 1320 7774 470 7304 1188 126 40 1062 262 800 390 86 260 132 89 130 69 43
is_linear=0
shrinkage=0.05


Tree=60
num_leaves=31
num_cat=0
split_feature=0 0 2 2 0 2 2 1 1 9 9 1 2 1 1 1 2 9 2 0 1 9 9 0 2 1 9 1 3 9
split_gain=6.56491e-05 2.16621e-05 1.00723e-05 1.75679e-05 8.55082e-06 6.84161e-06 8.36985e-06 6.54745e-06 5.81004e-06 5.66664e-05 9.95287e-06 5.55806e-05 5.5679e-06 5.44015e-06 5.35943e-06 5.34778e-06 4.99962e-06 4.85254e-06 3.42262e-06 3.39149e-06 3.58038e-06 1.62954e-05 9.13864e-06 3.08894e-06 2.69192e-06 2.54308e-06 2.5325e-06 1.78086e-06 1.44094e-06 1.14347e-06
threshold=-0.41934260895060665 0.9178170488031383 0.79773943259412861 -0.57203917282325201 -1.5144421857894435 -0.75959467501451217 0.58754493371667471 1.5762656664502994 1.0715333935771214 0.54716566044167403 -0.59721305235428923 -0.67682274368452855 -1.9983378001733816 -1.2207408229868306 -1.9894004985221889 -0.57148478416643833 2.6410152510235889 -0.34546562809006293 -2.2816077370803254 -2.703869839355066 0.5904749520432222 0.79635771898260643 -0.64565065210323835 2.6603794549060091 0.53166512892531081 1.6949677592699479 1.7404847359607911 -0.89443768001283008 -0.34572638136804545 0.30778782183891845
decision_type=2 2 2 2 2 2 2 2 2 2 2 2 2 2 2 2 2 2 2 2 2 2 2 2 2 2 2 2 2 2
left_child=4 2 3 12 19 18 13 -5 10 24 11 -6 -2 -7 17 -12 -16 -4 29 27 22 -22 -21 -8 -10 -11 -20 -1 -29 -3
right_child=1 5 14 7 8 6 23 -9 9 25 15 -13 -14 -15 16 -17 -18 -19 26 20 21 -23 -24 -25 -26 -27 -28 28 -30 -31
leaf_value=-2.0128477444814052e-06 -7.0313413330317636e-06 -1.289119600524255e-05 2.3563404670895607e-05 2.3251846851933552e-06 1.275403529561576e-05 1.2577332722320649e-05 1.8412188018098096e-06 8.460812804849612e-06 -4.4306538662191087e-06 1.3232009177352171e-05 -6.2350417356298926e-06 -5.1648829321082032e-06 -6.9028121149288234e-07 5.8832528154707357e-06 -1.8203864753848199e-06 -2.9761243519875605e-06 -1.6039894090060862e-05 3.2844404358911559e-08 1.2611050396930477e-06 -4.5494666425858544e-08 -6.6534362618230524e-06 1.3433916770526803e-05 -9.2411772848278738e-06 1.5579298979857762e-05 -1.0214198280915173e-05 2.1593285767966024e-05 1.2427378218713133e-05 -2.441387972985946e-05 -1.2257609992880222e-05 -1.8159030443667889e-06
leaf_weight=26 378 54 39 7652 605 343 1586 461 657 283 1904 1520 4113 2636 3292 3715 63 50 1211 366 452 130 1032 42 290 134 53 38 68 41
leaf_count=26 378 54 39 7652 605 343 1586 461 657 283 1904 1520 4113 2636 3292 3715 63 50 1211 366 452 130 1032 42 290 134 53 38 68 41
internal_value=3.71608e-15 1.5865e-06 6.30182e-07 1.28497e-06 -3.11276e-06 4.15891e-06 5.07853e-06 2.67383e-06 -2.44808e-06 5.60925e-07 -2.97808e-06 -6.32615e-08 -1.224e-06 6.654e-06 -1.76615e-06 -4.08041e-06 -2.0874e-06 1.0344e-05 1.04141e-06 -5.9792e-06 -5.46186e-06 -2.16657e-06 -6.83372e-06 2.19564e-06 -6.20175e-06 1.59188e-05 1.72931e-06 -1.37392e-05 -1.66155e-05 -8.11133e-06
internal_weight=33234 22014 16048 12604 11220 5966 4607 8113 9108 1364 7744 2125 4491 2979 3444 5619 3355 89 1359 2112 1980 582 1398 1628 947 417 1264 132 106 95
internal_count=33234 22014 16048 12604 11220 5966 4607 8113 9108 1364 7744 2125 4491 2979 3444 5619 3355 89 1359 2112 1980 582 1398 1628 947 417 1264 132 106 95
is_linear=0
shrinkage=0.05


Tree=61
num_leaves=31
num_cat=0
split_feature=0 0 0 2 2 1 9 9 1 9 1 9 9 1 1 9 2 1 9 9 9 9 2 1 9 8 1 9 2 0
split_gain=5.96019e-05 1.3793e-05 1.26642e-05 7.98093e-06 1.3511e-05 7.40733e-06 4.81414e-05 9.41979e-06 5.88793e-05 7.48316e-06 6.89499e-06 6.58122e-06 4.98605e-06 3.47046e-05 8.64576e-06 2.29152e-05 4.90271e-06 4.62118e-06 2.78999e-05 6.74725e-06 4.3649e-06 3.97356e-06 3.48833e-06 3.2674e-06 2.28759e-06 1.96564e-06 2.37784e-06 1.67968e-06 1.66097e-06 1.62416e-06
threshold=1.0000000180025095e-35 -1.1220006452861657 1.2541350789664103 -0.7716071576179927 0.54298571758486769 -1.6296934542296362 -0.40899387163294221 1.1846356823716346 0.51829341173363119 -1.1608264444825414 2.0029778935504958 -1.1990391419416853 -1.0176531406338618 -0.62950221850993782 0.50697740150428428 0.9390444261975498 1.7146846702434249 -1.0004777172120101 -0.71713176638380449 0.79635771898260643 -1.6044981772793709 -0.51898316004298162 -2.4195820939365831 -1.5570150676988417 -1.5049447700557435 0.67476751111679223 0.67728815983747703 -0.09128969310214903 -1.5867160504185034 -1.375897962666224
decision_type=2 2 2 2 2 2 2 2 2 2 2 2 2 2 2 2 2 2 2 2 2 2 2 2 2 2 2 2 2 2
left_child=1 12 3 22 10 6 9 11 -9 -3 -5 -7 13 24 21 -16 17 18 -4 -19 -6 -14 -2 -24 -1 26 -18 -27 -8 -15
right_child=2 5 16 4 20 7 28 8 -10 -11 -12 -13 14 29 15 -17 25 19 -20 -21 -22 -23 23 -25 -26 27 -28 -29 -30 -31
leaf_value=2.3719592789392464e-05 -1.0091283517340344e-05 1.0405242445652702e-05 2.8855033645288423e-05 3.2091789180661834e-06 6.6305593239698032e-06 1.2220898590828086e-06 -1.9450559765183636e-05 -4.6969440191310754e-06 1.753002800311762e-05 3.0719626872782411e-05 1.4056760384543547e-05 -2.5515964104063155e-06 -2.6146536524912945e-06 -9.4908511441109807e-06 -5.3297401444969846e-06 1.1935535974328432e-05 -1.1384316514038823e-05 3.1298674873972404e-06 2.9263070786916734e-06 9.2674283053587863e-06 -7.0252407735598723e-07 -7.8661137190199513e-06 6.3274989862231156e-06 -1.0102014380654636e-06 1.2707511772607364e-05 1.6085724645193978e-05 4.235030840337619e-06 -4.4062374581699262e-06 -5.0160830842415333e-06 -3.5513280718548448e-06
leaf_weight=82 100 68 138 6260 215 1327 21 941 436 136 150 8932 437 340 919 243 86 2219 418 561 3614 2050 161 2630 111 20 34 20 391 174
leaf_count=82 100 68 138 6260 215 1327 21 941 436 136 150 8932 437 340 919 243 86 2219 418 561 3614 2050 161 2630 111 20 34 20 391 174
internal_value=1.44802e-15 -2.11858e-06 2.11628e-06 1.40422e-06 2.05925e-06 -1.2594e-06 4.08389e-06 -1.54227e-06 2.34079e-06 2.39482e-05 3.46302e-06 -2.06347e-06 -4.53515e-06 -6.92051e-07 -5.27976e-06 -1.71919e-06 4.7906e-06 5.20066e-06 9.36185e-06 4.36842e-06 -2.90768e-07 -6.94336e-06 -9.1568e-07 -5.86923e-07 1.73862e-05 -3.75919e-06 -6.95883e-06 5.83974e-06 -5.75182e-06 -7.4802e-06
internal_weight=33234 16608 16626 13130 10239 12252 616 11636 1377 204 6410 10259 4356 707 3649 1162 3496 3336 556 2780 3829 2487 2891 2791 193 160 120 40 412 514
internal_count=33234 16608 16626 13130 10239 12252 616 11636 1377 204 6410 10259 4356 707 3649 1162 3496 3336 556 2780 3829 2487 2891 2791 193 160 120 40 412 514
is_linear=0
shrinkage=0.05


Tree=62
num_leaves=29
num_cat=0
split_feature=0 0 2 2 2 2 2 2 0 1 9 2 2 9 1 9 0 2 9 8 4 0 2 3 9 3 7 10
split_gain=5.45823e-05 1.75992e-05 8.79361e-06 9.69434e-06 8.57282e-06 8.32268e-06 7.88829e-06 7.78734e-06 7.14221e-06 6.63399e-06 6.18299e-06 5.14093e-06 4.46337e-06 4.31547e-06 6.60825e-06 3.95877e-06 3.02133e-06 2.96362e-06 2.30597e-06 2.14635e-06 2.07617e-06 1.91523e-06 1.67902e-06 2.04294e-06 1.54682e-06 1.67644e-06 1.29577e-06 1.02926e-06
threshold=0.32302688836684867 -0.5343658492569543 1.558679121802121 -1.751772875202654 1.5950900934523753 -1.0995214325422928 -0.8423170168105375 0.47657857544853538 1.6422172030323459 2.4244579144533169 0.70289330561619068 -0.21464254528416798 -2.6886634606268021 -1.4461994279996053 -0.41797504045330924 0.67758690086733453 2.6603794549060091 -2.4195820939365831 1.8879550334242443 -1.4336532383635012 1.2873276319837628 -2.0500401605664149 2.6410152510235889 -0.3146863797229435 -1.5049447700557435 -0.84252756808669682 0.36469123068161124 0.079884559733558055
decision_type=2 2 2 2 2 2 2 2 2 2 2 2 2 2 2 2 2 2 2 2 2 2 2 2 2 2 2 2
left_child=1 2 3 20 6 13 12 11 9 -8 -5 -7 26 14 -3 -9 -10 -15 -14 27 -1 -21 24 -24 -6 -26 -2 -4
right_child=4 5 19 10 22 7 8 15 16 -11 -12 -13 18 17 -16 -17 -18 -19 -20 21 -22 -23 23 -25 25 -27 -28 -29
leaf_value=-1.1782636466072476e-05 -7.8042073761921802e-06 2.2072164002651108e-05 -7.1201934474629531e-06 -3.1152711586177795e-06 7.8874648945909743e-06 1.4533279015155151e-08 2.9390518808050636e-06 -2.4649828015762377e-06 6.4324322067660038e-06 1.808199460032334e-05 -2.7728009428354423e-08 2.9382258149019066e-06 5.3741014039800477e-07 -1.3956638944269895e-05 -4.2532351155880295e-06 1.4309430970969204e-06 1.5578709707490502e-05 -3.857538303278222e-06 1.0153745879115662e-05 -1.984138052648632e-05 1.3549660913916092e-06 -8.9664589304169828e-06 -2.4061978792815352e-05 -3.6911146679585729e-06 2.5998038678232625e-06 -4.152619809886398e-06 -2.384315347626398e-05 7.9670333644361784e-06
leaf_weight=339 34 40 20 6802 36 3060 7833 2658 1148 73 2129 2956 2405 77 59 864 98 1284 64 44 33 507 20 32 115 458 20 26
leaf_count=339 34 40 20 6802 36 3060 7833 2658 1148 73 2129 2956 2405 77 59 864 98 1284 64 44 33 507 20 32 115 458 20 26
internal_value=9.7218e-15 -1.55682e-06 -3.08616e-06 -2.70866e-06 2.63736e-06 -1.80171e-07 2.95099e-06 3.57966e-07 3.63338e-06 3.07887e-06 -2.37925e-06 1.45111e-06 4.75666e-07 -3.69575e-06 6.38329e-06 -1.50925e-06 7.1518e-06 -4.42891e-06 7.86679e-07 -8.96864e-06 -1.06172e-05 -9.83487e-06 -2.90216e-06 -1.15261e-05 -2.1658e-06 -2.79742e-06 -1.37446e-05 1.40737e-06
internal_weight=33234 20898 9900 9303 12336 10998 11675 9538 9152 7906 8931 6016 2523 1460 99 3522 1246 1361 2469 597 372 551 661 52 609 573 54 46
internal_count=33234 20898 9900 9303 12336 10998 11675 9538 9152 7906 8931 6016 2523 1460 99 3522 1246 1361 2469 597 372 551 661 52 609 573 54 46
is_linear=0
shrinkage=0.05


Tree=63
num_leaves=31
num_cat=0
split_feature=0 0 1 9 9 1 1 9 1 1 9 0 9 1 1 9 1 9 1 0 9 1 9 1 9 1 9 9 7 9
split_gain=4.95622e-05 1.76277e-05 7.91977e-06 3.43513e-05 9.73458e-06 6.6637e-05 9.42033e-06 7.23201e-06 5.21964e-05 1.36237e-05 5.78172e-05 6.54911e-06 5.52871e-06 3.47187e-05 6.71486e-06 4.47942e-06 4.17016e-05 3.99993e-06 3.78943e-06 3.50847e-06 3.10353e-06 2.9122e-06 5.93008e-06 2.77128e-06 4.3098e-06 2.47619e-06 2.45463e-06 2.35711e-06 2.28338e-06 1.86653e-06
threshold=0.43379246302491942 -0.5343658492569543 1.4216406639074999 0.48028912017528097 -0.6576941700411324 -0.90969470977469824 0.5904749520432222 0.95518223882792097 0.65171483316376821 -1.2207408229868306 -0.46275919537847815 -1.8526804930037224 1.4543769425306716 0.39002206889779828 -1.1630424966450221 -1.2381620679040581 -0.4809071732815674 0.018555434644511579 -1.7619721114019771 1.453390791466189 1.1655492856491849 0.3161058771828682 1.8879550334242443 1.3743896391800379 0.57131886599964077 1.1220423564153033 -0.53070373067796717 1.2856362543910693 1.7806506879390229 1.4543769425306716
decision_type=2 2 2 2 2 2 2 2 2 2 2 2 2 2 2 2 2 2 2 2 2 2 2 2 2 2 2 2 2 2
left_child=1 11 4 -4 5 -3 -6 9 21 10 18 23 14 -14 -13 16 -11 -17 -2 27 -5 29 -23 26 -25 -21 -1 -10 -12 -9
right_child=7 2 3 20 6 -7 -8 8 19 15 28 12 13 -15 -16 17 -18 -19 -20 25 -22 22 -24 24 -26 -27 -28 -29 -30 -31
leaf_value=-3.628475587555517e-06 2.8240609721363741e-05 1.7589580871679204e-05 -2.5258135378486469e-06 2.2009241212025382e-05 -2.2140483308566532e-06 -1.612121000936816e-06 1.8161200884715603e-06 1.2964889044709092e-06 1.2681151737850186e-05 2.4241918997834551e-05 -1.4433755083231267e-06 1.0665461361887979e-06 -6.7370919862269004e-06 1.7176188549492432e-05 -3.3662798312541701e-06 -1.2571605869163979e-08 -6.8642283231038393e-07 2.3687024081989453e-06 1.8350516879336877e-05 2.0831432926046301e-05 1.1834889658039464e-05 2.5298980919921005e-06 2.6330694644486596e-05 -6.6568033974233139e-06 1.6122606393764726e-05 3.5955341452790891e-05 -9.0996519059754777e-06 2.0864772422465577e-05 -1.6866343261426666e-05 -2.7952458449856861e-06
leaf_weight=295 154 557 611 185 6565 2393 1861 712 148 213 599 969 419 238 7218 3992 790 3159 261 59 126 168 31 56 33 50 672 217 25 458
leaf_count=295 154 557 611 185 6565 2393 1861 712 148 213 599 969 419 238 7218 3992 790 3159 261 59 126 168 31 56 33 50 672 217 25 458
internal_value=-4.43784e-15 -1.36145e-06 -9.72681e-08 4.35969e-06 -4.58495e-07 2.01342e-06 -1.32393e-06 2.73845e-06 5.59709e-06 2.16535e-06 7.55755e-06 -2.93185e-06 -2.48748e-06 1.92556e-06 -2.84162e-06 1.47827e-06 4.60743e-06 1.03937e-06 2.20206e-05 1.98972e-05 1.78872e-05 6.45838e-07 6.23756e-06 -6.65351e-06 1.78949e-06 2.7769e-05 -7.43058e-06 1.75465e-05 -2.06128e-06 -3.05233e-07
internal_weight=33234 22198 12298 922 11376 2950 8426 11036 1843 9193 1039 9900 8844 657 8187 8154 1003 7151 415 474 311 1369 199 1056 89 109 967 365 624 1170
internal_count=33234 22198 12298 922 11376 2950 8426 11036 1843 9193 1039 9900 8844 657 8187 8154 1003 7151 415 474 311 1369 199 1056 89 109 967 365 624 1170
is_linear=0
shrinkage=0.05


Tree=64
num_leaves=31
num_cat=0
split_feature=9 1 1 9 9 1 1 9 9 1 9 1 9 9 1 1 1 9 1 9 1 3 1 3 1 9 9 5 7 3
split_gain=1.51104e-05 0.00016293 3.32397e-05 0.000160852 1.34077e-05 5.08745e-05 9.47049e-06 3.70399e-05 8.16423e-06 9.48989e-05 1.57205e-05 1.42651e-05 6.58458e-06 4.63417e-06 1.27058e-05 4.16463e-06 3.34717e-06 2.8913e-05 7.16874e-06 3.11506e-06 3.94031e-06 2.30723e-06 2.28187e-06 2.04755e-06 2.00773e-06 2.76415e-06 2.56594e-06 1.92119e-06 1.88913e-06 1.56205e-06
threshold=-0.98728207770997256 -0.61691833778862304 0.88034716773880806 0.57131886599964077 0.79635771898260643 1.4216406639074999 -0.82404083512282644 -1.4461994279996053 -0.43052990001950614 -1.3768329378639559 -0.59721305235428923 -1.0859870404315248 1.7404847359607911 0.34959387575998896 2.2644187622946923 -1.1630424966450221 -0.42855335377756093 -1.7994223077574707 -0.46984431920542086 -2.2314982388147553 0.0098492163669069988 0.50264204616789232 1.1752936235534024 1.3847314485857318 -1.5570150676988417 -1.0532529453119326 -1.0176531406338618 0.4330533164924949 1.2163285066570835 -0.23449199752976838
decision_type=2 2 2 2 2 2 2 2 2 2 2 2 2 2 2 2 2 2 2 2 2 2 2 2 2 2 2 2 2 2
left_child=1 6 8 13 5 -5 24 -8 9 10 -2 23 -13 22 -15 -11 17 18 -3 20 -18 -6 -4 -10 25 -1 -26 -9 -21 -19
right_child=2 16 3 4 21 -7 7 27 11 15 -12 12 -14 14 -16 -17 19 29 -20 28 -22 -23 -24 -25 26 -27 -28 -29 -30 -31
leaf_value=1.4483257463850056e-05 2.8865694622463013e-05 4.0674424464668848e-05 -2.1063574417989676e-06 -5.9308112081519052e-06 1.893241715448077e-05 2.7847298685159294e-05 2.6559867311797855e-05 -1.1176850080434836e-05 -4.5132090118906501e-06 4.7854991865054495e-06 9.308061915374147e-06 -1.4145739012205266e-06 3.1237681725287855e-06 -7.7496919389364871e-07 3.2329134598013855e-05 -2.1775440736793674e-06 2.2786176758370036e-06 -1.0028981533373707e-05 5.8626663996533135e-06 -3.2706422664396345e-06 -1.2266541850591425e-05 1.4506693117610459e-05 -4.9616734703719279e-06 -9.2341005831258381e-06 2.1086250666319781e-05 3.0371106771175015e-05 6.8343252375295081e-06 1.6929200547453723e-07 4.7618170788395084e-07 -2.3904718679029265e-06
leaf_weight=313 301 50 1098 276 944 187 159 108 2826 227 156 13898 848 446 31 3977 62 108 21 2994 187 428 1929 250 735 30 33 57 379 176
leaf_count=313 301 50 1098 276 944 187 159 108 2826 227 156 13898 848 446 31 3977 62 108 21 2994 187 428 1929 250 735 30 33 57 379 176
internal_value=2.1808e-15 2.41731e-06 -4.7022e-07 3.07629e-06 1.5069e-05 7.71175e-06 1.68599e-05 9.33818e-06 -1.3124e-06 5.50707e-07 2.21896e-05 -1.79967e-06 -1.15359e-06 -3.20413e-06 1.37645e-06 -1.80157e-06 -2.79392e-06 1.83939e-06 3.0378e-05 -3.24804e-06 -8.64486e-06 1.75518e-05 -3.92595e-06 -4.8969e-06 1.90534e-05 1.58729e-05 2.04739e-05 -7.25727e-06 -2.84964e-06 -5.29526e-06
internal_weight=33234 5412 27822 5339 1835 463 1435 324 22483 4661 457 17822 14746 3504 477 4204 3977 355 71 3622 249 1372 3027 3076 1111 343 768 165 3373 284
internal_count=33234 5412 27822 5339 1835 463 1435 324 22483 4661 457 17822 14746 3504 477 4204 3977 355 71 3622 249 1372 3027 3076 1111 343 768 165 3373 284
is_linear=0
shrinkage=0.05


Tree=65
num_leaves=30
num_cat=0
split_feature=0 0 2 2 2 2 2 2 9 1 1 1 0 2 5 1 2 2 9 1 9 2 3 9 2 5 7 7 5
split_gain=4.48396e-05 1.59915e-05 7.70649e-06 9.72458e-06 7.42305e-06 9.00881e-06 6.82774e-06 6.8315e-06 6.58875e-06 3.85747e-05 1.04465e-05 5.98846e-06 4.37188e-06 3.64308e-06 3.35264e-06 4.4639e-06 3.90649e-06 2.94736e-06 2.7372e-06 1.95415e-06 1.85149e-06 1.70476e-06 1.58054e-06 1.5752e-06 1.49429e-06 1.72549e-06 2.30841e-06 9.06258e-07 8.16643e-07
threshold=0.43379246302491942 -0.67864102698084461 -0.95886925333318784 0.38447417734309236 -1.4954214039679192 0.98395652181063709 -1.9983378001733816 1.7146846702434249 0.95518223882792097 0.65171483316376821 -1.3768329378639559 -0.90969470977469824 -1.611566490720169 -0.36623867807322358 0.47705854346507864 0.95796670070766743 -2.4195820939365831 -2.0796896755126508 1.3980810598853053 -1.2398509936349453 0.2674900534732077 2.6410152510235889 -0.3146863797229435 -1.2568457440771506 -2.6886634606268021 -0.38359567438571257 0.75017642739312917 0.27169197688721591 -1.347161637078633
decision_type=2 2 2 2 2 2 2 2 2 2 2 2 2 2 2 2 2 2 2 2 2 2 2 2 2 2 2 2 2
left_child=1 2 17 13 14 11 24 8 10 -10 -8 -6 -5 -4 15 -3 -16 20 -7 -19 -1 23 -23 -9 27 28 -27 -2 -26
right_child=6 4 3 12 5 18 7 21 9 -11 -12 -13 -14 -15 16 -17 -18 19 -20 -21 -22 22 -24 -25 25 26 -28 -29 -30
leaf_value=-8.6949478349877142e-06 -7.2910340839863845e-06 -8.6378380861267957e-06 -2.6905725683208871e-06 -8.3499010822179447e-06 3.2189241026756165e-06 -3.2990573050289473e-06 8.2185546937571215e-06 8.0837618614688319e-06 1.4599793613274288e-06 1.861125577021294e-05 1.9805224208495033e-06 1.1231863091287185e-07 -3.563762715478594e-06 4.1268644382542533e-07 -1.6364150481725423e-05 2.3380663282119085e-06 1.9060310978073728e-06 -5.7479396023804189e-08 3.2788174412510071e-06 -6.3369448738395103e-06 -1.9884587832705822e-05 -2.2740686752058537e-05 -4.4699261048537728e-06 -2.9975806417997696e-06 -8.6669669658674489e-07 -2.8701572095571869e-06 1.3439833716469925e-05 -2.1031623391536413e-05 -1.1851492314463031e-05
leaf_weight=99 30 514 1519 601 1883 2105 734 35 1261 443 7837 8805 2315 2506 33 113 258 140 171 1077 59 20 29 383 23 131 26 20 64
leaf_count=99 30 514 1519 601 1883 2105 734 35 1261 443 7837 8805 2315 2506 33 113 258 140 171 1077 59 20 29 383 23 131 26 20 64
internal_value=-1.65247e-15 -1.29497e-06 -3.02887e-06 -2.35142e-06 -2.5627e-07 5.14009e-08 2.60472e-06 2.81046e-06 3.07928e-06 5.91891e-06 2.51473e-06 6.59637e-07 -4.55021e-06 -7.58457e-07 -4.60121e-06 -6.65972e-06 -1.65845e-07 -6.44867e-06 -2.80485e-06 -5.61457e-06 -1.28734e-05 -3.10403e-06 -1.19274e-05 -2.06972e-06 -4.91275e-06 -3.29912e-06 -1.6914e-07 -1.27873e-05 -8.94747e-06
internal_weight=33234 22198 8316 6941 13882 12964 11036 10742 10275 1704 8571 10688 2916 4025 918 627 291 1375 2276 1217 158 467 49 418 294 244 157 50 87
internal_count=33234 22198 8316 6941 13882 12964 11036 10742 10275 1704 8571 10688 2916 4025 918 627 291 1375 2276 1217 158 467 49 418 294 244 157 50 87
is_linear=0
shrinkage=0.05


Tree=66
num_leaves=29
num_cat=0
split_feature=0 0 2 2 2 2 2 2 9 1 1 9 4 1 2 2 9 2 2 2 7 0 9 0 1 1 9 5
split_gain=4.06423e-05 1.47085e-05 7.74639e-06 1.39215e-05 7.24155e-06 7.77333e-06 5.37919e-06 6.84017e-06 5.26882e-06 4.09851e-05 8.18035e-06 4.87015e-06 4.70549e-06 4.35717e-06 4.22727e-06 4.11364e-06 3.44647e-06 3.04708e-06 2.54578e-06 2.49847e-06 2.34244e-06 2.24238e-06 2.14158e-06 1.78358e-06 1.76555e-06 1.76779e-06 1.01108e-06 4.41323e-07
threshold=-0.41934260895060665 0.9178170488031383 0.79773943259412861 -0.45767320284225288 1.558679121802121 -0.95886925333318784 -0.75959467501451217 0.36116860699905923 0.78317895512096569 0.60193436451817306 -1.3768329378639559 -1.2789928895554288 -1.1967569156448976 -1.9894004985221889 -1.9983378001733816 2.6410152510235889 -0.34546562809006293 -2.0796896755126508 -2.2816077370803254 1.7617655024465946 1.0708272292837235 -2.4242525654851135 0.2674900534732077 -2.0500401605664149 1.651746809253863 1.4808385850038555 0.30778782183891845 0.45573147809472081
decision_type=2 2 2 2 2 2 2 2 2 2 2 2 2 2 2 2 2 2 2 2 2 2 2 2 2 2 2 2
left_child=4 2 3 14 5 17 18 12 10 -10 -7 -5 -8 16 -2 -15 -4 22 26 -9 -20 -19 -1 27 25 -25 -3 -6
right_child=1 6 13 11 23 8 7 19 9 -11 -12 -13 -14 15 -16 -17 -18 21 20 -21 -22 -23 -24 24 -26 -27 -28 -29
leaf_value=-6.6755078745070096e-06 -6.0588150507789227e-06 -1.1784723883297206e-05 2.0418753944667491e-05 6.3425005287296469e-06 -1.2415357909608598e-05 3.6965159727567947e-06 -5.4110082610313984e-07 2.7093528115031413e-06 -3.8679032768562549e-06 1.252140368055134e-05 -2.6574953888762498e-06 1.9975685254287543e-06 6.6767992821746107e-06 -1.6886999490584141e-06 -5.6520505991600667e-07 -1.4586904100204784e-05 5.8819073501581452e-07 -1.6186100180139199e-05 2.1218249768411132e-06 -2.6617860138295718e-06 -3.8123783867271891e-06 -4.0540869445222804e-06 -1.7041266926298703e-05 -6.9044086712185016e-06 5.0125571457707949e-06 -2.2033652319350951e-05 -1.3702682780404293e-06 -2.2037479956535127e-05
leaf_weight=127 378 54 39 713 26 551 251 1862 1323 536 6278 6756 2249 3292 4757 63 50 39 1067 245 197 1628 82 558 30 20 41 22
leaf_count=127 378 54 39 713 26 551 251 1862 1323 536 6278 6756 2249 3292 4757 63 50 39 1067 245 197 1628 82 558 30 20 41 22
internal_value=-6.15074e-15 1.24829e-06 4.60271e-07 1.0345e-06 -2.44918e-06 -2.13264e-06 3.36798e-06 4.18341e-06 -1.50239e-06 8.57577e-07 -2.14482e-06 2.41234e-06 5.95212e-06 -1.64124e-06 -9.69603e-07 -1.9309e-06 9.27799e-06 -5.05143e-06 6.03674e-07 2.0848e-06 1.19695e-06 -4.33792e-06 -1.07425e-05 -7.54662e-06 -6.81407e-06 -7.42791e-06 -7.29006e-06 -1.68255e-05
internal_weight=33234 22014 16048 12604 11220 10564 5966 4607 8688 1859 6829 7469 2500 3444 5135 3355 89 1876 1359 2107 1264 1667 209 656 608 578 95 48
internal_count=33234 22014 16048 12604 11220 10564 5966 4607 8688 1859 6829 7469 2500 3444 5135 3355 89 1876 1359 2107 1264 1667 209 656 608 578 95 48
is_linear=0
shrinkage=0.05


Tree=67
num_leaves=27
num_cat=0
split_feature=0 0 2 2 0 2 2 2 1 2 2 2 10 0 2 2 3 1 5 1 1 5 7 5 2 3
split_gain=3.72647e-05 1.26629e-05 8.93216e-06 9.36285e-06 6.51332e-06 6.25307e-06 5.67579e-06 6.12936e-06 4.86374e-06 4.00338e-06 3.91795e-06 3.88596e-06 3.11813e-06 2.96338e-06 2.74911e-06 2.52743e-06 2.56718e-06 2.48854e-06 2.15175e-06 2.04774e-06 1.76149e-06 1.37705e-06 1.53203e-06 1.48075e-06 1.31733e-06 1.19941e-06
threshold=0.32302688836684867 -1.1220006452861657 -1.0995214325422928 0.43635794518363619 1.923950560831605 -0.4108769593958555 1.558679121802121 -1.9983378001733816 1.5409174971303998 2.0729568801291083 2.1722840468670355 -1.5867160504185034 -1.7991616182388226 -2.2593235276336157 0.81159094054362479 -2.168360036504775 -1.4588074951606431 0.38003652875283406 0.59671608697096767 -1.2827851534111534 -0.86475419474756687 0.70450966051942154 0.8953969971052308 0.56415271058384919 -2.6886634606268021 -0.097191589974701509
decision_type=2 2 2 2 2 2 2 2 2 2 2 2 2 2 2 2 2 2 2 2 2 2 2 2 2 2
left_child=1 10 15 5 6 -4 7 24 -9 -5 11 20 -6 -13 17 16 -3 -14 -17 -16 -1 23 -23 -8 -2 -12
right_child=4 2 3 9 12 -7 21 8 -10 -11 25 13 14 -15 19 18 -18 -19 -20 -21 -22 22 -24 -25 -26 -27
leaf_value=-1.6538194326960622e-06 -1.2372145842277861e-05 -2.2476077519341149e-05 -8.8614156438757938e-07 -1.4794379910728296e-06 2.0481759521636698e-05 1.8533468868672029e-06 -3.2632960854358584e-06 2.0492640555411263e-06 6.4372116030047745e-06 -7.1998633790931657e-06 -2.3293290464294092e-05 -7.4293730545526147e-06 4.9119204049289853e-06 -2.6874145179609503e-06 1.3855558593907822e-05 -4.0642804709866374e-06 -6.5724875065962125e-06 1.1248493202289957e-05 -3.6148886844971278e-07 -1.806564761182017e-06 -1.1601253033982601e-05 -1.0169989536734648e-06 1.1462442137511268e-05 -1.551252740822607e-05 -3.4666198025568484e-06 -9.8663567862389842e-06
leaf_weight=57 50 29 3366 5191 37 5465 483 9804 675 325 29 362 444 3666 24 1421 203 238 542 160 203 119 31 26 245 39
leaf_count=57 50 29 3366 5191 37 5465 483 9804 675 325 29 362 444 3666 24 1421 203 238 542 160 203 119 31 26 245 39
internal_value=-1.83581e-17 -1.28636e-06 -6.54771e-07 -2.00316e-07 2.17918e-06 8.09171e-07 1.85629e-06 2.13181e-06 2.33191e-06 -1.81648e-06 -3.68483e-06 -3.49599e-06 6.26727e-06 -3.11358e-06 5.65995e-06 -3.62519e-06 -8.56044e-06 7.12322e-06 -3.04191e-06 2.36321e-07 -9.42047e-06 -2.64823e-06 1.56209e-06 -3.88899e-06 -4.97603e-06 -1.55925e-05
internal_weight=33234 20898 16542 14347 12336 8831 11433 10774 10479 5516 4356 4288 903 4028 866 2195 232 682 1963 184 260 659 150 509 295 68
internal_count=33234 20898 16542 14347 12336 8831 11433 10774 10479 5516 4356 4288 903 4028 866 2195 232 682 1963 184 260 659 150 509 295 68
is_linear=0
shrinkage=0.05


Tree=68
num_leaves=29
num_cat=0
split_feature=0 0 9 1 1 9 1 1 2 2 9 1 1 9 9 1 1 2 2 9 1 0 2 7 4 9 4 1
split_gain=3.39657e-05 1.28346e-05 7.11939e-06 5.94171e-05 1.18797e-05 6.93443e-05 7.89469e-06 6.28313e-06 6.01839e-06 6.761e-06 5.013e-06 2.63611e-05 5.92e-06 3.16388e-05 4.24779e-06 4.55745e-05 6.58602e-06 3.60892e-06 3.45846e-06 2.97445e-06 3.61531e-06 2.30491e-06 2.22986e-06 2.02048e-06 2.18094e-06 1.81089e-06 1.15904e-06 9.52073e-07
threshold=-0.49124372113921733 0.9178170488031383 1.1846356823716346 0.55527969221783746 -0.6055740763804901 -0.90523387660112575 1.3743896391800379 1.3510495934718822 -1.8031358028965385 1.0824267418355495 -1.0913872154896833 -0.66396806646538331 0.63870850844426108 0.72811823995951797 -1.1251966014716288 -0.54827922948541075 0.49674831567222771 -0.63073384021149381 -1.4954214039679192 -1.8994483365933104 0.058850160825560174 -2.0500401605664149 -1.751772875202654 -0.99682163354379127 1.165373537419282 -1.2568457440771506 0.69808942465628554 -0.23975115350707774
decision_type=2 2 2 2 2 2 2 2 2 2 2 2 2 2 2 2 2 2 2 2 2 2 2 2 2 2 2 2
left_child=8 2 4 18 5 -2 -6 -5 23 14 11 25 17 -14 15 -10 -16 -12 -4 20 -11 -21 -13 27 26 -3 -25 -1
right_child=1 10 3 7 6 -7 -8 -9 9 19 12 22 13 -15 16 -17 -18 -19 -20 21 -22 -23 -24 24 -26 -27 -28 -29
leaf_value=-1.0652855689841091e-05 1.5075217553813103e-05 2.5577230485869979e-05 -1.156087026856767e-05 2.0897946671308618e-05 -1.3412372114012954e-06 -1.0416958651025796e-06 2.9114012933010788e-06 9.6665046998717289e-06 1.676475565254478e-05 2.1727894462938738e-05 -1.0589029367888441e-06 -1.2462055986327836e-05 8.2842899720797404e-07 1.8434971755908031e-05 -3.0567794970847251e-06 -5.1731101100958402e-06 1.2329998866193842e-07 2.4234402090764939e-06 -1.6282600237297514e-06 -1.3642613725875275e-05 -7.6446334946922438e-06 -5.2303272358167781e-06 2.2398816634448969e-06 -7.1326806385024267e-06 6.3822030150967524e-06 1.4691411732970804e-05 -1.6264033872880089e-05 -2.3829380031735317e-05
leaf_weight=26 843 144 94 365 9619 3204 1231 189 334 22 1010 27 988 344 5149 813 2381 2825 1295 87 20 1271 576 228 27 52 41 29
leaf_count=26 843 144 94 365 9619 3204 1231 189 334 22 1010 27 988 344 5149 813 2381 2825 1295 87 20 1271 576 228 27 52 41 29
internal_value=5.98722e-16 1.08087e-06 3.74869e-07 3.22151e-06 3.58388e-09 2.3155e-06 -8.58749e-07 1.70663e-05 -2.36387e-06 -2.13969e-06 3.07369e-06 6.75941e-06 2.50374e-06 5.37546e-06 -1.61946e-06 1.21507e-06 -2.05123e-06 1.50632e-06 -2.30045e-06 -5.36395e-06 7.74098e-06 -5.76926e-06 1.58159e-06 -8.79995e-06 -7.16472e-06 2.26892e-05 -8.52445e-06 -1.76005e-05
internal_weight=33234 22806 16840 1943 14897 4047 10850 554 10428 10077 5966 799 5167 1332 8677 1147 7530 3835 1389 1400 42 1358 603 351 296 196 269 55
internal_count=33234 22806 16840 1943 14897 4047 10850 554 10428 10077 5966 799 5167 1332 8677 1147 7530 3835 1389 1400 42 1358 603 351 296 196 269 55
is_linear=0
shrinkage=0.05


Tree=69
num_leaves=29
num_cat=0
split_feature=0 0 1 9 9 1 1 0 9 1 9 1 1 9 1 1 9 9 7 3 10 6 3 7 5 9 3 1
split_gain=3.1154e-05 1.15057e-05 7.40081e-06 5.58175e-05 1.34083e-05 7.79627e-05 6.32045e-06 5.29388e-06 4.58217e-06 3.70697e-05 6.07224e-06 3.19832e-05 5.01058e-06 3.99957e-06 2.57501e-05 6.49891e-06 2.14906e-05 2.98273e-06 2.63839e-06 2.34593e-06 2.31134e-06 1.9965e-06 1.9708e-06 1.96965e-06 1.74479e-06 2.65506e-06 1.72567e-06 1.44816e-06
threshold=0.43379246302491942 -1.0528149683729271 1.1370964175487821 0.57131886599964077 -0.59721305235428923 -0.90969470977469824 -1.0859870404315248 2.0588280894175823 -1.2381620679040581 -0.4809071732815674 0.95518223882792097 0.65171483316376821 -1.3768329378639559 -1.0358725994855569 -0.62950221850993782 0.50697740150428428 0.88201308289783031 -0.6806897370892967 -0.28719117368367059 0.11729312517567271 0.91144739852829015 1.2549889184501952 -1.9203068808456438 -1.6558256036788699 -0.038388179129603142 0.86575506480726616 -0.79018461558819619 -0.96873555220810392
decision_type=2 2 2 2 2 2 2 2 2 2 2 2 2 2 2 2 2 2 2 2 2 2 2 2 2 2 2 2
left_child=1 13 4 21 5 -3 -6 8 9 27 12 -12 -10 14 19 17 -17 -15 -11 -1 -5 -4 -9 -16 25 -24 -26 -2
right_child=7 2 3 20 6 -7 -8 22 10 18 11 -13 -14 15 23 16 -18 -19 -20 -21 -22 -23 24 -25 26 -27 -28 -29
leaf_value=2.0351218840956677e-05 1.6004074823375839e-05 1.5234598854980004e-05 -3.4914093704159542e-06 1.3146718901265538e-05 -4.5838035322178651e-06 -1.8583127303537774e-06 -1.2762202354685638e-06 -7.8062995706441949e-06 5.2365374409014803e-06 -5.1157841685788085e-06 2.0892489459362055e-07 1.5766894450070743e-05 5.494419081001704e-07 -6.8671104961680207e-07 6.2422629231578503e-06 -4.3685089603229314e-06 1.097309013587056e-05 -5.787732698612788e-06 1.0772341221872613e-06 9.5717134509878298e-06 2.0764251328033221e-05 2.1172427895378747e-06 7.2975026658125306e-06 -6.1742996014696188e-06 1.2663768459080731e-05 1.8516133083909046e-05 2.8570447383966861e-06 2.2693791977615658e-05
leaf_weight=109 177 832 1397 523 1714 3366 9180 23 621 268 1282 445 6969 324 34 1021 294 2481 480 94 123 179 235 527 54 68 265 149
leaf_count=109 177 832 1397 523 1714 3366 9180 23 621 268 1282 445 6969 324 34 1021 294 2481 480 94 123 179 235 527 54 68 265 149
internal_value=-2.28098e-15 -1.0794e-06 -4.74819e-07 2.21927e-06 -8.71471e-07 1.52932e-06 -1.79662e-06 2.17113e-06 1.8983e-06 4.99082e-06 1.54181e-06 4.21778e-06 9.32932e-07 -3.22269e-06 1.00007e-07 -3.83884e-06 -9.38524e-07 -5.19852e-06 -1.14165e-06 1.53597e-05 1.45971e-05 -2.85439e-06 6.56655e-06 -5.42178e-06 7.09802e-06 9.81522e-06 4.51712e-06 1.90616e-05
internal_weight=33234 22198 17314 2222 15092 4198 10894 11036 10391 1074 9317 1727 7590 4884 764 4120 1315 2805 748 203 646 1576 645 561 622 303 319 326
internal_count=33234 22198 17314 2222 15092 4198 10894 11036 10391 1074 9317 1727 7590 4884 764 4120 1315 2805 748 203 646 1576 645 561 622 303 319 326
is_linear=0
shrinkage=0.05


Tree=70
num_leaves=31
num_cat=0
split_feature=0 2 2 2 2 2 9 0 2 9 9 9 2 0 2 0 2 7 7 6 10 7 9 5 0 3 0 0 9 7
split_gain=2.85413e-05 8.19173e-06 8.98178e-06 7.43871e-06 1.22e-05 5.31811e-06 5.29731e-06 5.25839e-06 3.78974e-06 3.78036e-06 4.26597e-06 3.52197e-06 2.87766e-06 2.84982e-06 2.84694e-06 3.11188e-06 2.7286e-06 2.73305e-06 2.56882e-06 2.23085e-06 2.02107e-06 1.88499e-06 1.86463e-06 1.77741e-06 1.49199e-06 1.42707e-06 1.41647e-06 1.23287e-06 1.2216e-06 7.14517e-07
threshold=1.0000000180025095e-35 1.558679121802121 -0.95886925333318784 -0.7716071576179927 0.54298571758486769 0.79773943259412861 1.3980810598853053 1.8122945726523474 -2.4195820939365831 -1.6404454426534005 1.2856362543910693 -0.98728207770997256 1.1444920388340865 -0.70564675475282934 -1.8550773525167166 0.49975900174080506 2.4489747911018247 -0.82149370382317677 1.0518293745072003 -0.68098949427753619 -1.7991616182388226 1.9457091319546851 0.30778782183891845 0.4330533164924949 1.8650705099142275 0.16607559572083599 1.5428474396544003 -1.8526804930037224 1.5396655012766909 0.51928587176628105
decision_type=2 2 2 2 2 2 2 2 2 2 2 2 2 2 2 2 2 2 2 2 2 2 2 2 2 2 2 2 2 2
left_child=1 2 8 14 7 6 -4 11 18 12 -11 -5 -6 -10 22 25 27 -18 -1 -7 -9 -17 24 -19 -2 -16 -24 29 -29 -3
right_child=3 16 5 4 9 19 -8 20 13 10 -12 -13 -14 -15 15 21 17 23 -20 -21 -22 -23 26 -25 -26 -27 -28 28 -30 -31
leaf_value=-1.5498601554169839e-05 -7.1164273763591932e-06 -1.5362041185220561e-05 -4.6543158847209407e-07 5.3327442794179853e-06 1.0721392560222279e-05 -5.3524592375471996e-06 3.697411664707449e-06 2.3584746754750087e-05 -5.068542294141558e-06 -7.7419295119874059e-07 4.2943419380538527e-06 2.4028285656480669e-06 2.8961948277178917e-08 -1.7864773640823666e-06 -5.2734215004355118e-07 1.5398843082664521e-06 1.5795949501032874e-06 -1.1557769388726203e-05 3.6733111344455253e-06 -1.8606926241979886e-06 7.3875190294687018e-06 -7.8492020047220154e-06 1.3362233899391313e-06 -2.5262887513438019e-05 6.6591872014431001e-06 -4.0980182711694484e-06 -9.8819910735156479e-06 -4.7752084945572834e-06 4.5349367106560702e-06 -3.8796488183834297e-06
leaf_weight=104 307 42 9509 1225 142 600 831 20 1277 4173 461 6304 113 1372 681 1905 27 69 21 1925 520 55 191 36 21 475 33 738 37 20
leaf_count=104 307 42 9509 1225 142 600 831 20 1277 4173 461 6304 113 1372 681 1905 27 69 21 1925 520 55 191 36 21 475 33 738 37 20
internal_value=4.42721e-15 -1.46606e-06 -1.18964e-06 1.46447e-06 2.02716e-06 -6.33233e-07 -1.30874e-07 3.22137e-06 -3.77011e-06 5.61863e-08 -2.69965e-07 2.87954e-06 5.98318e-06 -3.36866e-06 -5.23362e-07 6.29316e-08 -5.92715e-06 -1.26083e-05 -1.22777e-05 -2.69042e-06 7.98742e-06 1.27642e-06 -3.83295e-06 -1.62567e-05 -6.23445e-06 -1.99453e-06 -3.1646e-07 -4.87349e-06 -4.33072e-06 -1.1658e-05
internal_weight=33234 16608 15639 16626 12958 12865 10340 8069 2774 4889 4634 7529 255 2649 3668 3116 969 132 125 2525 540 1960 552 105 328 1156 224 837 775 62
internal_count=33234 16608 15639 16626 12958 12865 10340 8069 2774 4889 4634 7529 255 2649 3668 3116 969 132 125 2525 540 1960 552 105 328 1156 224 837 775 62
is_linear=0
shrinkage=0.05


Tree=71
num_leaves=28
num_cat=0
split_feature=0 0 2 2 2 2 2 0 1 0 2 2 2 2 5 4 2 3 5 3 7 4 10 3 7 0 1
split_gain=2.61952e-05 1.00603e-05 6.56512e-06 7.97884e-06 5.37769e-06 5.0155e-06 5.54624e-06 3.96065e-06 3.28094e-06 3.15605e-06 3.16563e-06 4.41682e-06 3.05935e-06 2.26049e-06 2.2724e-06 2.18043e-06 2.07756e-06 2.04642e-06 2.04301e-06 1.97424e-06 1.79718e-06 1.96736e-06 1.61162e-06 1.32544e-06 1.30801e-06 9.33577e-07 8.53542e-07
threshold=-0.49124372113921733 0.99478092255470496 -1.5240858570662013 1.013788076776184 -0.44724988103169161 -1.8031358028965385 1.0824267418355495 -2.2593235276336157 -1.9894004985221889 2.2561347275526447 -1.3295028514770735 0.36116860699905923 -0.43512985083300942 -2.6886634606268021 0.48652670830564976 1.3569892788618814 2.4489747911018247 -0.13417998554062849 -0.38359567438571257 -0.19298722806588223 -0.99682163354379127 1.165373537419282 1.0057787557420899 1.1315400747888908 -0.43947691584635035 0.04447237724377183 -0.23975115350707774
decision_type=2 2 2 2 2 2 2 2 2 2 2 2 2 2 2 2 2 2 2 2 2 2 2 2 2 2 2
left_child=5 2 13 4 -4 20 7 19 -5 10 17 -12 -9 25 -15 23 18 -3 -8 -7 26 22 -22 -11 -18 -2 -1
right_child=1 9 3 8 -6 6 16 12 -10 15 11 -13 -14 14 -16 -17 24 -19 -20 -21 21 -23 -24 -25 -26 -27 -28
leaf_value=-9.6730392320191298e-06 -2.0175382936334551e-05 -5.1002448339718485e-06 -2.8619472470872192e-07 8.7316885826663228e-06 1.8115349573442103e-06 -1.1402260158674568e-05 -7.0786209294561157e-06 -2.4805353926799814e-06 -2.1617756962511535e-06 7.1546925879679661e-06 4.2065583875973696e-06 9.8910411256910309e-07 -4.7965815748262527e-07 -4.3397282147939648e-06 7.8150893813244692e-07 -6.782820872348776e-06 -3.135581459159569e-06 1.5129169495421967e-06 -2.9344808651191373e-06 -3.5198662744405416e-06 -9.097307794810482e-06 6.4573600159039626e-06 3.0228490510536733e-06 1.6914538889231596e-05 -1.7543042573379353e-05 -7.8658173664692637e-06 -2.2149117115798715e-05
leaf_weight=26 24 207 4595 71 9117 136 450 2959 2611 322 2682 1771 5391 719 310 26 23 269 877 191 238 27 31 39 50 43 29
leaf_count=26 24 207 4595 71 9117 136 450 2959 2611 322 2682 1771 5391 719 310 26 23 269 877 191 238 27 31 39 50 43 29
internal_value=6.32871e-16 9.49218e-07 3.70258e-07 6.2073e-07 1.10857e-06 -2.07594e-06 -1.87128e-06 -1.40011e-06 -1.8734e-06 2.85403e-06 2.51266e-06 2.92695e-06 -1.18871e-06 -3.37631e-06 -2.79689e-06 7.20187e-06 -4.79156e-06 -1.36297e-06 -4.3398e-06 -6.79817e-06 -7.95136e-06 -6.40913e-06 -7.70056e-06 8.20908e-06 -1.30037e-05 -1.22752e-05 -1.62513e-05
internal_weight=33234 22806 17490 16394 13712 10428 10077 8677 2682 5316 4929 4453 8350 1096 1029 387 1400 476 1327 327 351 296 269 361 73 67 55
internal_count=33234 22806 17490 16394 13712 10428 10077 8677 2682 5316 4929 4453 8350 1096 1029 387 1400 476 1327 327 351 296 269 361 73 67 55
is_linear=0
shrinkage=0.05


Tree=72
num_leaves=29
num_cat=0
split_feature=0 0 2 2 1 2 2 1 1 0 2 2 4 1 2 2 1 4 3 8 1 2 8 3 3 3 3 1
split_gain=2.37966e-05 9.25614e-06 6.57363e-06 8.36226e-06 5.53692e-06 4.49202e-06 4.59433e-06 4.27212e-06 4.39002e-06 3.1165e-06 3.06503e-06 3.49125e-06 2.83429e-06 2.78456e-06 2.54864e-06 2.24504e-06 2.06237e-06 1.99902e-06 1.9667e-06 1.76248e-06 1.5011e-06 1.45502e-06 1.60986e-06 1.1177e-06 2.38475e-06 1.08604e-06 1.05153e-06 3.45603e-07
threshold=0.43379246302491942 -1.1220006452861657 -1.0838160176996881 0.79773943259412861 -1.6296934542296362 1.7146846702434249 -0.8423170168105375 -1.9894004985221889 1.5762656664502994 -2.703869839355066 0.79773943259412861 -0.45767320284225288 -1.0240456906435529 1.6161076697008856 -2.6886634606268021 -2.4195820939365831 0.95796670070766743 -0.51118413562121334 1.1889811437674824 -0.71072099156999413 -0.89443768001283008 2.6410152510235889 -0.078796071417743155 -1.0235045344111031 -1.2542810787469063 -0.34572638136804545 -0.52255417442116747 -0.12513765734691404
decision_type=2 2 2 2 2 2 2 2 2 2 2 2 2 2 2 2 2 2 2 2 2 2 2 2 2 2 2 2
left_child=1 9 15 4 -4 6 14 12 -9 20 11 -11 -8 -5 27 19 -17 -16 -12 -3 -1 23 -23 24 -7 -22 -25 -2
right_child=5 2 3 13 -6 21 7 8 -10 10 18 -13 -14 -15 17 16 -18 -19 -20 -21 25 22 -24 26 -26 -27 -28 -29
leaf_value=1.9082286039170309e-07 -1.5047675298354499e-05 2.0928848230409236e-07 5.377168200155742e-06 -2.41100346099747e-06 3.60755809993476e-07 -2.5555379559828793e-06 2.4115818826733934e-05 2.1819048431506208e-06 7.0502824315105597e-06 -4.0471032784308145e-06 -4.541757178637492e-06 -7.4999668510961184e-07 7.4006492447673875e-06 3.593672319284986e-06 2.6073335866698079e-06 -3.1429956078847429e-06 9.5552320899302216e-07 -6.4654395911907291e-07 -1.1953647736116201e-05 -1.319460723152588e-05 -1.9986116223280032e-05 -2.1517781407878613e-05 -3.2041704344010217e-06 -8.5182288362567543e-06 1.7459463066415992e-05 -9.4325516182139196e-06 -1.7029454446844699e-06 -6.727140247638393e-06
leaf_weight=26 26 34 579 3604 11011 46 30 7625 493 1345 786 1992 164 204 684 1958 364 1523 101 88 38 21 28 71 22 68 279 24
leaf_count=26 26 34 579 3604 11011 46 30 7625 493 1345 786 1992 164 204 684 1958 364 1523 101 88 38 21 28 71 22 68 279 24
internal_value=1.53489e-15 -9.43377e-07 -4.3889e-07 -5.65323e-08 6.1136e-07 1.89752e-06 2.10957e-06 2.65279e-06 2.47756e-06 -3.00974e-06 -2.77332e-06 -2.07892e-06 9.98547e-06 -2.08932e-06 1.09011e-07 -2.84787e-06 -2.50051e-06 3.61907e-07 -5.38573e-06 -9.4591e-06 -1.05752e-05 -2.9014e-06 -1.10529e-05 -1.94584e-06 3.9199e-06 -1.32159e-05 -3.08547e-06 -1.10538e-05
internal_weight=33234 22198 17842 15398 11590 11036 10569 8312 8118 4356 4224 3337 194 3808 2257 2444 2322 2207 887 122 132 467 49 418 68 106 350 50
internal_count=33234 22198 17842 15398 11590 11036 10569 8312 8118 4356 4224 3337 194 3808 2257 2444 2322 2207 887 122 132 467 49 418 68 106 350 50
is_linear=0
shrinkage=0.05


Tree=73
num_leaves=31
num_cat=0
split_feature=0 1 9 9 1 1 9 1 9 1 1 1 0 9 9 0 9 9 9 1 0 7 0 1 1 8 8 1 1 5
split_gain=2.19953e-05 7.53936e-06 7.02068e-05 1.25891e-05 7.75129e-05 5.94493e-06 5.55797e-06 4.76884e-05 6.77682e-06 5.99757e-05 1.03346e-05 6.93866e-06 5.27684e-06 4.47659e-06 3.89949e-06 3.87543e-06 3.86943e-06 7.86883e-06 3.58022e-06 3.35935e-06 2.75557e-06 2.59359e-06 2.4481e-06 2.5118e-06 2.41855e-06 2.30348e-06 2.3519e-06 2.27568e-06 3.19672e-06 1.56836e-06
threshold=-0.26197830201522682 1.2600451570285507 0.39188526061338996 -0.90523387660112575 -0.82404083512282644 -0.3872314535328954 1.1846356823716346 0.52908287954272981 -0.62068838400589843 -0.67682274368452855 -1.3768329378639559 -0.85179590740373645 0.50905676736307359 -0.0085227696899278452 1.7404847359607911 -2.703869839355066 1.2222422687351544 0.6426978604343051 1.1458596719882022 -0.50407282848781176 1.4839753534942297 0.81257165328588743 -0.60473176558684527 0.22768876093972765 0.39002206889779828 0.026658222072070685 0.066383735890046383 1.2812290912413775 0.66474830870518276 0.30677263368352775
decision_type=2 2 2 2 2 2 2 2 2 2 2 2 2 2 2 2 2 2 2 2 2 2 2 2 2 2 2 2 2 2
left_child=6 3 25 4 21 -6 8 22 9 10 -1 13 14 -10 -5 -13 17 -4 -14 -11 -18 -2 24 -24 -8 -3 -27 28 -9 -29
right_child=1 2 16 12 5 -7 7 27 11 19 -12 15 18 -15 -16 -17 20 -19 -20 -21 -22 -23 23 -25 -26 26 -28 29 -30 -31
leaf_value=1.9174012767442556e-05 1.6070696104774781e-05 -4.8522701044137808e-06 1.107404237336776e-05 -1.1370688402221066e-06 4.0426169225077652e-06 -1.9405331994752979e-06 -7.0033807690267668e-06 7.2420651928938514e-06 -2.2285066845925669e-06 2.3274404104707108e-06 7.512528948340426e-06 -1.4381215475175793e-05 5.5396926360683706e-07 -7.7570776442537758e-06 4.3106313896846526e-06 -1.9194173962685918e-06 9.0700163654293326e-06 2.4082667906608348e-05 3.5913319465356034e-06 -4.3306124059384512e-06 2.6108016983791324e-05 2.3375303666589869e-05 -2.7847718492811267e-06 1.0366012490218661e-05 4.707732404448449e-06 1.5739457367523022e-05 -1.2543629978693221e-06 5.4790798038503943e-06 1.9124416367355756e-05 1.5201501186100465e-05
leaf_weight=280 606 671 189 6864 524 1999 711 73 577 205 591 63 6324 1002 345 6418 196 302 1146 2498 27 152 268 42 47 21 668 104 252 69
leaf_count=280 606 671 189 6864 524 1999 711 73 577 205 591 63 6324 1002 345 6418 196 302 1146 2498 27 152 268 42 47 21 668 104 252 69
internal_value=1.02476e-15 1.04411e-06 3.89843e-06 7.14498e-07 3.51451e-06 -6.97897e-07 -1.58468e-06 1.21179e-06 -1.9611e-06 -1.48885e-07 1.12613e-05 -2.76467e-06 8.86501e-08 -5.73682e-06 -8.76359e-07 -2.04056e-06 1.65947e-05 1.90753e-05 1.01994e-06 -3.82565e-06 1.11329e-05 1.75355e-05 -4.74634e-06 -1.00305e-06 -6.27723e-06 -2.7671e-06 -7.36409e-07 1.39895e-05 1.64555e-05 9.35681e-06
internal_weight=33234 20034 2074 17960 3281 2523 13200 1566 11634 3574 871 8060 14679 1579 7209 6481 714 491 7470 2703 223 758 1068 310 758 1360 689 498 325 173
internal_count=33234 20034 2074 17960 3281 2523 13200 1566 11634 3574 871 8060 14679 1579 7209 6481 714 491 7470 2703 223 758 1068 310 758 1360 689 498 325 173
is_linear=0
shrinkage=0.05


Tree=74
num_leaves=29
num_cat=0
split_feature=0 0 2 2 2 2 2 0 1 0 2 2 1 2 8 10 1 2 6 6 10 10 7 4 5 1 1 6
split_gain=2.00432e-05 8.02432e-06 5.8018e-06 7.27634e-06 6.10299e-06 4.44707e-06 4.68977e-06 3.86891e-06 2.89614e-06 2.83823e-06 2.8834e-06 3.75364e-06 2.85093e-06 2.74976e-06 2.73808e-06 2.57208e-06 2.21266e-06 2.09818e-06 1.6972e-06 2.96594e-06 1.66759e-06 1.87655e-06 1.58317e-06 1.77844e-06 1.56317e-06 1.25363e-06 7.70825e-07 7.22889e-07
threshold=-0.49124372113921733 0.99478092255470496 1.5287535092841693 -0.57203917282325201 0.47657857544853538 1.8214200012009567 -1.8031358028965385 -1.8526804930037224 1.6161076697008856 2.424259361208724 1.3544134634536154 -0.62059865384217172 0.63870850844426108 -2.6886634606268021 -0.98817893067921336 0.5927085789716583 -1.4002953833231657 2.6410152510235889 0.59214788201014934 0.9177295939405431 0.82335395199400974 0.49115027282690221 -0.99682163354379127 1.165373537419282 -1.2365548401297417 -0.093484178535485643 -0.23975115350707774 0.36972054244778912
decision_type=2 2 2 2 2 2 2 2 2 2 2 2 2 2 2 2 2 2 2 2 2 2 2 2 2 2 2 2
left_child=5 2 3 13 -5 6 22 14 20 10 11 -3 -12 -2 -8 -9 27 -18 24 -20 21 -7 26 -24 -11 -22 -1 -4
right_child=1 9 16 4 -6 8 7 15 -10 18 12 -13 -14 -15 -16 -17 17 -19 19 -21 25 -23 23 -25 -26 -27 -28 -29
leaf_value=-8.829775686955636e-06 -1.1124147174914878e-05 4.1756197711242034e-07 1.248343392540442e-06 2.1506515737964104e-06 -2.1429589435742065e-07 -8.4517811479184722e-06 -1.016067789578301e-05 -5.4069667028959226e-07 1.0534362329715145e-05 -1.8543704034830928e-06 -3.9327075186499563e-06 3.5556613145554496e-06 5.2388903893922378e-06 -9.25007597909781e-07 -3.1771749570452811e-06 -2.4578885903193637e-06 -3.2282766932248573e-06 -1.2322953281294331e-05 -1.3270790904584829e-05 8.5803252649053647e-06 4.2018336238297271e-06 -2.1128752733244312e-05 -7.0714312510819391e-06 6.3895850433726562e-06 1.179742759490982e-05 -8.5134534426995545e-06 -2.0685921700878055e-05 1.1480850227079439e-05
leaf_weight=26 67 1345 45 7047 4451 253 170 6293 22 24 330 3269 114 4843 805 2423 941 68 24 44 42 33 269 27 166 36 29 28
leaf_count=26 67 1345 45 7047 4451 253 170 6293 22 24 330 3269 114 4843 805 2423 941 68 24 44 42 33 269 27 166 36 29 28
internal_value=-1.08794e-15 8.30307e-07 3.13239e-07 5.47092e-07 1.23515e-06 -1.81588e-06 -1.61344e-06 -1.4078e-06 -7.08239e-06 2.53149e-06 2.27056e-06 2.64089e-06 -1.57784e-06 -1.06418e-06 -4.39481e-06 -1.07367e-06 -3.23302e-06 -3.8412e-06 7.64691e-06 8.68167e-07 -8.14713e-06 -9.91451e-06 -7.29106e-06 -5.84357e-06 1.0073e-05 -1.66676e-06 -1.50812e-05 5.17314e-06
internal_weight=33234 22806 17490 16408 11498 10428 10042 9691 386 5316 5058 4614 444 4910 975 8716 1082 1009 258 68 364 286 351 296 190 78 55 73
internal_count=33234 22806 17490 16408 11498 10428 10042 9691 386 5316 5058 4614 444 4910 975 8716 1082 1009 258 68 364 286 351 296 190 78 55 73
is_linear=0
shrinkage=0.05


Tree=75
num_leaves=31
num_cat=0
split_feature=0 2 2 1 9 9 9 1 1 9 2 2 1 0 1 9 9 6 3 1 9 9 3 1 9 0 9 8 1 3
split_gain=1.82708e-05 6.72122e-06 7.36059e-06 6.23067e-06 5.26395e-05 1.28692e-05 5.21911e-06 3.7685e-05 9.12632e-06 3.91958e-05 4.23012e-06 5.47823e-06 3.39761e-06 3.31698e-06 2.60407e-06 1.18113e-05 2.47339e-06 2.46172e-06 2.4256e-06 2.29607e-06 5.80568e-06 2.28427e-06 2.19432e-06 2.15702e-06 5.12438e-06 1.83001e-06 1.78624e-06 1.74563e-06 1.42784e-06 9.87501e-07
threshold=0.15012681065801303 -1.6653548660123814 1.558679121802121 1.1026668890579543 0.57131886599964077 -0.66836475758614466 1.1458596719882022 0.62647607747695966 -1.4625905176705354 -0.43052990001950614 1.2821471492496646 -0.57203917282325201 1.2600451570285507 1.4839753534942297 0.41124549092044344 1.7907879758178984 1.4543769425306716 0.5448212984144688 -1.3474596616948562 -0.50407282848781176 -1.0913872154896833 0.54716566044167403 0.5140370685274539 -0.78176496844264287 -0.6806897370892967 2.1495085436341319 1.5396655012766909 1.418316351140225 -0.92249875171851103 -0.34572638136804545
decision_type=2 2 2 2 2 2 2 2 2 2 2 2 2 2 2 2 2 2 2 2 2 2 2 2 2 2 2 2 2 2
left_child=1 23 3 5 -5 -3 8 14 9 18 11 -10 22 -14 16 -16 -8 -12 -2 20 -4 -21 -9 24 29 -11 27 -25 -26 -1
right_child=6 2 19 4 -6 -7 7 12 10 25 17 -13 13 -15 15 -17 -18 -19 -20 21 -22 -23 -24 26 28 -27 -28 -29 -30 -31
leaf_value=2.1745141075371067e-05 3.2404410692675889e-06 1.6148842498821064e-06 1.4173385234779049e-05 -2.9479612518495094e-06 1.3799768132640966e-05 -1.8187521474784233e-06 1.213223165196565e-06 2.1942253265035284e-05 -7.7596454489716786e-07 -3.148274911530934e-06 -8.1308233546991299e-07 1.6743475860473153e-06 7.543282572172141e-06 2.5431323933110934e-05 -4.5603474444533277e-06 2.8715879220726496e-05 -3.2916817943024911e-06 -5.9085162865194652e-06 2.0040853166786203e-05 -8.0811899949968584e-06 -4.110445997615795e-06 -2.0320624242809901e-06 1.2716217690196688e-05 -6.5696468909242411e-06 -7.8860797841649589e-06 9.9719968160018523e-06 3.2403755963165421e-06 -1.6782477866096695e-05 4.6939933921765132e-06 7.4018693703692419e-06
leaf_weight=20 23 3656 51 1635 658 10761 572 205 3310 523 835 7338 158 31 80 40 652 331 326 537 292 220 94 596 116 28 43 45 28 30
leaf_count=20 23 3656 51 1635 658 10761 572 205 3310 523 835 7338 158 31 80 40 652 331 326 537 292 220 94 596 116 28 43 45 28 30
internal_value=7.09329e-15 -1.0343e-06 -8.23768e-07 -5.62971e-07 1.85797e-06 -9.48018e-07 1.32882e-06 3.82385e-06 9.69309e-07 5.8228e-06 5.99566e-07 9.12652e-07 1.57248e-05 1.04773e-05 -4.97326e-07 6.53173e-06 -1.18645e-06 -2.25956e-06 1.89337e-05 -4.78551e-06 -1.39186e-06 -6.32319e-06 1.90418e-05 -5.30499e-06 -6.51518e-07 -2.48155e-06 -6.62483e-06 -7.28662e-06 -5.43995e-06 1.31392e-05
internal_weight=33234 18688 17810 16710 2293 14417 14546 1832 12714 900 11814 10648 488 189 1344 120 1224 1166 349 1100 343 757 299 878 194 551 684 641 144 50
internal_count=33234 18688 17810 16710 2293 14417 14546 1832 12714 900 11814 10648 488 189 1344 120 1224 1166 349 1100 343 757 299 878 194 551 684 641 144 50
is_linear=0
shrinkage=0.05


Tree=76
num_leaves=29
num_cat=0
split_feature=0 0 9 9 2 9 9 2 2 7 2 2 0 7 4 2 2 2 2 2 7 0 7 7 8 9 8 8
split_gain=1.70356e-05 6.98981e-06 5.5795e-06 7.29836e-06 5.43568e-06 4.1942e-06 4.54486e-06 3.1997e-06 3.09452e-06 3.06523e-06 2.95126e-06 3.85053e-06 2.82906e-06 2.75824e-06 2.64953e-06 2.64518e-06 2.53283e-06 2.49605e-06 3.37776e-06 2.36254e-06 2.2698e-06 2.74506e-06 2.1306e-06 2.27068e-06 2.04935e-06 2.03118e-06 1.48409e-06 9.31018e-07
threshold=-0.49124372113921733 1.2541350789664103 -1.415534399252149 0.83593026837957085 -2.4195820939365831 -1.1095231504743539 0.70289330561619068 -1.913025619337579 2.2824319959938197 2.082323960968131 -0.3229274092709325 0.98395652181063709 -0.99781066589855061 1.5185651290460083 0.3842307039826251 1.7146846702434249 1.1444920388340865 -0.62059865384217172 -0.33425172816841808 1.7146846702434249 -0.38591140131173524 1.453390791466189 1.2163285066570835 -1.8916034836938127 -0.54973812124239851 -1.0913872154896833 0.23635403614611447 0.43992705171554508
decision_type=2 2 2 2 2 2 2 2 2 2 2 2 2 2 2 2 2 2 2 2 2 2 2 2 2 2 2 2
left_child=5 2 10 4 -4 9 8 27 12 22 13 -12 -7 -2 -10 17 -9 25 -19 -5 26 -22 23 -1 -24 -3 -17 -8
right_child=1 15 3 19 -6 6 7 16 14 -11 11 -13 -14 -15 -16 20 -18 18 -20 -21 21 -23 24 -25 -26 -27 -28 -29
leaf_value=1.2402650227508834e-05 -3.8395923864422297e-07 6.6214083130604983e-06 -1.135634474666501e-05 2.3288011961579803e-06 -2.9679245992154021e-07 -3.6876966515366294e-06 -1.62643159222707e-05 6.0339395905004971e-07 -5.0536660045361002e-06 -1.4479836318059825e-05 6.9568945231959585e-06 -3.5086532851427119e-07 -1.5874762507335272e-06 1.4509755245936421e-05 -2.4414367368687334e-05 -1.5686428549896747e-05 -4.4286406720661444e-06 8.7927049720911928e-06 3.2460714016069894e-06 -3.9337404407476941e-06 -1.1259278763363597e-05 7.2399858946972436e-06 -2.7473388396897346e-06 1.4910619903793831e-07 1.072847633479921e-05 -3.1895150336388915e-08 4.1099675789675013e-07 -2.9956319531265763e-06
leaf_weight=39 536 134 112 3693 13845 3268 39 2149 43 32 690 244 3148 33 30 45 283 316 2089 157 29 65 39 1236 102 797 21 20
leaf_count=39 536 134 112 3693 13845 3268 39 2149 43 32 690 244 3148 33 30 45 283 316 2089 157 29 65 39 1236 102 797 21 20
internal_value=2.39441e-15 7.6548e-07 3.93026e-07 1.46103e-07 -3.85541e-07 -1.6741e-06 -2.07676e-06 -2.61274e-07 -2.77369e-06 8.23068e-07 3.31847e-06 5.0478e-06 -2.65723e-06 4.79824e-07 -1.30101e-05 2.82271e-06 1.78406e-08 3.12392e-06 3.97486e-06 2.07342e-06 -3.45736e-06 1.53277e-06 1.1689e-06 5.2392e-07 7.00112e-06 9.25723e-07 -1.05645e-05 -1.17665e-05
internal_weight=33234 22806 19310 17807 13957 10428 8980 2491 6489 1448 1503 934 6416 569 73 3496 2432 3336 2405 3850 160 94 1416 1275 141 931 66 59
internal_count=33234 22806 19310 17807 13957 10428 8980 2491 6489 1448 1503 934 6416 569 73 3496 2432 3336 2405 3850 160 94 1416 1275 141 931 66 59
is_linear=0
shrinkage=0.05


Tree=77
num_leaves=27
num_cat=0
split_feature=0 2 2 2 1 2 2 1 0 1 0 1 2 2 10 1 2 1 1 10 4 7 0 6 7 4
split_gain=1.54615e-05 7.3342e-06 7.36932e-06 8.0946e-06 4.30204e-06 3.9211e-06 4.63734e-06 3.63062e-06 3.58763e-06 3.69719e-06 3.45572e-06 3.15346e-06 2.85078e-06 2.55422e-06 2.17372e-06 1.97635e-06 1.97326e-06 1.60695e-06 2.67522e-06 2.48825e-06 1.44997e-06 1.39926e-06 1.35612e-06 1.33305e-06 1.11778e-06 9.05956e-07
threshold=0.50905676736307359 -1.4954214039679192 0.56503111599425559 -0.44724988103169161 -1.3768329378639559 0.81159094054362479 -0.57203917282325201 2.0029778935504958 -1.611566490720169 1.6161076697008856 2.6603794549060091 -2.0518769591885624 2.6410152510235889 -2.0796896755126508 0.11975129135318653 -2.1436651223994612 -2.4195820939365831 0.98997545618385929 -0.42855335377756093 -0.56443239645078314 -1.5941976325380047 1.122725278285585 1.9874675217752655 0.35857174569174943 -1.4764308800793382 0.15145509852872777
decision_type=2 2 2 2 2 2 2 2 2 2 2 2 2 2 2 2 2 2 2 2 2 2 2 2 2 2
left_child=1 15 3 4 -3 6 13 -5 24 -10 11 -8 17 23 -12 -1 21 18 -7 -19 -18 -17 -15 -2 -4 -14
right_child=5 2 8 7 -6 12 10 -9 9 -11 14 -13 25 22 -16 16 20 19 -20 -21 -22 -23 -24 -25 -26 -27
leaf_value=1.0182253233400237e-05 -7.3214114358961532e-06 3.2547956741330006e-06 4.3477059425640626e-06 9.3602103733501168e-07 -1.6862636145269538e-06 1.7234320316896459e-06 1.1622185129544059e-05 7.7994327188816949e-06 -1.8291521683882929e-06 3.5733511217653929e-06 2.4712952202615523e-05 2.6990327928737698e-06 -1.9823967649363509e-05 6.2184292472016867e-07 6.0790739894400763e-06 -1.1208044492428549e-05 -1.1057120002240098e-05 1.0066323351497641e-05 -2.3332672159581513e-06 4.4926503949367833e-07 -3.2879861386228034e-06 2.9117975918779853e-06 4.8467736559629085e-06 7.3734664650916011e-07 -6.5017553859891621e-06 -5.2734387077180147e-06
leaf_weight=24 150 479 25 8790 5485 687 101 197 5791 335 29 5032 23 2435 34 143 63 93 995 243 1285 20 206 78 471 20
leaf_count=24 150 479 25 8790 5485 687 101 197 5791 335 29 5032 23 2435 34 143 63 93 995 243 1285 20 206 78 471 20
internal_value=-1.05673e-16 -7.13908e-07 -4.76298e-07 1.3872e-07 -1.28942e-06 1.62917e-06 2.12655e-06 1.08647e-06 -1.86487e-06 -1.53372e-06 3.01746e-06 2.87461e-06 -3.17168e-07 5.13044e-07 1.46566e-05 -4.05329e-06 -4.2794e-06 -4.57203e-08 -6.7634e-07 3.11113e-06 -3.65108e-06 -9.47555e-06 9.51391e-07 -4.56447e-06 -5.95491e-06 -1.30563e-05
internal_weight=33234 23108 21573 14951 5964 10126 8065 8987 6622 6126 5196 5133 2061 2869 63 1535 1511 2018 1682 336 1348 163 2641 228 496 43
internal_count=33234 23108 21573 14951 5964 10126 8065 8987 6622 6126 5196 5133 2061 2869 63 1535 1511 2018 1682 336 1348 163 2641 228 496 43
is_linear=0
shrinkage=0.05


Tree=78
num_leaves=28
num_cat=0
split_feature=0 1 9 9 1 1 9 1 9 9 2 2 2 9 1 1 0 1 3 2 2 5 3 5 3 2 0
split_gain=1.46084e-05 6.79714e-06 6.7637e-05 1.07141e-05 7.61046e-05 5.98671e-06 5.92057e-05 5.96018e-06 4.7869e-06 6.5126e-06 4.71231e-06 4.06526e-06 4.39389e-06 3.93849e-06 3.57587e-05 6.70086e-06 3.02415e-06 2.719e-06 2.6188e-06 2.39248e-06 2.24764e-06 2.19505e-06 1.82994e-06 1.67945e-06 1.42307e-06 1.40934e-06 9.92763e-07
threshold=-0.5343658492569543 1.2600451570285507 0.39188526061338996 -0.90523387660112575 -0.82404083512282644 0.5904749520432222 1.1846356823716346 -0.58213468457944606 1.1655492856491849 0.6426978604343051 -1.3295028514770735 1.8214200012009567 -0.95886925333318784 -1.0008437426567074 -0.66396806646538331 0.44263872605715193 1.4839753534942297 1.6161076697008856 0.92715779613157945 0.20221169786659357 -1.0995214325422928 -1.2365548401297417 1.9154461362021247 1.6395228019667958 -1.0580407024120528 2.4489747911018247 -0.96703100796437669
decision_type=2 2 2 2 2 2 2 2 2 2 2 2 2 2 2 2 2 2 2 2 2 2 2 2 2 2 2
left_child=11 3 19 4 18 10 -7 -6 9 -4 -5 12 22 14 -14 -15 -10 24 -2 20 -3 -21 23 -1 26 -26 -13
right_child=1 2 8 5 7 6 -8 -9 16 -11 -12 17 13 15 -16 -17 -18 -19 -20 21 -22 -23 -24 -25 25 -27 -28
leaf_value=-3.1508729146282109e-06 1.4514441341485883e-05 -5.825603969384193e-06 1.0539379214670978e-05 -3.4867257309394162e-06 5.5068261731468098e-06 -9.9194154267189947e-07 1.8063454550773174e-05 -1.8234977587273789e-06 7.7474090174783548e-06 2.175103170447031e-05 -3.0198136424945118e-07 -6.958412031963236e-06 1.6245370310361833e-05 -2.5460181206254419e-06 -3.1641018036595564e-06 8.2416364248209009e-07 2.4780324144620829e-05 1.1170415018568748e-05 2.1667282624385291e-05 2.5197035040080839e-06 1.6239574812726501e-07 -6.154793236262678e-06 -1.474730850223271e-05 -1.0911983698150996e-05 -4.634710615617099e-06 -1.3664406640467655e-05 -1.9856278536403931e-05
leaf_weight=1544 712 202 210 1280 310 2803 477 2629 257 338 12548 25 315 4375 962 2225 29 20 156 83 699 601 37 73 234 53 37
leaf_count=1544 712 202 210 1280 310 2803 477 2629 257 338 12548 25 315 4375 962 2225 29 20 156 83 699 601 37 73 234 53 37
internal_value=-1.31815e-15 6.82814e-07 3.1921e-06 3.92594e-07 2.79157e-06 -1.41245e-07 1.77922e-06 -1.05031e-06 1.4718e-05 1.74546e-05 -5.9678e-07 -1.60937e-06 -1.41001e-06 -9.1807e-07 1.62367e-06 -1.40986e-06 9.47452e-06 -6.75873e-06 1.58e-05 -2.87265e-06 -1.18009e-06 -5.10219e-06 -3.75283e-06 -3.50125e-06 -7.78618e-06 -6.30222e-06 -1.46555e-05
internal_weight=33234 23334 2419 20915 3807 17108 3280 2939 834 548 13828 9900 9531 7877 1277 6600 286 369 868 1585 901 684 1654 1617 349 287 62
internal_count=33234 23334 2419 20915 3807 17108 3280 2939 834 548 13828 9900 9531 7877 1277 6600 286 369 868 1585 901 684 1654 1617 349 287 62
is_linear=0
shrinkage=0.05


Tree=79
num_leaves=31
num_cat=0
split_feature=0 9 1 1 9 9 0 1 2 9 1 1 9 1 1 1 2 2 5 0 9 0 5 5 0 9 3 0 3 5
split_gain=1.33599e-05 6.27975e-06 5.23326e-05 8.4933e-06 7.65107e-05 8.28026e-06 6.18586e-06 5.26688e-06 5.16985e-06 3.53891e-06 2.94622e-05 4.47525e-06 3.51532e-05 6.68334e-06 3.90745e-06 3.51658e-06 2.96778e-06 2.61047e-06 2.66813e-06 2.55431e-06 2.33601e-06 2.27064e-06 2.18257e-06 1.93309e-06 1.77944e-06 1.54467e-06 1.3195e-06 3.06302e-06 2.00573e-06 1.13876e-06
threshold=0.43379246302491942 1.5396655012766909 0.39002206889779828 -1.2621442677969659 -0.54172463951810179 -1.1608264444825414 -1.4573020282846836 1.1752936235534024 -0.784841410919208 -1.2381620679040581 -0.40690317145301774 0.91009738345444735 0.43401048845271856 1.1952657576559973 1.1752936235534024 0.54275231337548402 1.7146846702434249 -1.3295028514770735 -0.12958046473713045 2.2561347275526447 -1.3607468673494776 -2.703869839355066 1.1513356114333229 -0.85731507230972415 1.3221890011667885 -2.6770238423574866 -0.46322164727914256 1.1717000559694857 -0.27388357128340141 1.4207822753450532
decision_type=2 2 2 2 2 2 2 2 2 2 2 2 2 2 2 2 2 2 2 2 2 2 2 2 2 2 2 2 2 2
left_child=1 3 17 4 5 -1 21 15 -8 10 26 16 14 -14 -13 -4 19 -3 -19 -11 25 -5 -6 -9 -22 -12 27 -2 -28 -18
right_child=9 2 7 6 22 -7 8 23 -10 11 20 12 13 -15 -16 -17 29 18 -20 -21 24 -23 -24 -25 -26 -27 28 -29 -30 -31
leaf_value=9.7490150539732871e-06 2.7751671934726021e-06 -1.3451200835310398e-05 9.4180452288128455e-06 -1.0841614102711599e-05 -5.0546213224478669e-06 2.0986919893157489e-05 -2.6510266434659078e-06 -2.8173888495075519e-06 -4.9301930616352905e-07 6.427409524251844e-07 -1.6289377691421015e-05 2.2005498534663965e-06 6.0421126042948332e-06 1.6483909271055362e-05 -3.9915500841407352e-06 2.2992122236420062e-05 -3.1538825145235429e-06 -6.3557268643105805e-07 -6.4825108387153938e-06 5.5407816547272702e-06 5.4734579754695399e-07 -3.4823791123334518e-06 9.8961451299442572e-07 1.1532732218117401e-05 1.3158828701875791e-05 -2.4943165826602222e-06 2.905772642759163e-05 2.0450732496778245e-05 1.5585771027542977e-05 -1.4449964934707775e-05
leaf_weight=290 57 77 60 111 1285 377 3511 28 13245 7478 21 383 244 412 761 233 317 360 426 276 93 1881 169 145 40 602 31 43 254 24
leaf_count=290 57 77 60 111 1285 377 3511 28 13245 7478 21 383 244 412 761 233 317 360 426 276 93 1881 169 145 40 602 31 43 254 24
internal_value=7.11878e-15 -7.06853e-07 2.62566e-06 -9.19078e-07 2.07984e-06 1.61009e-05 -1.25835e-06 1.61279e-05 -9.45201e-07 1.42178e-06 4.05849e-06 1.11773e-06 3.37272e-06 1.26001e-05 -1.9185e-06 2.02124e-05 6.16318e-07 -4.66524e-06 -3.80452e-06 8.17084e-07 -1.67513e-06 -3.89246e-06 -4.35209e-06 9.21017e-06 4.34027e-06 -2.95932e-06 1.53173e-05 1.03757e-05 1.70511e-05 -3.94891e-06
internal_weight=33234 22198 1329 20869 2121 667 18748 466 16756 11036 1141 9895 1800 656 1144 293 8095 863 786 7754 756 1992 1454 173 133 623 385 100 285 341
internal_count=33234 22198 1329 20869 2121 667 18748 466 16756 11036 1141 9895 1800 656 1144 293 8095 863 786 7754 756 1992 1454 173 133 623 385 100 285 341
is_linear=0
shrinkage=0.05


Tree=80
num_leaves=28
num_cat=0
split_feature=2 2 1 9 2 9 1 2 2 9 1 9 9 7 9 1 1 9 3 6 7 6 8 7 9 8 2
split_gain=8.37157e-06 1.18451e-05 6.95551e-06 1.54681e-05 6.14319e-06 5.60103e-06 4.17549e-06 4.08833e-06 4.02247e-06 3.92043e-06 2.52933e-06 1.71961e-05 3.46741e-06 2.03413e-06 2.73812e-06 1.04141e-05 2.73215e-06 2.45235e-06 2.22884e-06 2.02151e-06 1.37297e-06 1.5684e-06 1.31566e-06 1.14098e-06 9.93653e-07 6.64225e-07 2.99792e-07
threshold=1.0824267418355495 -0.63073384021149381 2.0029778935504958 0.45520262688282276 0.38447417734309236 0.83593026837957085 -1.2621442677969659 2.4489747911018247 -2.6886634606268021 -1.6404454426534005 -1.5570150676988417 -0.39736481358662473 0.74146939763823505 -0.74866431361637886 -0.76732555116894552 -0.89443768001283008 0.81102927884533027 1.6082357316682778 0.2883960803050159 -1.1210241866840802 0.51928587176628105 -0.21441117594461415 -0.029157454518170971 0.8953969971052308 0.66614972843993459 -0.029157454518170971 1.3286686599804163
decision_type=2 2 2 2 2 2 2 2 2 2 2 2 2 2 2 2 2 2 2 2 2 2 2 2 2 2 2
left_child=1 8 4 22 6 -5 -3 13 23 -6 11 -10 -12 17 15 -15 -16 18 -2 -9 21 -21 -4 24 -1 -22 -19
right_child=7 2 3 5 9 -7 -8 19 10 -11 12 -13 -14 14 16 -17 -18 26 -20 20 25 -23 -24 -25 -26 -27 -28
leaf_value=-3.9644447631016028e-06 -2.300252547529203e-06 4.1743351921432966e-06 -3.1371048267135938e-06 3.0929692755776729e-05 4.8911473479553451e-06 1.1987253223651351e-05 1.1934984306053701e-06 3.0978017067744599e-06 1.4012147523215168e-05 -6.1368574231778167e-07 -1.8826042801474045e-06 -4.6439852543109212e-06 5.7518799648082766e-07 1.3792905739054815e-05 -2.6305974083951313e-06 -1.2929127962919113e-06 1.380539974981767e-06 1.1949821729537939e-05 -7.2426153356961926e-06 -1.4515218052630581e-05 -2.1533214086438029e-05 -3.6652202520205997e-06 3.5639084106537359e-06 -1.9271749400874027e-05 -1.4059161333678181e-05 -1.168203049763344e-05 3.8692581624625672e-06
leaf_weight=68 635 1312 147 64 340 100 11236 35 196 6638 6169 334 1870 143 1999 572 539 22 356 49 28 104 146 26 38 44 24
leaf_count=68 635 1312 147 64 340 100 11236 35 196 6638 6169 334 1870 143 1999 572 539 22 356 49 28 104 146 26 38 44 24
internal_value=2.82466e-15 3.16059e-07 9.8652e-07 7.08403e-06 8.43809e-07 1.93794e-05 1.50517e-06 -1.99249e-06 -1.22374e-06 -3.45465e-07 -1.09031e-06 2.25526e-06 -1.31088e-06 -1.62352e-06 -1.0088e-06 1.72425e-06 -1.77874e-06 -3.55185e-06 -4.07571e-06 -8.08056e-06 -9.81941e-06 -7.14006e-06 2.01967e-07 -9.88557e-06 -7.58331e-06 -1.5513e-05 7.73388e-06
internal_weight=33234 28684 19983 457 19526 164 12548 4550 8701 6978 8569 530 8039 4290 3253 715 2538 1037 991 260 225 153 293 132 106 72 46
internal_count=33234 28684 19983 457 19526 164 12548 4550 8701 6978 8569 530 8039 4290 3253 715 2538 1037 991 260 225 153 293 132 106 72 46
is_linear=0
shrinkage=0.05


Tree=81
num_leaves=31
num_cat=0
split_feature=0 1 9 9 1 9 1 9 1 1 9 9 1 9 1 1 9 1 9 1 1 2 1 9 9 2 2 10 5 8
split_gain=1.23674e-05 5.80806e-06 4.80429e-05 9.21942e-06 6.21291e-05 5.90064e-06 5.52323e-05 5.70761e-06 4.95091e-06 4.63313e-06 4.26253e-06 3.28677e-06 3.61075e-05 8.98523e-06 7.60435e-06 5.16343e-06 2.80955e-05 1.01196e-05 6.67522e-06 1.44342e-05 4.13908e-06 3.44568e-06 3.35915e-06 2.78482e-06 2.48389e-06 2.24956e-06 1.61232e-06 2.20124e-06 1.55936e-06 1.48296e-06
threshold=-0.49124372113921733 1.3743896391800379 0.38140675265520313 -0.90523387660112575 -0.82404083512282644 1.1846356823716346 0.55527969221783746 1.1655492856491849 -0.58213468457944606 -1.9894004985221889 0.57131886599964077 -1.1095231504743539 -0.46984431920542086 -1.7994223077574707 -0.65289728575712747 0.50697740150428428 0.54716566044167403 1.236805545213794 -0.03861304649395899 -1.3768329378639559 -0.71557323389866279 2.2824319959938197 0.86599175937306294 -2.2314982388147553 -1.7123411050789603 -0.17721526931397022 0.65757958900946722 -1.0187689717692685 1.9796494225991317 0.026658222072070685
decision_type=2 2 2 2 2 2 2 2 2 2 2 2 2 2 2 2 2 2 2 2 2 2 2 2 2 2 2 2 2 2
left_child=11 3 26 4 24 9 -7 10 -6 -5 -4 12 13 20 -15 18 22 -18 19 -13 -1 -20 -17 -14 -2 -9 29 -28 -25 -3
right_child=1 2 7 5 8 6 -8 25 -10 -11 -12 15 23 14 -16 16 17 -19 21 -21 -22 -23 -24 28 -26 -27 27 -29 -30 -31
leaf_value=1.9298195614879584e-05 9.5502016866165079e-06 -3.4542895635476657e-06 9.2017886813742933e-06 5.0012244881319148e-06 5.2165260865235798e-06 -1.8128305819806453e-06 1.6478886197345945e-05 2.1288359878574083e-06 -1.5125377340188622e-06 -6.0706116464262296e-07 2.0375715313789176e-05 1.0049515901312054e-05 -1.2934185818604226e-05 1.1771281452823929e-05 -8.4680598648999102e-06 -8.1307342806503694e-07 3.1256807246565182e-06 1.3798681144921066e-05 -3.7827262815012391e-06 -1.9513971993341725e-06 4.153587212419586e-05 -1.7704319562028561e-05 -5.3045106937651633e-06 -4.0007124058096141e-06 1.596042972814551e-05 1.2026671478814476e-05 4.1279494004865065e-06 -7.147927922602747e-06 9.1856843976964483e-06 5.509509423214701e-07
leaf_weight=93 196 451 116 378 305 1877 529 101 2634 14292 323 282 89 271 56 649 644 339 3613 2247 27 45 1161 889 660 133 51 286 23 474
leaf_count=93 196 451 116 378 305 1877 529 101 2634 14292 323 282 89 271 56 649 644 339 3613 2247 27 45 1161 889 660 133 51 286 23 474
internal_value=-9.84126e-16 6.5222e-07 3.27277e-06 4.09263e-07 2.6384e-06 -8.61447e-08 2.20891e-06 1.40614e-05 -8.14217e-07 -4.62553e-07 1.74232e-05 -1.4264e-06 7.84186e-07 1.25996e-05 8.30522e-06 -1.78286e-06 1.60033e-09 6.8064e-06 -2.58841e-06 -6.13217e-07 2.43017e-05 -3.95399e-06 -3.69405e-06 -4.49201e-06 1.44927e-05 7.75453e-06 -2.4806e-06 -5.44149e-06 -3.66816e-06 -1.40187e-06
internal_weight=33234 22806 1935 20871 3795 17076 2406 673 2939 14670 439 10428 1448 447 327 8980 2793 983 6187 2529 120 3658 1810 1001 856 234 1262 337 912 925
internal_count=33234 22806 1935 20871 3795 17076 2406 673 2939 14670 439 10428 1448 447 327 8980 2793 983 6187 2529 120 3658 1810 1001 856 234 1262 337 912 925
is_linear=0
shrinkage=0.05


Tree=82
num_leaves=28
num_cat=0
split_feature=0 2 2 9 1 1 2 2 9 1 1 1 9 1 8 9 1 1 9 0 0 2 0 0 2 5 7
split_gain=1.1599e-05 5.67623e-06 6.19913e-06 5.51521e-06 4.44773e-05 7.08816e-06 3.11692e-06 3.02449e-06 3.10745e-06 1.91369e-05 5.75319e-06 2.07519e-06 2.94241e-06 2.25879e-06 1.76663e-06 1.60847e-06 9.13874e-06 3.42583e-06 6.76309e-06 2.26661e-06 2.0755e-06 1.10211e-06 9.39762e-07 1.03892e-06 8.29451e-07 1.19734e-06 6.52458e-07
threshold=0.50905676736307359 -1.4954214039679192 1.5950900934523753 1.4543769425306716 0.48553409225413358 -1.2621442677969659 2.2824319959938197 -2.0796896755126508 0.95518223882792097 0.65171483316376821 -0.5372962079224658 1.6161076697008856 0.48028912017528097 1.4808385850038555 0.67476751111679223 -0.95351314764218809 -0.54827922948541075 0.924558226945974 0.78317895512096569 -1.4872338038787307 -1.1382063900205692 -2.4195820939365831 0.80122165501199938 1.2309849971188509 -2.6886634606268021 -0.38359567438571257 0.27169197688721591
decision_type=2 2 2 2 2 2 2 2 2 2 2 2 2 2 2 2 2 2 2 2 2 2 2 2 2 2 2
left_child=1 15 3 5 -5 -3 7 24 10 -10 -9 13 -13 -4 22 16 20 21 -19 -18 -1 -17 -8 -24 26 -26 -2
right_child=6 2 11 4 -6 -7 14 8 9 -11 -12 12 -14 -15 -16 17 19 18 -20 -21 -22 -23 23 -25 25 -27 -28
leaf_value=1.8698329371473351e-06 -5.0347774116811779e-06 2.4577418885704171e-06 -3.9728110625961968e-06 -3.2500623195004307e-06 1.5464906200344185e-05 -7.5172125666544694e-07 -1.9950221721956042e-05 3.2749358801837438e-06 4.0771799201549697e-07 1.2752978888703879e-05 3.7367669412641556e-07 -3.5353580706002912e-06 1.752446459906625e-05 -2.0141600345430726e-05 3.3108877119047976e-06 -1.0249981049695502e-05 -2.1274549436341096e-05 -4.6581953622105203e-06 1.420394222675116e-05 -3.8848784751196991e-06 2.0138754362780571e-05 -4.938187156504398e-06 -2.2277033885505882e-06 -1.5055251501676307e-05 -8.2156674984111722e-06 3.2135405193665807e-07 -1.6949896162259391e-05
leaf_weight=22 27 1915 1189 987 468 16922 20 2437 1201 425 5718 43 27 22 32 109 21 148 70 174 53 938 38 27 63 118 20
leaf_count=22 27 1915 1189 987 468 16922 20 2437 1201 425 5718 43 27 22 32 109 21 148 70 174 53 938 38 27 63 118 20
internal_value=-1.9126e-15 -6.18339e-07 -4.09305e-07 -1.96348e-07 2.7696e-06 -4.25442e-07 1.41108e-06 1.50592e-06 1.63862e-06 3.63449e-06 1.24067e-06 -3.78271e-06 4.58772e-06 -4.26655e-06 -6.70257e-06 -3.55612e-06 -5.27559e-08 -4.30388e-06 1.39845e-06 -5.75761e-06 1.47799e-05 -5.49118e-06 -1.04723e-05 -7.55607e-06 -4.18686e-06 -2.6501e-06 -1.0105e-05
internal_weight=33234 23108 21573 20292 1455 18837 10126 10009 9781 1626 8155 1281 70 1211 117 1535 270 1265 218 195 75 1047 85 65 228 181 47
internal_count=33234 23108 21573 20292 1455 18837 10126 10009 9781 1626 8155 1281 70 1211 117 1535 270 1265 218 195 75 1047 85 65 228 181 47
is_linear=0
shrinkage=0.05


Tree=83
num_leaves=31
num_cat=0
split_feature=0 9 1 9 1 1 9 0 1 0 9 1 1 9 1 9 7 1 7 9 1 9 7 8 9 1 9 5 9 0
split_gain=1.07366e-05 4.1729e-06 2.98289e-05 4.23552e-06 4.67026e-05 5.20197e-06 3.20721e-05 4.11867e-06 4.03308e-06 4.00711e-06 3.78975e-06 2.28751e-05 4.16112e-06 3.39742e-05 3.68813e-06 3.41231e-06 2.89461e-06 2.8164e-06 2.48185e-06 2.41184e-06 2.06592e-06 9.32075e-06 4.67046e-06 2.69482e-06 2.40923e-06 1.67352e-05 2.30736e-06 1.81297e-06 2.09539e-06 1.52951e-06
threshold=-0.088719123596761193 1.4543769425306716 0.39002206889779828 -1.0008437426567074 -0.58213468457944606 1.1026668890579543 0.57131886599964077 -2.1405292219366321 1.2812290912413775 1.2541350789664103 -1.4461994279996053 -0.42855335377756093 1.236805545213794 0.54716566044167403 -0.9822744413062382 -1.5049447700557435 1.3280822721608303 -1.8134675985800912 -2.0380109359649183 1.7404847359607911 1.6161076697008856 0.33935688279766646 -0.13501100787508527 -0.95470546669551826 -0.808506481854804 -0.66396806646538331 1.6449496391063803 0.37955681053004137 2.3960651081693078 -1.0699969547461805
decision_type=2 2 2 2 2 2 2 2 2 2 2 2 2 2 2 2 2 2 2 2 2 2 2 2 2 2 2 2 2 2
left_child=1 3 27 4 15 7 -7 -5 19 10 11 14 17 -14 -2 -1 -13 -12 -6 -4 24 23 -23 -22 25 -11 -26 29 -29 -3
right_child=9 2 8 5 18 6 -8 -9 -10 20 12 16 13 -15 -16 -17 -18 -19 -20 -21 21 22 -24 -25 26 -27 -28 28 -30 -31
leaf_value=1.6125187597783278e-05 8.4674649656335532e-06 -6.8691151308475366e-06 1.1195205121273725e-05 -7.343798202136185e-06 9.2641073786433353e-06 -3.3556801996299255e-06 1.2316288547097356e-05 -1.8169316989512162e-06 5.49532326483761e-06 1.7570269066323898e-05 3.8039840575234194e-06 -2.8303949651403316e-06 -2.5555370773957415e-06 1.3980081770022201e-05 1.8576066463662403e-05 8.9094634305163205e-06 7.8643144310522719e-06 -2.2925774916376415e-07 -3.8218371957557803e-06 2.052912523797321e-05 -1.5176693677158954e-05 3.7643873396778611e-05 1.1521608679355599e-05 2.8557052004606367e-06 1.0068569591988616e-06 -1.4982128443610068e-07 7.3534090788029973e-06 -6.0342988008570007e-06 -2.1523540757092029e-05 -4.2189263990204638e-07
leaf_weight=278 178 128 130 349 37 1162 454 9873 130 184 450 658 961 459 183 399 70 11350 1748 148 26 28 44 102 2477 483 152 242 24 327
leaf_count=278 178 128 130 349 37 1162 454 9873 130 184 450 658 961 459 183 399 70 11350 1748 148 26 28 44 102 2477 483 152 242 24 327
internal_value=-1.60344e-15 -9.65414e-07 1.96103e-06 -1.19646e-06 6.90446e-07 -1.58889e-06 1.04721e-06 -2.00563e-06 1.27649e-05 8.36584e-07 4.65821e-07 3.30095e-06 2.32277e-07 2.78943e-06 1.35918e-05 1.18725e-05 -1.80206e-06 -7.54477e-08 -3.55059e-06 1.61643e-05 2.3541e-06 7.28834e-06 2.16803e-05 -8.07126e-07 2.05469e-06 4.73848e-06 1.37379e-06 -4.15266e-06 -7.43182e-06 -2.23562e-06
internal_weight=33234 15429 1129 14300 2462 11838 1616 10222 408 17805 14309 1089 13220 1420 361 677 728 11800 1785 278 3496 200 72 128 3296 667 2629 721 266 455
internal_count=33234 15429 1129 14300 2462 11838 1616 10222 408 17805 14309 1089 13220 1420 361 677 728 11800 1785 278 3496 200 72 128 3296 667 2629 721 266 455
is_linear=0
shrinkage=0.05


Tree=84
num_leaves=27
num_cat=0
split_feature=0 2 2 0 1 2 2 2 2 2 2 1 8 1 9 1 1 8 7 0 6 0 7 8 4 8
split_gain=9.87191e-06 4.7173e-06 8.47163e-06 4.3394e-06 3.42792e-06 3.07421e-06 3.34432e-06 3.45122e-06 2.98416e-06 2.8613e-06 2.78616e-06 2.62884e-06 2.46071e-06 2.32893e-06 2.18895e-06 2.11383e-06 1.98428e-06 1.81037e-06 1.65913e-06 1.81174e-06 1.64548e-06 1.34924e-06 1.29942e-06 1.26173e-06 1.04555e-06 1.00973e-06
threshold=-0.5343658492569543 0.81159094054362479 -0.63073384021149381 1.5771895603989685 1.3743896391800379 1.8214200012009567 -0.95886925333318784 0.1822544977847663 -0.40048119577602775 2.6410152510235889 -2.6886634606268021 1.6949677592699479 0.32328883026770899 2.635797658635159 0.80891948343391196 1.6161076697008856 1.1220423564153033 1.1677500916631232 0.91090601627476198 -0.67864102698084461 -0.87440375792127623 -0.59183676557947895 0.72477101665390453 1.5616277559473484 -1.1557269056102688 0.11842760382366392
decision_type=2 2 2 2 2 2 2 2 2 2 2 2 2 2 2 2 2 2 2 2 2 2 2 2 2 2
left_child=5 2 10 4 -4 6 18 8 -8 12 22 -9 16 -12 -5 21 -3 -14 19 -1 -11 23 -2 -7 -20 -22
right_child=1 9 3 14 -6 15 7 11 -10 20 13 -13 17 -15 -16 -17 -18 -19 24 -21 25 -23 -24 -25 -26 -27
leaf_value=-3.2501485588263007e-06 -6.0743005578842717e-06 -2.0349367612710209e-06 1.1318927554473975e-06 3.6413234597597884e-06 4.2383749790453492e-06 -5.0431911586800105e-06 -1.2594315647355279e-06 -2.0821970078215644e-06 1.5059771015485956e-06 3.3010212150873577e-06 -5.3477366819301248e-07 3.7619053619475264e-06 1.9389143597104534e-06 1.3205300007440758e-05 9.4249712552903849e-06 1.0007549667534478e-05 1.7791972583944082e-06 -1.4669948979415844e-06 3.6102142000042174e-06 1.6620078737403157e-06 -1.8042433197820173e-05 -1.814716129047156e-05 -2.0418018102645874e-05 -1.7715263466232587e-05 -7.2406744395167969e-06 -6.8078183312536575e-06
leaf_weight=1108 75 2577 10394 810 971 304 1713 3695 2266 21 5985 203 1192 31 205 20 393 580 24 226 40 24 20 21 296 40
leaf_count=1108 75 2577 10394 810 971 304 1713 3695 2266 21 5985 203 1192 31 205 20 393 580 24 226 40 24 20 21 296 40
internal_value=3.08182e-15 5.61309e-07 9.2514e-07 1.67706e-06 1.3973e-06 -1.32299e-06 -1.14962e-06 -7.20441e-07 3.15441e-07 -8.27827e-07 -5.98133e-07 -1.77785e-06 -6.50459e-07 -4.63972e-07 4.80945e-06 -5.8009e-06 -1.53024e-06 8.24113e-07 -3.19356e-06 -2.41795e-06 -9.15533e-06 -6.70683e-06 -9.09403e-06 -5.862e-06 -6.42686e-06 -1.24251e-05
internal_weight=33234 23334 18491 12380 11365 9900 9531 7877 3979 4843 6111 3898 4742 6016 1015 369 2970 1772 1654 1334 101 349 95 325 320 80
internal_count=33234 23334 18491 12380 11365 9900 9531 7877 3979 4843 6111 3898 4742 6016 1015 369 2970 1772 1654 1334 101 349 95 325 320 80
is_linear=0
shrinkage=0.05


Tree=85
num_leaves=31
num_cat=0
split_feature=0 2 2 9 2 2 2 9 0 1 9 10 0 8 9 1 1 9 1 2 2 7 1 2 5 0 7 0 8 7
split_gain=9.10822e-06 4.79098e-06 6.25716e-06 4.57108e-06 3.34609e-06 3.17859e-06 4.16562e-06 3.1393e-06 2.68084e-06 2.53574e-06 2.48922e-06 2.30927e-06 2.26753e-06 2.11093e-06 2.12451e-06 6.41156e-06 2.40458e-06 1.98272e-06 3.78394e-06 1.67138e-06 1.64651e-06 1.5993e-06 2.98056e-06 1.59165e-06 1.69195e-06 1.55032e-06 1.53351e-06 1.39056e-06 1.37869e-06 9.37259e-07
threshold=0.32302688836684867 -1.0838160176996881 0.57661239849942747 2.6708813613713525 -0.4108769593958555 0.74257121256184033 -0.57203917282325201 -1.7123411050789603 2.6603794549060091 -2.0518769591885624 2.0314743024840691 0.29104213915014787 -2.2593235276336157 -0.30757448722886799 -1.1806264924675525 -0.43889951300425251 1.6161076697008856 -1.7994223077574707 -0.37657122582155272 -2.6886634606268021 -1.2806395457818702 0.11259362565191676 -1.3293258329357414 -2.4195820939365831 0.71814783957524564 0.33290597698335589 1.0518293745072003 0.4235762308144661 0.40922384204103168 0.36469123068161124
decision_type=2 2 2 2 2 2 2 2 2 2 2 2 2 2 2 2 2 2 2 2 2 2 2 2 2 2 2 2 2 2
left_child=1 17 4 7 10 6 19 -4 9 -8 -3 -10 -6 21 15 -15 -16 18 28 29 -20 27 -23 26 -25 -21 -19 -7 -1 -2
right_child=5 2 3 -5 12 13 8 -9 11 -11 -12 -13 -14 14 16 -17 -18 23 20 25 -22 22 -24 24 -26 -27 -28 -29 -30 -31
leaf_value=7.3852550555714588e-06 -3.5460046420024921e-06 -1.0150012574325389e-06 3.4985352881154474e-06 1.7180981345887857e-05 -5.1922871395905025e-06 -1.209088204087531e-05 9.7497119349175208e-06 -2.0209559599282586e-06 2.2304649398334263e-05 2.0537401367906517e-06 7.5328806195980658e-06 2.3033183405611154e-06 1.0343764289596831e-06 2.0420109038194019e-05 -4.4105155732800766e-07 6.0293093070499177e-08 8.5762709839324696e-06 -9.9013507125172946e-06 -1.0185384580953e-05 1.0588650258903778e-05 6.9215950340797222e-06 1.3601940939200153e-05 -1.1791117164419896e-06 -3.2110160426568802e-06 -2.2915785467152282e-07 1.5795624602173416e-07 4.6845077165579866e-06 -3.2049461744012442e-06 2.4846721844369315e-05 -1.7186876366395154e-05
leaf_weight=26 34 4049 270 32 149 48 109 5617 31 5931 87 27 7813 53 1417 143 78 127 39 36 22 37 436 2002 624 3404 21 532 20 20
leaf_count=26 34 4049 270 32 149 48 109 5617 31 5931 87 27 7813 53 1417 143 78 127 39 36 22 37 436 2002 624 3404 21 532 20 20
internal_value=-6.47539e-15 -6.35961e-07 -3.33228e-07 -1.66537e-06 3.18528e-07 1.07736e-06 1.50664e-06 -1.76781e-06 2.29536e-06 2.19262e-06 -8.35198e-07 1.29937e-05 9.17851e-07 -4.23232e-07 6.71122e-07 5.56575e-06 2.94174e-08 -2.52917e-06 4.1495e-06 1.30101e-07 -4.01565e-06 -2.18064e-06 -2.28772e-08 -2.78679e-06 -2.50246e-06 2.67115e-07 -7.83174e-06 -3.94033e-06 1.49772e-05 -8.59818e-06
internal_weight=33234 20898 18017 5919 12098 12336 9592 5887 6098 6040 4136 58 7962 2744 1691 196 1495 2881 107 3494 61 1053 473 2774 2626 3440 148 580 46 54
internal_count=33234 20898 18017 5919 12098 12336 9592 5887 6098 6040 4136 58 7962 2744 1691 196 1495 2881 107 3494 61 1053 473 2774 2626 3440 148 580 46 54
is_linear=0
shrinkage=0.05


Tree=86
num_leaves=28
num_cat=0
split_feature=2 2 2 9 9 9 8 2 2 3 9 5 6 7 3 10 4 9 10 6 9 8 7 6 10 7 7
split_gain=6.12993e-06 8.54842e-06 4.76515e-06 3.36759e-06 3.34628e-06 5.77509e-06 4.50553e-06 3.1495e-06 3.00412e-06 2.93119e-06 2.57762e-06 2.53511e-06 2.62195e-06 2.09546e-06 2.89091e-06 2.02384e-06 1.79836e-06 1.79402e-06 1.78163e-06 1.6865e-06 1.62787e-06 1.29963e-06 1.23999e-06 1.4717e-06 1.06435e-06 5.96828e-07 5.47937e-07
threshold=1.0824267418355495 -0.63073384021149381 0.38447417734309236 -1.6404454426534005 -0.66836475758614466 0.86575506480726616 1.0280978895201449 2.4489747911018247 -1.8031358028965385 1.2699671128901378 2.6708813613713525 -0.3514114046569205 2.135185439290189 -0.16521798894535508 0.12732846017610797 1.5688792164188812 1.2873276319837628 -1.7615843708462606 -1.5298970365512867 -1.1210241866840802 -2.1175063481372369 -0.27572783417109764 0.51928587176628105 -0.21441117594461415 1.8619481234320723 1.3787222842456555 0.095207658471061621
decision_type=2 2 2 2 2 2 2 2 2 2 2 2 2 2 2 2 2 2 2 2 2 2 2 2 2 2 2
left_child=1 8 4 20 6 -6 -3 11 15 -5 18 13 21 14 -2 16 -1 -15 -10 -9 -4 -13 23 -21 -17 -24 -14
right_child=7 2 3 9 5 -7 -8 19 10 -11 -12 12 26 17 -16 24 -18 -19 -20 22 -22 -23 25 -25 -26 -27 -28
leaf_value=-3.5374465336531826e-06 -2.1077286248627177e-06 2.0099431831249692e-06 -4.5019449706977946e-07 -1.0643917011356797e-07 2.128557128523813e-07 3.0171943439360798e-06 7.1722664846979423e-06 3.1616855786913743e-06 2.1791932469137869e-06 -3.6740948528350547e-06 1.5047737693189097e-05 -1.6574621441563084e-06 -1.7842564695614704e-05 1.0051825077453309e-05 -8.7029398315042001e-06 -1.8958284211597254e-05 3.3048886297245122e-06 -1.8365528295028811e-06 -9.2777645526337067e-07 -1.3234630203404946e-05 6.9278860827405976e-06 5.8960869036611348e-07 -1.6968772821963499e-05 -2.7244535444354439e-06 -5.7472703349870451e-06 -6.9534209615085276e-06 -6.8051768762829446e-06
leaf_weight=1021 365 2794 109 6168 7060 2481 498 35 494 635 26 1048 23 33 305 30 106 827 6993 49 238 1667 51 104 31 21 22
leaf_count=1021 365 2794 109 6168 7060 2481 498 35 494 635 26 1048 23 33 305 30 106 827 6993 49 238 1667 51 104 31 21 22
internal_value=3.57955e-17 2.70453e-07 8.40023e-07 -1.94378e-07 1.41635e-06 9.42084e-07 2.79088e-06 -1.70499e-06 -1.03764e-06 -4.39448e-07 -6.68199e-07 -1.38114e-06 -4.76172e-07 -3.01362e-06 -5.11003e-06 -3.37401e-06 -2.89389e-06 -1.38037e-06 -7.22775e-07 -7.0485e-06 4.61028e-06 -2.77769e-07 -8.63675e-06 -6.09046e-06 -1.22445e-05 -1.40476e-05 -1.24465e-05
internal_weight=33234 28684 19983 7150 12833 9541 3292 4550 8701 6803 7513 4290 2760 1530 670 1188 1127 860 7487 260 347 2715 225 153 61 72 45
internal_count=33234 28684 19983 7150 12833 9541 3292 4550 8701 6803 7513 4290 2760 1530 670 1188 1127 860 7487 260 347 2715 225 153 61 72 45
is_linear=0
shrinkage=0.05


Tree=87
num_leaves=31
num_cat=0
split_feature=0 1 1 0 0 10 2 10 1 2 1 3 5 8 0 8 3 4 2 2 2 10 4 10 1 0 10 3 0 1
split_gain=8.47587e-06 4.15582e-06 4.10702e-06 3.64775e-06 2.78058e-06 2.55494e-06 2.55177e-06 2.55069e-06 2.23669e-06 2.41922e-06 2.40368e-06 2.22297e-06 2.10156e-06 2.0296e-06 1.90932e-06 1.90844e-06 2.70423e-06 1.87859e-06 1.84359e-06 3.5858e-06 2.48037e-06 2.44322e-06 1.69695e-06 1.82922e-06 1.44747e-06 1.41585e-06 1.40105e-06 1.55513e-06 1.28648e-06 1.20595e-06
threshold=-0.5343658492569543 1.2600451570285507 -1.9894004985221889 1.4265167135626116 -1.8526804930037224 0.91144739852829015 2.6410152510235889 0.78160888398563155 -1.2621442677969659 -1.8550773525167166 1.6949677592699479 1.2699671128901378 -0.49144710850201728 -0.98817893067921336 2.6603794549060091 -1.2298425936740471 -0.29401863449166737 0.65927813004663782 -1.0995214325422928 0.20221169786659357 -0.24326077540384164 0.038457752746341743 1.4085094216920317 0.36625079655123977 1.3743896391800379 -1.6613622337264411 0.46932489604723909 1.3148154462399442 0.22942828541481655 -0.21828777248202028
decision_type=2 2 2 2 2 2 2 2 2 2 2 2 2 2 2 2 2 2 2 2 2 2 2 2 2 2 2 2 2 2
left_child=4 2 5 6 13 7 -4 -2 11 25 -11 12 -6 15 -5 29 -17 -13 26 20 -20 -21 24 -24 -15 -10 27 -3 -7 -1
right_child=1 18 3 14 8 28 -8 -9 9 10 -12 17 -14 22 -16 16 -18 -19 19 21 -22 -23 23 -25 -26 -27 -28 -29 -30 -31
leaf_value=1.0082098978112781e-06 3.9329390907757435e-06 -5.0916603294758211e-06 -1.7525697190768278e-08 1.7468598986343582e-06 5.8592439656124826e-06 2.0607690743190687e-05 -8.9120083806465359e-06 -1.4313803794721026e-05 -1.8956716851334934e-05 -1.26208268024891e-06 2.6058952306283682e-06 -1.0791133404121062e-05 4.2778552375822409e-07 -4.007394507625032e-06 8.4448337059482388e-06 -2.9704416523269504e-05 -7.568070602271316e-06 6.867142240025714e-06 3.0314710243843594e-06 3.2416879634759214e-06 7.8923506243619656e-06 -1.6411776563601428e-06 9.8498988664302422e-06 -6.001472492503776e-06 3.5239705610885208e-06 -5.0370881614465957e-06 3.5593222032905312e-06 9.2865668799883383e-06 7.6101419961831087e-06 -8.9308535534296667e-06
leaf_weight=51 452 180 18044 2127 269 32 81 20 20 7311 425 61 527 720 112 22 37 20 646 531 442 495 52 28 70 211 104 21 47 76
leaf_count=51 452 180 18044 2127 269 32 81 20 20 7311 425 61 527 720 112 22 37 20 646 531 442 495 52 28 70 211 104 21 47 76
internal_value=6.00376e-15 5.20109e-07 2.93178e-07 1.77926e-07 -1.22588e-06 4.5527e-06 -5.72748e-08 3.15977e-06 -9.36327e-07 -1.20014e-06 -1.04958e-06 1.46028e-06 2.26329e-06 -3.65088e-06 2.08191e-06 -8.39162e-06 -1.58223e-05 -6.43107e-06 2.48218e-06 3.00648e-06 5.0062e-06 8.85919e-07 -2.63735e-06 4.30192e-06 -3.34006e-06 -6.24225e-06 -1.15184e-06 -3.58946e-06 1.2875e-05 -4.93958e-06
internal_weight=33234 23334 20915 20364 9900 551 18125 472 8844 7967 7736 877 796 1056 2239 186 59 81 2419 2114 1088 1026 870 80 790 231 305 201 79 127
internal_count=33234 23334 20915 20364 9900 551 18125 472 8844 7967 7736 877 796 1056 2239 186 59 81 2419 2114 1088 1026 870 80 790 231 305 201 79 127
is_linear=0
shrinkage=0.05


Tree=88
num_leaves=31
num_cat=0
split_feature=0 0 1 9 9 9 1 9 9 1 9 1 3 4 3 0 3 10 5 0 1 9 9 3 0 1 2 5 1 9
split_gain=7.77403e-06 4.51054e-06 4.04561e-06 3.70158e-05 1.23626e-05 4.6667e-06 3.28481e-05 3.99102e-06 3.35757e-06 2.37235e-05 3.47059e-06 1.47562e-05 2.83832e-06 2.33275e-06 2.32002e-06 2.19626e-06 2.05399e-06 2.28737e-06 1.8218e-06 1.77677e-06 1.74094e-06 9.48495e-06 3.50597e-06 1.72381e-06 3.07293e-06 1.68824e-06 1.41636e-06 1.30022e-06 1.07489e-06 9.10028e-07
threshold=0.59173462041907354 -1.2603653879112391 -1.6296934542296362 -0.43052990001950614 -0.87800371259436638 1.5396655012766909 0.45185233932202384 -1.415534399252149 -0.90523387660112575 -0.72760309766141151 0.95518223882792097 0.60193436451817306 1.415808675345998 -1.5556878911084835 -1.8563530320461956 1.453390791466189 0.92715779613157945 -0.55277127103738688 1.7187715469759131 -2.703869839355066 0.5904749520432222 0.9390444261975498 -0.53070373067796717 -0.88419316348070998 1.2541350789664103 -0.42855335377756093 -1.9983378001733816 1.8623851232258792 -0.89443768001283008 0.42334966101898902
decision_type=2 2 2 2 2 2 2 2 2 2 2 2 2 2 2 2 2 2 2 2 2 2 2 2 2 2 2 2 2 2
left_child=1 19 3 4 -3 7 -7 -4 9 16 12 26 14 -14 -10 -13 18 -18 -2 28 22 -22 -21 24 -11 -25 -12 -5 -1 -30
right_child=8 2 5 27 -6 6 -8 -9 10 23 11 15 13 -15 -16 -17 17 -19 -20 20 21 -23 -24 25 -26 -27 -28 -29 29 -31
leaf_value=1.2701252217084404e-06 1.370991756225289e-05 8.2756488655477141e-06 1.8829410502383915e-06 -3.4249741556949886e-06 2.7430075833826713e-05 -3.3753834064526121e-06 1.4457592743581874e-05 -7.7144895916987508e-07 -5.1487478300870424e-06 -9.4837805635534264e-06 -9.5579220886321543e-06 8.7668868600532386e-06 -1.6301920264581758e-05 -2.5131523771177209e-06 7.4973228994519646e-07 1.6997420060430491e-05 3.5957359465923914e-05 1.6350422074716406e-05 -1.921710664873899e-06 2.2899775304233418e-07 -2.5122636464756726e-06 1.0359622863537704e-05 -3.9412093227791926e-06 5.8604717139587594e-06 3.2075671009649493e-06 3.3996085694138107e-08 2.6243073358537231e-07 -1.5039442525448976e-05 -1.3327466999277969e-05 -3.4763127405312842e-06
leaf_weight=26 274 205 1546 667 143 753 393 16854 172 116 38 308 33 435 5416 110 21 51 20 730 766 176 1628 144 81 910 1087 25 71 35
leaf_count=26 274 205 1546 667 143 753 393 16854 172 116 38 308 33 435 5416 110 21 51 20 730 766 176 1628 144 81 910 1087 25 71 35
internal_value=4.51105e-15 -4.73701e-07 -1.9393e-07 2.84477e-06 1.61466e-05 -3.55613e-07 2.74011e-06 -5.48422e-07 1.23452e-06 3.3034e-06 7.94283e-07 2.9112e-06 2.54918e-07 -3.48544e-06 5.68176e-07 1.09328e-05 1.45002e-05 2.20691e-05 1.26465e-05 -2.15184e-06 -1.92431e-06 -1.07325e-07 -2.65018e-06 2.76089e-08 -4.26551e-06 8.30023e-07 -6.9279e-08 -3.84457e-06 -7.84014e-06 -1.00747e-05
internal_weight=33234 24018 20586 1040 348 19546 1146 18400 9216 1617 7599 1543 6056 468 5588 418 366 72 294 3432 3300 942 2358 1251 197 1054 1125 692 132 106
internal_count=33234 24018 20586 1040 348 19546 1146 18400 9216 1617 7599 1543 6056 468 5588 418 366 72 294 3432 3300 942 2358 1251 197 1054 1125 692 132 106
is_linear=0
shrinkage=0.05


Tree=89
num_leaves=31
num_cat=0
split_feature=0 1 9 9 9 1 1 9 1 9 10 2 2 5 9 7 8 8 5 0 2 3 3 10 1 7 3 2 2 1
split_gain=7.15504e-06 3.53822e-06 2.36224e-05 7.11995e-06 5.27382e-06 4.52441e-05 4.03702e-06 3.59491e-05 3.8925e-06 3.41601e-06 3.39281e-06 3.29354e-06 3.76614e-06 2.8398e-06 2.87302e-06 2.32732e-06 2.32248e-06 1.60998e-06 1.86392e-06 1.58583e-06 1.57631e-06 1.56683e-06 1.6398e-06 1.55664e-06 1.47356e-06 1.42656e-06 1.34655e-06 1.20314e-06 1.17744e-06 1.03249e-06
threshold=-0.26197830201522682 1.5762656664502994 0.48028912017528097 0.92398093317119034 -0.90523387660112575 -0.82404083512282644 0.5904749520432222 0.85067998730001437 0.17666976754341804 0.67758690086733453 0.45833026821103912 0.79773943259412861 -0.95886925333318784 1.912529356978333 1.3770839918008735 0.81257165328588743 0.43992705171554508 -0.15616784012742543 -0.63628068676951666 -1.7073244476951366 2.4489747911018247 1.4965068203347467 1.3847314485857318 -0.099334476464512531 -0.87964850369347747 -0.77649200673307472 0.50264204616789232 -0.073239263188303358 -1.2156372650331095 -0.3872314535328954
decision_type=2 2 2 2 2 2 2 2 2 2 2 2 2 2 2 2 2 2 2 2 2 2 2 2 2 2 2 2 2 2
left_child=11 4 17 10 5 15 9 -8 -7 -6 -4 12 19 14 -14 -2 -15 18 -3 29 21 22 -13 -21 -23 -22 -27 -5 -19 -1
right_child=1 2 3 27 6 8 7 -9 -10 -11 -12 20 13 16 -16 -17 -18 28 -20 23 25 24 -24 -25 -26 26 -28 -29 -30 -31
leaf_value=-9.7712363159824348e-06 1.1599609744394376e-05 1.8484038855604012e-06 2.5632992792374834e-05 3.3300885897400769e-06 1.5089714870296012e-07 1.0962917884236298e-06 -1.232948043812849e-06 1.0664386480770687e-05 -2.7162952732282185e-06 -1.6970328064612262e-06 1.1088380017367928e-05 -2.0331369358302065e-06 -4.5565349250272686e-07 8.7588714848854226e-06 2.9397608041273742e-06 1.8519107343189191e-05 -1.8353750261356158e-06 -7.0130496882769631e-06 -6.7724089174572494e-06 -2.5340698327861826e-07 3.6510096379060999e-06 1.6257641197248964e-06 8.434248521600813e-06 -3.1049028232329373e-06 -9.1609868258619373e-06 -1.5443461473805039e-05 -2.128639217906831e-06 1.0828519154889212e-05 1.0656397438497268e-06 -3.4319110829355685e-06
leaf_weight=106 606 85 117 106 8275 1312 2756 825 1367 3584 61 2434 7316 162 681 152 76 51 239 864 20 41 38 1073 139 59 28 108 390 163
leaf_count=106 606 85 117 106 8275 1312 2756 825 1367 3584 61 2434 7316 162 681 152 76 51 239 864 20 41 38 1073 139 59 28 108 390 163
internal_value=6.67672e-16 5.95508e-07 3.27948e-06 1.326e-05 4.31003e-07 2.20234e-06 3.66983e-08 1.50799e-06 -8.49138e-07 -4.0758e-07 2.06486e-05 -9.03819e-07 -4.97825e-07 -6.33092e-09 -1.6651e-07 1.29872e-05 5.37583e-06 -1.83472e-06 -4.51078e-06 -2.33257e-06 -2.44024e-06 -2.20018e-06 -1.87223e-06 -1.83299e-06 -6.704e-06 -8.39015e-06 -1.11582e-05 7.11434e-06 1.3137e-07 -5.92994e-06
internal_weight=33234 20034 1157 392 18877 3437 15440 3581 2679 11859 178 13200 10441 8235 7997 758 238 765 324 2206 2759 2652 2472 1937 180 107 87 214 441 269
internal_count=33234 20034 1157 392 18877 3437 15440 3581 2679 11859 178 13200 10441 8235 7997 758 238 765 324 2206 2759 2652 2472 1937 180 107 87 214 441 269
is_linear=0
shrinkage=0.05


Tree=90
num_leaves=31
num_cat=0
split_feature=0 0 1 9 9 9 1 1 9 1 1 9 7 3 7 7 5 6 9 1 9 1 7 7 9 9 3 0 3 5
split_gain=6.73456e-06 3.96715e-06 3.46664e-06 3.22987e-05 1.04637e-05 4.23508e-06 4.76579e-05 8.23354e-06 2.91773e-06 1.75589e-05 3.26669e-06 1.746e-05 2.3114e-06 2.23242e-06 3.28372e-06 2.30573e-06 2.14143e-06 1.98021e-06 3.08274e-06 3.40985e-06 2.52008e-06 2.32067e-06 1.97332e-06 2.29277e-06 2.05906e-06 1.83023e-06 1.81435e-06 1.80447e-06 1.66899e-06 1.1711e-06
threshold=0.6882724096303231 -1.2603653879112391 -1.6296934542296362 -0.40899387163294221 -1.0532529453119326 0.54716566044167403 0.88034716773880806 0.75433832399361489 -0.90523387660112575 -0.66396806646538331 0.82556028870577969 0.72811823995951797 -1.3674730396845609 0.38408933636386827 2.082323960968131 0.4410425932203656 0.29609620186650115 -1.0475432330028451 1.6915229544802985 0.34770769523543693 -0.080414513968026194 0.74069354607501003 0.73697364075638661 1.0874510983439289 -1.2568457440771506 0.46786067135033277 0.33206161279188101 -2.703869839355066 -0.88419316348070998 1.8623851232258792
decision_type=2 2 2 2 2 2 2 2 2 2 2 2 2 2 2 2 2 2 2 2 2 2 2 2 2 2 2 2 2 2
left_child=1 17 3 4 -3 7 -7 -4 9 22 13 25 -11 15 -15 -10 -13 20 27 -20 21 -1 24 -24 -2 -12 -22 -19 -14 -5
right_child=8 2 5 29 -6 6 -8 -9 10 12 11 16 28 14 -16 -17 -18 18 19 -21 26 -23 23 -25 -26 -27 -28 -29 -30 -31
leaf_value=7.4405737816263945e-06 1.4930918071773124e-05 5.4575230862579079e-06 -9.7048660810291962e-08 -3.234946437894296e-06 2.2211974221298276e-05 -1.4712839910130338e-06 9.4936980197371482e-06 -2.8890192830699556e-06 1.9112228848983547e-06 -7.3818487155973429e-06 -1.3621886963071771e-06 1.5056913642045494e-05 -3.6865285562315145e-06 -1.4313690921468847e-06 1.381626847079234e-05 -8.2229714119181702e-07 7.2400251650892415e-06 -8.978097252526388e-06 -2.0769193634203329e-06 1.4194289389323736e-05 9.69457567643011e-07 -4.743236513604643e-06 3.0159785235854767e-05 1.2725164519751659e-05 6.0636559630003597e-06 4.6267996768847297e-06 -7.1151904310919113e-06 -2.5813002706160251e-06 1.7979080144215368e-06 -1.4249862517317524e-05
leaf_weight=179 152 173 11058 694 202 4753 1252 3469 2315 92 853 237 166 1843 36 1157 139 115 74 57 175 50 33 44 115 150 115 2667 844 25
leaf_count=179 152 173 11058 694 202 4753 1252 3469 2315 92 853 237 166 1843 36 1157 139 115 74 57 175 50 33 44 115 150 115 2667 844 25
internal_value=-4.48836e-15 -4.06566e-07 -1.55942e-07 2.58654e-06 1.44826e-05 -3.02069e-07 8.14837e-07 -7.63762e-07 1.24605e-06 3.28378e-06 8.08229e-07 2.97819e-06 2.05391e-07 2.49011e-07 -1.13924e-06 1.00031e-06 1.21672e-05 -1.98582e-06 -2.49277e-06 5.00292e-06 8.59555e-07 4.78035e-06 1.31453e-05 2.01971e-05 1.11117e-05 -4.66527e-07 -2.23652e-06 -2.84573e-06 8.96506e-07 -3.61794e-06
internal_weight=33234 25058 21626 1094 375 20532 6005 14527 8176 1446 6730 1379 1102 5351 1879 3472 376 3432 2913 131 519 229 344 77 267 1003 290 2782 1010 719
internal_count=33234 25058 21626 1094 375 20532 6005 14527 8176 1446 6730 1379 1102 5351 1879 3472 376 3432 2913 131 519 229 344 77 267 1003 290 2782 1010 719
is_linear=0
shrinkage=0.05


Tree=91
num_leaves=31
num_cat=0
split_feature=0 2 2 2 0 2 2 6 8 5 1 5 8 1 3 1 1 6 10 3 7 2 0 3 2 3 0 7 1 2
split_gain=6.07794e-06 4.11434e-06 4.58315e-06 4.93359e-06 3.17488e-06 2.5389e-06 3.35502e-06 2.9703e-06 2.34266e-06 3.1606e-06 2.56378e-06 2.29179e-06 2.24118e-06 2.19472e-06 2.72258e-06 2.00344e-06 1.99075e-06 3.0831e-06 2.34501e-06 1.78779e-06 2.98127e-06 1.71699e-06 1.69679e-06 1.66886e-06 2.49027e-06 1.66201e-06 1.5936e-06 1.4259e-06 1.26028e-06 1.2194e-06
threshold=0.6882724096303231 1.558679121802121 -0.44724988103169161 0.38447417734309236 -1.611566490720169 0.58754493371667471 -0.58422580673808522 0.59214788201014934 1.4706205133784904 -0.78648747568439792 0.97308576651899337 0.063754133262918539 -1.4022949377101372 1.651746809253863 -0.52255417442116747 -0.46984431920542086 -0.93870709599734081 -1.2630287320460465 -0.63432819767161785 0.66622976294727099 -1.0798939758401416 2.6410152510235889 1.4839753534942297 -0.29401863449166737 1.3544134634536154 0.74141628554031491 0.94777544457328722 0.49681888603978047 1.941169803791803 -0.64468265047902185
decision_type=2 2 2 2 2 2 2 2 2 2 2 2 2 2 2 2 2 2 2 2 2 2 2 2 2 2 2 2 2 2
left_child=1 2 8 11 -5 6 7 12 10 -10 -1 -4 -2 15 -15 27 17 -8 -18 23 22 -17 -21 24 -7 -22 -25 -3 -16 -9
right_child=5 13 3 4 -6 19 16 29 9 -11 -12 -13 -14 14 28 21 18 -19 -20 20 25 -23 -24 26 -26 -27 -28 -29 -30 -31
leaf_value=-1.3599513072101461e-06 4.9721711157538779e-06 1.2158780703373757e-06 1.9398310238525179e-06 -4.5342399572500362e-06 -3.7683899165487974e-07 8.4502830376222401e-07 1.4413604188846393e-05 3.5180790566495448e-06 3.6048955914528727e-06 -6.0906514326332689e-06 1.1402326993927262e-06 2.5232442713088315e-07 -1.5222507331750128e-06 1.8862583121517676e-05 7.6094424814114477e-06 -4.1964950657570219e-06 -2.3927283525882115e-07 3.8880491114052365e-06 2.9460035652511325e-06 -1.684413451190301e-05 -1.0388653233045868e-05 -1.3381396496154393e-05 -8.1956449662357053e-07 -1.3708903504593136e-06 -4.9876292204751389e-06 -2.9043453860657293e-07 3.5210747657688843e-06 -4.6325060400074742e-06 -8.3823936530994367e-06 -5.9401816700857232e-06
leaf_weight=6345 146 314 4218 492 6893 577 79 638 103 457 1223 3847 1474 25 22 881 782 583 2213 53 45 54 24 231 268 431 596 156 28 36
leaf_count=6345 146 314 4218 492 6893 577 79 638 103 457 1223 3847 1474 25 22 881 782 583 2213 53 45 54 24 231 268 431 596 156 28 36
internal_value=3.45674e-15 -3.86237e-07 -2.25719e-07 2.79903e-07 -6.53811e-07 1.18375e-06 1.72251e-06 2.23552e-07 -1.18682e-06 -4.30736e-06 -9.55918e-07 1.13489e-06 -9.36951e-07 -2.94346e-06 5.3902e-06 -3.38832e-06 2.66278e-06 5.14412e-06 2.11432e-06 -2.57211e-07 -2.72166e-06 -4.72696e-06 -1.18495e-05 5.57884e-07 -1.00486e-06 -1.2451e-06 2.15464e-06 -7.25288e-07 -1.34599e-06 3.01289e-06
internal_weight=33234 25058 23578 15450 7385 8176 5951 2294 8128 560 7568 8065 1620 1480 75 1405 3657 662 2995 2225 553 935 77 1672 845 476 827 470 50 674
internal_count=33234 25058 23578 15450 7385 8176 5951 2294 8128 560 7568 8065 1620 1480 75 1405 3657 662 2995 2225 553 935 77 1672 845 476 827 470 50 674
is_linear=0
shrinkage=0.05


Tree=92
num_leaves=28
num_cat=0
split_feature=2 2 1 9 9 9 1 9 2 2 9 4 1 7 9 9 1 3 7 6 10 2 8 6 4 3 2
split_gain=4.83091e-06 6.73611e-06 4.55631e-06 9.78575e-06 3.89328e-06 3.88137e-06 3.82717e-05 4.33115e-06 2.60624e-06 2.40154e-06 2.33263e-06 1.8246e-06 1.67223e-06 1.61199e-06 2.18483e-06 2.04972e-06 6.75001e-06 1.82689e-06 1.71292e-06 1.47289e-06 1.38966e-06 1.37262e-06 1.22888e-06 2.26344e-06 1.03285e-06 5.4529e-07 2.55777e-07
threshold=1.0824267418355495 -0.63073384021149381 2.0029778935504958 0.34959387575998896 0.92398093317119034 -1.2789928895554288 -0.46984431920542086 1.3319335905451339 -2.0796896755126508 2.4489747911018247 2.6708813613713525 -1.3297075195642238 2.635797658635159 -0.74866431361637886 1.6082357316682778 -0.76732555116894552 -0.96873555220810392 -0.088642001887845531 1.5781601299343819 -1.1210241866840802 1.1446890360559205 -0.47764202097353636 0.70148277471919818 -0.15752478120241906 0.9581419294910628 -0.018700708443808948 1.3286686599804163
decision_type=2 2 2 2 2 2 2 2 2 2 2 2 2 2 2 2 2 2 2 2 2 2 2 2 2 2 2
left_child=1 8 5 21 -5 6 -3 -7 11 13 12 25 -10 14 17 16 -15 -2 -17 -11 -13 -4 24 -24 -21 -1 -16
right_child=9 2 3 4 -6 7 -8 -9 10 19 -12 20 -14 15 26 18 -18 -19 -20 22 -22 -23 23 -25 -26 -27 -28
leaf_value=-8.8052014485621531e-07 -1.2088700843680213e-06 1.2897478593589142e-05 1.2370936005936528e-05 2.2008406457953842e-05 7.3419553396231808e-06 1.3628134461531452e-07 -2.1286782590872889e-06 2.7601576375213482e-06 -7.704374891163944e-07 3.3620547921080809e-06 1.3998524344869011e-05 -3.8465568589751362e-06 1.0182596509399186e-05 1.2084679285973011e-05 1.1599159020906056e-05 -9.7188226055376895e-07 -5.8749360236593726e-07 -5.505781790622139e-06 -5.8152140469485525e-06 -8.3186044039424616e-06 -1.120328249897608e-05 -1.2298565036594767e-06 -1.3285439095141002e-05 7.1473322625961643e-06 -2.0167896824811275e-05 9.1582042020285548e-06 4.1353178333499354e-06
leaf_weight=24 476 628 20 91 90 15849 1303 1746 7979 35 27 532 35 128 22 2340 587 515 198 148 73 256 23 33 21 31 24
leaf_count=24 476 628 20 91 90 15849 1303 1746 7979 35 27 532 35 128 22 2340 587 515 198 148 73 256 23 33 21 31 24
internal_value=-1.96654e-15 2.40093e-07 7.45695e-07 5.68078e-06 1.47157e-05 6.30191e-07 2.75813e-06 3.96656e-07 -9.2109e-07 -1.51359e-06 -6.73171e-07 -3.94157e-06 -7.22602e-07 -1.23079e-06 -2.94742e-06 -6.83565e-07 1.68109e-06 -3.44188e-06 -1.34973e-06 -6.17966e-06 -4.73423e-06 -2.44292e-07 -7.66392e-06 -1.2447e-06 -9.791e-06 4.77767e-06 7.70498e-06
internal_weight=33234 28684 19983 457 181 19526 1931 17595 8701 4550 8041 660 8014 4290 1037 3253 715 991 2538 260 605 276 225 56 169 55 46
internal_count=33234 28684 19983 457 181 19526 1931 17595 8701 4550 8041 660 8014 4290 1037 3253 715 991 2538 260 605 276 225 56 169 55 46
is_linear=0
shrinkage=0.05


Tree=93
num_leaves=28
num_cat=0
split_feature=0 2 2 2 1 2 1 1 8 7 10 0 2 2 3 1 7 10 4 0 4 2 3 7 3 10 6
split_gain=5.78198e-06 3.60339e-06 3.79597e-06 4.04427e-06 3.63695e-06 1.99436e-06 1.7059e-06 2.46428e-06 2.2724e-06 1.89442e-06 1.70604e-06 1.61714e-06 1.77279e-06 2.54961e-06 1.61298e-06 1.51993e-06 2.3277e-06 1.4839e-06 1.42778e-06 1.42578e-06 1.42191e-06 1.27481e-06 1.34433e-06 2.11711e-06 1.55613e-06 8.53643e-07 1.10701e-06
threshold=-0.92220409128317093 1.5950900934523753 -0.7716071576179927 0.43635794518363619 1.3743896391800379 -2.6886634606268021 1.6949677592699479 1.8279574368548379 0.53786251904509819 1.4050750488909032 0.17861219258002697 -2.703869839355066 0.79773943259412861 -0.40048119577602775 1.1700136157514136 0.66474830870518276 0.67102883101783439 -0.30378509201591786 -0.21344272595458086 2.6603794549060091 -2.0597900522921972 2.6410152510235889 0.11729312517567271 1.5185651290460083 -1.7530895156258739 0.5566323090735783 -0.30747424145800001
decision_type=2 2 2 2 2 2 2 2 2 2 2 2 2 2 2 2 2 2 2 2 2 2 2 2 2 2 2
left_child=6 2 5 4 -4 17 11 8 10 18 -8 15 13 -13 -14 16 -1 -2 -9 -5 -7 22 24 -24 -3 26 -23
right_child=1 21 3 19 -6 20 7 9 -10 -11 -12 12 14 -15 -16 -17 -18 -19 -20 -21 -22 25 23 -25 -26 -27 -28
leaf_value=-9.320833203563587e-06 1.6897119493819447e-06 -7.8106811297546963e-06 1.0802214417455427e-06 -1.7640034998662243e-07 4.1809625033276454e-06 5.260316568357947e-06 8.4330205705532873e-06 -3.9677863114553568e-06 -4.206937504704911e-06 -1.5027047011244576e-05 2.6663350475549426e-05 -2.3966624508810407e-06 -2.5529073587582596e-06 3.6417815757860719e-08 -8.4115461516519554e-06 -1.7042501049218118e-05 7.6743063455696457e-06 -1.1120745696868429e-05 4.6068924788636381e-06 9.2884175143126429e-06 -6.3860560342721399e-07 2.4906869219359414e-06 -2.5640459338299559e-06 -1.3613061447416686e-05 3.8732760099491563e-07 -1.4912421681435296e-05 -9.0930378759036438e-06
leaf_weight=66 32 63 11188 7560 1033 104 33 82 20 20 21 1907 1007 2473 133 30 29 77 119 40 5763 33 559 47 713 27 55
leaf_count=66 32 63 11188 7560 1033 104 33 82 20 20 21 1907 1007 2473 133 30 29 77 119 40 5763 33 559 47 713 27 55
internal_value=-4.16934e-15 3.07664e-07 4.46058e-07 7.79093e-07 1.34232e-06 -6.5854e-07 -1.4137e-06 2.29289e-06 1.01903e-05 -3.5149e-07 1.55226e-05 -1.6074e-06 -1.48005e-06 -1.02292e-06 -3.23642e-06 -7.23116e-06 -4.13284e-06 -7.35988e-06 1.10876e-06 -1.26586e-07 -5.3404e-07 -2.07721e-06 -1.65631e-06 -3.42098e-06 -2.78232e-07 -7.1353e-06 -4.74914e-06
internal_weight=33234 27294 25797 19821 12221 5976 5940 295 74 221 54 5645 5520 4380 1140 125 95 109 201 7600 5867 1497 1382 606 776 115 88
internal_count=33234 27294 25797 19821 12221 5976 5940 295 74 221 54 5645 5520 4380 1140 125 95 109 201 7600 5867 1497 1382 606 776 115 88
is_linear=0
shrinkage=0.05


Tree=94
num_leaves=29
num_cat=0
split_feature=0 1 9 9 9 1 9 1 1 9 1 1 0 0 9 1 1 9 1 6 1 0 10 5 9 1 9 1
split_gain=5.42269e-06 2.90833e-06 4.74129e-05 9.05852e-06 6.04322e-06 3.1303e-05 1.2677e-05 5.52587e-06 5.38219e-06 5.04486e-06 2.73247e-06 2.53838e-06 2.40153e-06 2.36838e-06 2.11044e-06 1.48736e-05 3.26318e-06 2.84084e-05 2.99074e-06 1.86381e-06 1.85809e-06 1.69459e-06 1.65081e-06 1.62983e-06 1.7729e-06 1.61521e-06 1.56403e-06 1.4453e-06
threshold=0.21861409781550675 -1.2621442677969659 -0.54172463951810179 -1.0358725994855569 0.34959387575998896 0.88034716773880806 0.76863642963887413 -1.4002953833231657 0.89459710910382439 -1.3318185810671117 -1.5190109148622852 0.39002206889779828 2.0588280894175823 -2.703869839355066 1.1088812542175031 0.65171483316376821 -1.3768329378639559 -0.50810294725573446 1.3989617073288161 -1.5327191238018696 2.4244579144533169 -1.5733908942981267 -1.8522022049216724 -0.11878878813924541 0.86575506480726616 -1.3293258329357414 1.076390714413932 -1.4002953833231657
decision_type=2 2 2 2 2 2 2 2 2 2 2 2 2 2 2 2 2 2 2 2 2 2 2 2 2 2 2 2
left_child=1 2 3 10 8 11 -7 -5 9 -3 -1 -6 14 -10 16 25 17 -2 -17 27 -18 -21 -14 24 -24 -16 -25 -4
right_child=12 4 19 7 5 6 -8 -9 13 -11 -12 -13 22 -15 15 18 20 -19 -20 21 -22 -23 23 26 -26 -27 -28 -29
leaf_value=3.995677429615565e-06 1.47278963205959e-05 2.0293637266563361e-06 -1.440627743182061e-05 2.3893324009253052e-05 -1.9750205914863951e-06 1.1004519780399848e-06 1.0879365472723417e-05 6.7605553293806678e-06 -1.9914752287645982e-05 -1.3662222348707047e-06 1.3488145145574965e-05 7.1795446472321763e-07 1.6085949888432738e-05 -3.4307557553564246e-06 -5.1963084650022796e-06 1.270954617514993e-05 5.0179176014318667e-08 -3.5674524527170787e-06 3.9046427101677981e-06 -9.1480111862167812e-06 6.8320706893299609e-06 -2.6920643289125418e-06 3.9201188098037359e-06 2.2269847440561745e-06 1.3460201133115805e-05 1.497582189993376e-07 -7.622349745902961e-06 -1.0659186955308542e-07
leaf_weight=203 338 1277 67 206 3855 540 858 61 22 7627 121 1132 26 2288 162 315 10260 570 139 111 102 1206 227 283 62 1105 47 24
leaf_count=203 338 1277 67 206 3855 540 858 61 22 7627 121 1132 26 2288 162 315 10260 570 139 111 102 1206 227 283 62 1105 47 24
internal_value=-5.47402e-15 -5.32751e-07 1.27452e-06 1.31601e-05 -7.38031e-07 4.89861e-07 7.1021e-06 1.99791e-05 -1.43717e-06 -8.79232e-07 7.5407e-06 -1.36374e-06 7.65682e-07 -3.58775e-06 6.1783e-07 2.24865e-06 3.68792e-07 3.24293e-06 1.00138e-05 -3.71437e-06 1.16938e-07 -3.23619e-06 3.7436e-06 3.22518e-06 5.96678e-06 -5.33796e-07 8.24201e-07 -1.06349e-05
internal_weight=33234 19598 1999 591 17599 6385 1398 267 11214 8904 324 4987 13636 2310 12991 1721 11270 908 454 1408 10362 1317 645 619 289 1267 330 91
internal_count=33234 19598 1999 591 17599 6385 1398 267 11214 8904 324 4987 13636 2310 12991 1721 11270 908 454 1408 10362 1317 645 619 289 1267 330 91
is_linear=0
shrinkage=0.05


Tree=95
num_leaves=27
num_cat=0
split_feature=0 2 2 4 4 2 9 9 10 9 9 2 7 9 7 5 9 8 2 2 3 2 10 7 10 8
split_gain=5.04679e-06 3.05031e-06 4.56936e-06 2.83017e-06 2.6921e-06 2.6778e-06 2.34875e-06 2.14603e-06 2.09646e-06 1.99884e-06 2.54917e-06 2.19939e-06 2.07937e-06 1.98368e-06 2.90609e-06 1.97159e-06 1.96576e-06 1.96545e-06 1.89191e-06 4.79574e-06 2.77767e-06 1.63776e-06 1.44899e-06 1.44498e-06 1.15374e-06 5.74047e-07
threshold=-0.40744065274806923 -1.1543438667099963 0.56503111599425559 0.48772167328159838 -2.0597900522921972 -0.19602358107766135 1.076390714413932 -1.6773051632437352 0.12950197638470615 -1.1251966014716288 0.78317895512096569 -1.9983378001733816 2.082323960968131 -0.95351314764218809 0.73697364075638661 1.912529356978333 -2.1175063481372369 1.496945160666511 0.33953953471837722 -0.4108769593958555 -0.57847461670024602 1.1444920388340865 0.14814320120961691 1.2163285066570835 0.18789838030458494 0.5257925291403337
decision_type=2 2 2 2 2 2 2 2 2 2 2 2 2 2 2 2 2 2 2 2 2 2 2 2 2 2
left_child=9 4 3 5 22 -3 7 -4 -8 12 18 25 15 14 -6 23 -5 -15 19 -11 -20 -13 -2 -1 -17 -12
right_child=1 2 6 16 13 -7 8 -9 -10 10 11 21 -14 17 -16 24 -18 -19 20 -21 -22 -23 -24 -25 -26 -27
leaf_value=2.705985035475703e-07 2.0451290206004895e-05 8.4320123271707888e-07 3.3250138158931231e-06 8.9465997403280079e-06 -5.5664127796717368e-07 2.581318833169677e-06 -7.0376348101719868e-08 -1.0756859144122178e-06 4.9278700647524047e-06 -2.4883012282918763e-06 -1.3089927540784484e-05 9.7587228535297789e-07 -1.1576927984909465e-05 -1.5940477010689193e-06 8.8591484285150667e-06 1.969294719349984e-05 -2.4822658455748913e-08 -7.8885986889162911e-06 -1.047987288194533e-08 7.1176011761647584e-07 -3.6239273383672557e-06 -3.1576271533561305e-06 2.9394788793137263e-06 5.5343799726086157e-06 3.1000548005977182e-06 -2.7397670573052548e-06
leaf_weight=1293 21 4484 293 62 350 4381 515 5084 354 2476 37 2131 33 2050 107 22 4022 132 731 2221 1952 270 27 145 20 21
leaf_count=1293 21 4484 293 62 350 4381 515 5084 354 2476 37 2131 33 2050 107 22 4022 132 731 2221 1952 270 27 145 20 21
internal_value=1.69419e-15 4.43791e-07 6.64662e-07 1.20044e-06 -1.13403e-06 1.70216e-06 -4.46099e-07 -8.35886e-07 1.96573e-06 -8.55448e-07 -1.11562e-06 2.78634e-07 8.36468e-07 -1.34748e-06 1.64793e-06 1.11325e-06 1.11374e-07 -1.97484e-06 -1.58019e-06 -9.75136e-07 -2.63942e-06 5.11047e-07 1.06009e-05 8.01369e-07 1.17916e-05 -9.34246e-06
internal_weight=33234 21882 19195 12949 2687 8865 6246 5377 869 11352 9839 2459 1513 2639 457 1480 4084 2182 7380 4697 2683 2401 48 1438 42 58
internal_count=33234 21882 19195 12949 2687 8865 6246 5377 869 11352 9839 2459 1513 2639 457 1480 4084 2182 7380 4697 2683 2401 48 1438 42 58
is_linear=0
shrinkage=0.05


Tree=96
num_leaves=27
num_cat=0
split_feature=0 2 2 2 5 0 7 0 0 0 6 4 4 4 8 5 10 6 6 5 5 7 2 7 3 7
split_gain=4.72433e-06 3.26191e-06 3.62485e-06 4.09166e-06 2.66368e-06 2.29251e-06 2.1325e-06 2.10191e-06 1.61524e-06 1.44696e-06 1.55553e-06 2.17633e-06 2.92185e-06 1.64494e-06 1.63736e-06 2.10178e-06 2.02217e-06 1.52797e-06 2.53577e-06 1.2565e-06 1.90963e-06 1.15484e-06 1.19778e-06 1.81532e-06 8.44834e-07 5.03965e-07
threshold=0.99478092255470496 1.558679121802121 -0.45767320284225288 0.43635794518363619 -0.17485238207449133 0.94777544457328722 -1.2277675984244005 -1.6613622337264411 0.20782044535869204 2.424259361208724 -0.020121260246875355 0.53429256570054251 -1.1742276558956086 0.65927813004663782 1.0280978895201449 1.1690038293099276 -1.5925849806897889 0.59214788201014934 0.9177295939405431 -1.2365548401297417 -0.30872828641457611 2.0119018915174336 2.4489747911018247 0.56529870985872621 2.0723755613471169 -0.1964381992696406
decision_type=2 2 2 2 2 2 2 2 2 2 2 2 2 2 2 2 2 2 2 2 2 2 2 2 2 2
left_child=1 2 6 4 -4 -5 8 -8 -1 10 11 12 -2 -13 15 -12 -16 19 -19 -11 -21 22 24 -24 -3 -20
right_child=9 21 3 5 -6 -7 7 -9 -10 17 14 13 -14 -15 16 -17 -18 18 25 20 -22 -23 23 -25 -26 -27
leaf_value=-4.5533906983696522e-06 -3.5001765105172281e-06 -1.5412189946319332e-06 1.9376735587585884e-06 -6.59933061425824e-07 2.6108405064227584e-07 7.5030619366290255e-06 -3.9509256510649765e-06 -4.7686235161965675e-07 -5.8169677843893582e-08 -3.3730222260904463e-06 2.0756896882910437e-06 -8.461771421778018e-06 2.1219360440019048e-06 -1.1355318919820129e-06 -9.380103635877554e-06 -2.7058393065633668e-06 5.8982414268123129e-06 -1.4486784283936536e-05 1.1317816305173827e-05 1.6589907240645348e-05 5.1428825165495643e-06 -1.154886534309566e-05 -2.4429590052932326e-06 -1.2258053595334634e-05 -1.1204579245911547e-05 6.0452551659419331e-07
leaf_weight=658 274 1362 4149 7564 5522 87 462 7559 287 24 1924 87 1476 642 23 261 371 24 21 54 112 34 140 71 23 23
leaf_count=658 274 1362 4149 7564 5522 87 462 7559 287 24 1924 87 1476 642 23 261 371 24 21 54 112 34 140 71 23 23
internal_value=-4.46465e-15 -2.60135e-07 -1.25556e-07 2.96856e-07 9.80365e-07 -5.67111e-07 -9.41641e-07 -6.76964e-07 -3.18818e-06 1.36615e-06 1.17984e-06 2.85496e-07 1.24167e-06 -2.00986e-06 2.03951e-06 1.50453e-06 5.00636e-06 5.01861e-06 -1.4133e-06 7.32055e-06 8.86661e-06 -2.43058e-06 -2.23633e-06 -5.74567e-06 -1.70169e-06 5.71769e-06
internal_weight=33234 27918 26288 17322 9671 7651 8966 8021 945 5316 5058 2479 1750 729 2579 2185 394 258 68 190 166 1630 1596 211 1385 44
internal_count=33234 27918 26288 17322 9671 7651 8966 8021 945 5316 5058 2479 1750 729 2579 2185 394 258 68 190 166 1630 1596 211 1385 44
is_linear=0
shrinkage=0.05


Tree=97
num_leaves=27
num_cat=0
split_feature=0 2 2 2 0 9 9 9 9 7 2 6 0 6 10 3 5 7 10 3 5 7 5 0 6 5
split_gain=4.44835e-06 2.8955e-06 3.30438e-06 3.09828e-06 2.86455e-06 2.67162e-06 2.03211e-06 1.74167e-06 2.34681e-06 2.72321e-06 2.01341e-06 1.85673e-06 2.10034e-06 1.86758e-06 1.6745e-06 1.65814e-06 1.65222e-06 1.55522e-06 1.45781e-06 1.41046e-06 1.2492e-06 1.64424e-06 1.29344e-06 1.12162e-06 1.11108e-06 8.45122e-07
threshold=-0.92220409128317093 -1.8031358028965385 0.56503111599425559 -0.57203917282325201 1.6422172030323459 -1.6773051632437352 1.7404847359607911 -1.0176531406338618 0.40263494284539825 -1.7840620691591427 -1.2568671879764659 -1.0300413468002838 -1.7963875429977501 -1.6883530059588054 2.6926093113361409 -0.97885768150460251 0.46687994769056357 -1.8916034836938127 1.5688792164188812 0.79788216898832187 -1.5066840297150055 -0.17513945017896901 1.9796494225991317 -0.66516442000887877 1.7575890517148041 -0.28851057511670852
decision_type=2 2 2 2 2 2 2 2 2 2 2 2 2 2 2 2 2 2 2 2 2 2 2 2 2 2
left_child=7 18 3 14 -5 15 -7 17 11 16 -11 13 -13 -9 -3 -4 -10 -1 19 24 21 -19 -22 -21 -2 -20
right_child=1 2 5 4 -6 6 -8 8 9 10 -12 12 -14 -15 -16 -17 -18 20 25 23 22 -23 -24 -25 -26 -27
leaf_value=1.3041708567470778e-05 -3.2547719332098697e-06 -7.8449105321259824e-08 -3.2676626090376111e-06 1.022331760547579e-06 4.2832718369589066e-06 -8.7196825300359746e-07 3.2505727158302567e-06 -3.9926484098298715e-06 -4.5713406992736197e-06 -4.6534245623206521e-06 6.4521255000334766e-07 -5.9055400883084727e-06 -2.3087338398706424e-06 2.7341645223792478e-06 -1.3309252204862787e-05 5.2812232200044032e-06 -1.9797747925622389e-05 -2.8831874616393497e-06 -1.7076643729524222e-05 -8.7465235559474894e-06 -4.3940830755012586e-07 1.4326312084449454e-05 1.0487642790784387e-05 3.5667770327651647e-06 7.0772907309691184e-06 -4.7207846349802794e-06
leaf_weight=25 717 6675 70 11090 717 7131 312 157 62 200 1731 508 2019 301 24 299 25 23 25 21 826 35 28 155 27 31
leaf_count=25 717 6675 70 11090 717 7131 312 157 62 200 1731 508 2019 301 24 299 25 23 25 21 826 35 28 155 27 31
internal_value=3.70467e-15 2.6986e-07 3.69033e-07 7.33043e-07 1.22036e-06 -4.93277e-07 -6.99157e-07 -1.23999e-06 -1.61051e-06 -2.93453e-07 9.64153e-08 -2.50091e-06 -3.0318e-06 4.28248e-07 -1.2585e-07 3.65948e-06 -8.94675e-06 7.3837e-07 -2.40438e-06 -1.92762e-06 4.01108e-07 7.50186e-06 -8.11443e-08 2.09758e-06 -2.87982e-06 -1.02368e-05
internal_weight=33234 27294 26318 18506 11807 7812 7443 5940 5003 2018 1931 2985 2527 458 6699 369 87 937 976 920 912 58 854 176 744 56
internal_count=33234 27294 26318 18506 11807 7812 7443 5940 5003 2018 1931 2985 2527 458 6699 369 87 937 976 920 912 58 854 176 744 56
is_linear=0
shrinkage=0.05


Tree=98
num_leaves=25
num_cat=0
split_feature=0 9 1 1 9 1 1 9 9 1 9 1 9 9 9 2 2 0 4 9 2 2 6 8
split_gain=4.10377e-06 3.45802e-06 5.62046e-05 1.32399e-05 3.16796e-05 1.04094e-05 5.43657e-06 2.48673e-05 8.19606e-06 4.598e-06 5.9794e-06 3.72381e-06 2.57038e-05 4.06831e-06 3.40992e-06 3.25667e-06 1.85535e-06 1.71555e-06 1.74363e-06 1.53487e-06 1.4943e-06 1.49372e-06 1.23498e-06 1.08451e-06
threshold=0.50905676736307359 -0.66836475758614466 -0.82404083512282644 0.51829341173363119 0.78317895512096569 0.88034716773880806 -1.1458071244114347 -0.93712140738179406 -1.07441377158916 -1.0004777172120101 -0.41940961533227172 -0.52703381748069023 -1.5049447700557435 -0.86335374831387401 0.95518223882792097 -1.0995214325422928 2.6410152510235889 2.2561347275526447 1.3569892788618814 1.3319335905451339 -2.0796896755126508 0.36116860699905923 0.35857174569174943 -0.078796071417743155
decision_type=2 2 2 2 2 2 2 2 2 2 2 2 2 2 2 2 2 2 2 2 2 2 2 2
left_child=1 2 6 9 15 -6 8 -8 -1 10 -3 12 -4 -13 -11 -5 17 20 19 -19 22 -22 -2 -18
right_child=16 3 11 4 5 -7 7 -9 -10 14 -12 13 -14 -15 -16 -17 23 18 -20 -21 21 -23 -24 -25
leaf_value=8.5380024175894375e-06 -6.0144071916715022e-06 3.2816773952746772e-06 1.9066811026480783e-05 -5.0489430041570922e-06 1.8089503484057278e-06 1.040015818641033e-05 1.3879224291477527e-05 -1.1010145188153468e-05 1.9233548397684889e-05 -5.969421946563866e-07 -4.2834907449956e-06 -3.1522669053706544e-06 -4.6734797497694188e-06 5.3622580774186752e-07 -2.8933338645914635e-06 -5.8446905241018253e-07 -1.8039906981357492e-05 3.8570595339155854e-06 -8.6118917461135439e-06 1.4027014194219928e-05 1.3221378617254598e-06 1.6920211650842474e-08 1.8886926870133419e-06 -2.119971013994275e-06
leaf_weight=430 145 293 159 468 544 1002 321 146 307 7148 2406 3205 403 975 2089 3212 20 318 25 42 6036 3442 75 23
leaf_count=430 145 293 159 468 544 1002 321 146 307 7148 2406 3205 403 975 2089 3212 20 318 25 42 6036 3442 75 23
internal_value=-6.66678e-15 -3.67797e-07 6.71343e-07 -7.27821e-07 1.37099e-06 7.37712e-06 1.03188e-05 6.09797e-06 1.29933e-05 -1.64675e-06 -3.46223e-06 -1.77815e-06 2.04308e-06 -2.29191e-06 -1.11628e-06 -1.15223e-06 8.3933e-07 8.83528e-07 4.15684e-06 5.04355e-06 7.53581e-07 8.48139e-07 -3.32017e-06 -9.52459e-06
internal_weight=33234 23108 5946 17162 5226 1546 1204 467 737 11936 2699 4742 562 4180 9237 3680 10126 10083 385 360 9698 9478 220 43
internal_count=33234 23108 5946 17162 5226 1546 1204 467 737 11936 2699 4742 562 4180 9237 3680 10126 10083 385 360 9698 9478 220 43
is_linear=0
shrinkage=0.05


Tree=99
num_leaves=31
num_cat=0
split_feature=9 1 1 9 1 9 9 1 1 9 9 1 1 9 1 1 9 9 8 9 1 8 9 9 9 9 3 1 7 6
split_gain=3.41553e-06 5.75213e-05 8.38817e-06 4.83856e-05 9.09696e-06 3.02794e-05 5.0726e-06 5.22031e-05 9.42054e-06 6.18606e-06 4.93615e-06 2.83033e-05 4.81207e-06 3.55105e-06 3.47445e-06 3.10919e-06 2.71493e-05 4.48979e-06 3.00935e-06 2.78335e-06 6.60006e-06 2.65181e-06 2.57019e-06 2.54949e-06 1.75893e-06 1.54036e-06 2.75759e-06 2.64503e-06 1.5153e-06 1.24663e-06
threshold=-0.98728207770997256 -0.72760309766141151 0.5904749520432222 0.79635771898260643 0.88034716773880806 1.3111965320881047 -0.50810294725573446 -1.3768329378639559 -1.0859870404315248 -0.59721305235428923 0.34959387575998896 1.5762656664502994 0.75433832399361489 0.67758690086733453 -1.5570150676988417 -0.52703381748069023 -1.6773051632437352 -1.4461994279996053 0.93575290572167391 -1.0176531406338618 -0.9822744413062382 0.047458352275830097 -1.21859066551597 1.9542472713200711 -0.43052990001950614 -1.3899426983756369 0.25843725464147277 -0.42855335377756093 -0.93599488934815478 -0.011336935506661599
decision_type=2 2 2 2 2 2 2 2 2 2 2 2 2 2 2 2 2 2 2 2 2 2 2 2 2 2 2 2 2 2
left_child=1 14 6 10 5 -5 7 9 24 -2 12 -12 -4 -10 22 16 21 -18 -9 -16 -21 -3 29 -6 -8 27 -27 -17 -24 -1
right_child=2 15 3 4 23 -7 8 18 13 -11 11 -13 -14 -15 19 25 17 -19 -20 20 -22 -23 28 -25 -26 26 -28 -29 -30 -31
leaf_value=-7.673280061141217e-08 2.166353373191681e-05 1.4860527860744496e-05 1.5083921416787855e-06 -6.9769940635514799e-06 1.0959584668900323e-05 1.5636552010389649e-05 2.4491467620969666e-06 -1.9429985618794629e-06 5.7781639417474066e-08 6.4580554217146468e-06 -2.2659052437873203e-06 1.5207349523333797e-05 -2.7388374025074069e-06 -1.6442487094545753e-06 1.2838002366469279e-05 5.5989114379767236e-06 5.1341277381018982e-06 -9.7965043715168917e-06 2.0610675525356002e-06 2.1807644108093884e-05 -1.63974328153507e-05 3.086062432601943e-05 4.7772689413250193e-07 4.2260239187208585e-06 -3.7969376053794737e-06 -2.6289895966964259e-06 1.3138430882752826e-06 -3.4717141292922878e-06 1.5791444699126652e-05 7.1485850390939149e-06
leaf_weight=123 301 45 819 342 1213 261 117 2513 8643 86 1081 295 3591 4748 858 84 68 194 577 20 26 61 20 159 3076 1118 735 1860 84 116
leaf_count=123 301 45 819 342 1213 261 117 2513 8643 86 1081 295 3591 4748 858 84 68 194 577 20 26 61 20 159 3076 1118 735 1860 84 116
internal_value=5.66255e-15 1.14927e-06 -2.23559e-07 1.17225e-06 7.92958e-06 2.81096e-06 -7.63557e-07 9.72849e-07 -1.12761e-06 1.82845e-05 -1.1343e-06 1.48018e-06 -1.95007e-06 -5.45701e-07 1.05699e-05 -1.67126e-06 2.7169e-06 -5.92138e-06 -1.19531e-06 1.21956e-05 2.1347e-07 2.40681e-05 6.28523e-06 1.01792e-05 -3.56806e-06 -2.09655e-06 -1.06505e-06 -3.07977e-06 1.28465e-05 3.43012e-06
internal_weight=33234 5412 27822 7761 1975 603 20061 3477 16584 387 5786 1376 4410 13391 1247 4165 368 262 3090 904 46 106 343 1372 3193 3797 1853 1944 104 239
internal_count=33234 5412 27822 7761 1975 603 20061 3477 16584 387 5786 1376 4410 13391 1247 4165 368 262 3090 904 46 106 343 1372 3193 3797 1853 1944 104 239
is_linear=0
shrinkage=0.05


end of trees

feature_importances:
Column_2=801
Column_1=563
Column_9=556
Column_0=492
Column_3=104
Column_7=100
Column_5=72
Column_8=62
Column_10=57
Column_4=51
Column_6=49

parameters:
[boosting: gbdt]
[objective: regression]
[metric: l2]
[tree_learner: serial]
[device_type: cpu]
[data_sample_strategy: bagging]
[data: ]
[valid: ]
[num_iterations: 100]
[learning_rate: 0.05]
[num_leaves: 31]
[num_threads: 8]
[seed: 42]
[deterministic: 0]
[force_col_wise: 0]
[force_row_wise: 0]
[histogram_pool_size: -1]
[max_depth: 5]
[min_data_in_leaf: 20]
[min_sum_hessian_in_leaf: 0.001]
[bagging_fraction: 0.8]
[pos_bagging_fraction: 1]
[neg_bagging_fraction: 1]
[bagging_freq: 0]
[bagging_seed: 400]
[bagging_by_query: 0]
[feature_fraction: 0.8]
[feature_fraction_bynode: 1]
[feature_fraction_seed: 30056]
[extra_trees: 0]
[extra_seed: 12879]
[early_stopping_round: 0]
[early_stopping_min_delta: 0]
[first_metric_only: 0]
[max_delta_step: 0]
[lambda_l1: 0]
[lambda_l2: 0]
[linear_lambda: 0]
[min_gain_to_split: 0]
[drop_rate: 0.1]
[max_drop: 50]
[skip_drop: 0.5]
[xgboost_dart_mode: 0]
[uniform_drop: 0]
[drop_seed: 17869]
[top_rate: 0.2]
[other_rate: 0.1]
[min_data_per_group: 100]
[max_cat_threshold: 32]
[cat_l2: 10]
[cat_smooth: 10]
[max_cat_to_onehot: 4]
[top_k: 20]
[monotone_constraints: ]
[monotone_constraints_method: basic]
[monotone_penalty: 0]
[feature_contri: ]
[forcedsplits_filename: ]
[refit_decay_rate: 0.9]
[cegb_tradeoff: 1]
[cegb_penalty_split: 0]
[cegb_penalty_feature_lazy: ]
[cegb_penalty_feature_coupled: ]
[path_smooth: 0]
[interaction_constraints: ]
[verbosity: 1]
[saved_feature_importance_type: 0]
[use_quantized_grad: 0]
[num_grad_quant_bins: 4]
[quant_train_renew_leaf: 0]
[stochastic_rounding: 1]
[linear_tree: 0]
[max_bin: 255]
[max_bin_by_feature: ]
[min_data_in_bin: 3]
[bin_construct_sample_cnt: 200000]
[data_random_seed: 175]
[is_enable_sparse: 1]
[enable_bundle: 1]
[use_missing: 1]
[zero_as_missing: 0]
[feature_pre_filter: 1]
[pre_partition: 0]
[two_round: 0]
[header: 0]
[label_column: ]
[weight_column: ]
[group_column: ]
[ignore_column: ]
[categorical_feature: ]
[forcedbins_filename: ]
[precise_float_parser: 0]
[parser_config_file: ]
[objective_seed: 16083]
[num_class: 1]
[is_unbalance: 0]
[scale_pos_weight: 1]
[sigmoid: 1]
[boost_from_average: 1]
[reg_sqrt: 0]
[alpha: 0.9]
[fair_c: 1]
[poisson_max_delta_step: 0.7]
[tweedie_variance_power: 1.5]
[lambdarank_truncation_level: 30]
[lambdarank_norm: 1]
[label_gain: ]
[lambdarank_position_bias_regularization: 0]
[eval_at: ]
[multi_error_top_k: 1]
[auc_mu_weights: ]
[num_machines: 1]
[local_listen_port: 12400]
[time_out: 120]
[machine_list_filename: ]
[machines: ]
[gpu_platform_id: -1]
[gpu_device_id: -1]
[gpu_device_id_list: ]
[gpu_use_dp: 0]
[num_gpu: 1]

end of parameters

pandas_categorical:null
